review,n_trials,score,classification,already_quarantined,E_no_ev,P_null_pmid,N_nulled_nct,A_agent,C_cross,V_sa,X_generic
MM_BISPECIFIC_BROAD_NMA_REVIEW,5,0.78,QUARANTINE,False,1.0,1.0,0.8,0.0,0.2,0.0,1.0
BLADDER_NMIBC_NEW_NMA_REVIEW,5,0.747,QUARANTINE,False,1.0,1.0,0.4,0.467,0.0,0.2,0.8
EPILEPSY_NEW_AEDS_REVIEW,10,0.693,MANUAL_REVIEW,True,1.0,1.0,0.1,0.333,0.1,0.0,0.9
MS_BTK_INHIB_NMA_REVIEW,4,0.663,MANUAL_REVIEW,False,1.0,1.0,0.0,0.0,0.75,0.0,0.75
GLOMERULONEPHRITIS_BIOLOGICS_REVIEW,8,0.652,MANUAL_REVIEW,True,0.875,1.0,0.25,0.333,0.625,0.0,0.375
DEPRESSION_NEW_RAPID_REVIEW,10,0.647,MANUAL_REVIEW,False,1.0,1.0,0.1,0.167,0.3,0.0,0.5
ESOPHAGEAL_PERIOP_IO_NMA_REVIEW,5,0.64,MANUAL_REVIEW,False,1.0,1.0,0.0,0.0,0.2,0.0,0.8
EPILEPSY_NEW_AGENTS_NMA_REVIEW,9,0.633,MANUAL_REVIEW,True,0.778,1.0,0.111,0.333,0.222,0.0,0.889
HEP_D_BULEVIRTIDE_NMA_REVIEW,6,0.633,MANUAL_REVIEW,False,1.0,1.0,0.0,0.0,0.0,0.0,0.833
MIS_GASTRECTOMY_NMA_REVIEW,9,0.633,MANUAL_REVIEW,False,1.0,0.889,0.222,0.0,0.0,0.0,0.778
HBV_NEW_AGENTS_NMA_REVIEW,2,0.625,MANUAL_REVIEW,False,1.0,1.0,0.0,0.0,0.5,0.0,0.5
CHRONIC_URTICARIA_BIOLOGICS_REVIEW,10,0.623,MANUAL_REVIEW,True,1.0,1.0,0.0,0.333,0.0,0.0,0.4
IBD_BIOLOGICS_REVIEW,12,0.621,MANUAL_REVIEW,False,1.0,1.0,0.0,0.0,0.75,0.0,0.333
CAR_T_LBCL_BROAD_NMA_REVIEW,9,0.617,MANUAL_REVIEW,False,0.889,1.0,0.111,0.0,0.444,0.111,0.556
CONGENITAL_ADRENAL_HYPER_NMA_REVIEW,3,0.617,MANUAL_REVIEW,False,1.0,1.0,0.0,0.0,0.0,0.0,0.667
IGAN_TARGETED_BROAD_NMA_REVIEW,4,0.617,MANUAL_REVIEW,True,1.0,1.0,0.0,0.167,1.0,0.0,0.0
PRESBYOPIA_NEW_NMA_REVIEW,3,0.617,MANUAL_REVIEW,False,1.0,1.0,0.0,0.0,0.0,0.0,0.667
BISPECIFIC_LYMPHOMA_NMA_REVIEW,6,0.608,MANUAL_REVIEW,False,0.833,1.0,0.0,0.0,0.833,0.0,0.667
ENDOMETRIOSIS_NEW_GNRH_NMA_REVIEW,8,0.6,MANUAL_REVIEW,False,1.0,0.75,0.25,0.0,0.0,0.0,0.75
HCC_LOCAL_THERAPY_NMA_REVIEW,2,0.6,MANUAL_REVIEW,False,1.0,1.0,0.0,0.0,0.0,0.0,0.5
PFIC_CHOLESTATIC_PRURITUS_NMA_REVIEW,4,0.6,MANUAL_REVIEW,False,1.0,1.0,0.0,0.0,0.0,0.0,0.5
MIS_PANCREATIC_WHIPPLE_NMA_REVIEW,5,0.59,MANUAL_REVIEW,True,1.0,1.0,0.0,0.2,0.0,0.0,0.2
PERIPHERAL_DCB_PAD_NMA_REVIEW,10,0.585,MANUAL_REVIEW,False,0.9,0.9,0.3,0.3,0.0,0.1,0.1
HEMODIALYSIS_AV_ACCESS_DCB_NMA_REVIEW,2,0.583,MANUAL_REVIEW,False,1.0,1.0,0.0,0.333,0.0,0.0,0.0
NICOTINE_CYTISINICLINE_NMA_REVIEW,3,0.583,MANUAL_REVIEW,False,1.0,1.0,0.0,0.0,0.0,0.0,0.333
PRURIGO_NODULARIS_NMA_REVIEW,4,0.575,MANUAL_REVIEW,False,0.75,1.0,0.0,0.0,0.0,0.0,1.0
DRY_EYE_NEW_NMA_REVIEW,10,0.57,MANUAL_REVIEW,False,0.8,1.0,0.0,0.0,0.0,0.0,0.8
WATCHMAN_LAAO_NMA_REVIEW,6,0.567,MANUAL_REVIEW,False,1.0,1.0,0.0,0.0,0.0,0.0,0.167
HAP_VAP_NEW_ABX_NMA_REVIEW,6,0.564,MANUAL_REVIEW,False,1.0,0.833,0.333,0.056,0.0,0.0,0.0
MDS_NEW_AGENTS_REVIEW,7,0.564,MANUAL_REVIEW,False,1.0,1.0,0.0,0.0,0.0,0.0,0.143
TOTAL_NEOADJ_RECTAL_NMA_REVIEW,8,0.562,MANUAL_REVIEW,False,1.0,1.0,0.0,0.0,0.0,0.0,0.125
GASTRIC_FRONTLINE_IO_NMA_REVIEW,5,0.56,MANUAL_REVIEW,False,0.8,0.8,0.0,0.0,0.4,0.0,1.0
AD_PEDIATRIC_BIOLOGIC_NMA_REVIEW,5,0.55,MANUAL_REVIEW,False,1.0,1.0,0.0,0.0,0.0,0.0,0.0
DCD_HEART_TRANSPLANT_NMA_REVIEW,1,0.55,MANUAL_REVIEW,False,1.0,1.0,0.0,0.0,0.0,0.0,0.0
EGPA_BIOLOGIC_NMA_REVIEW,1,0.55,MANUAL_REVIEW,False,1.0,1.0,0.0,0.0,0.0,0.0,0.0
ESD_VS_EMR_EARLY_GI_NMA_REVIEW,8,0.55,MANUAL_REVIEW,False,1.0,1.0,0.0,0.0,0.0,0.0,0.0
GERD_PCAB_NEW_NMA_REVIEW,2,0.55,MANUAL_REVIEW,False,1.0,1.0,0.0,0.0,0.0,0.0,0.0
BLADDER_UROTHEL_FRONTLINE_IO_NMA_REVIEW,7,0.543,MANUAL_REVIEW,False,0.857,0.714,0.0,0.0,0.714,0.0,0.714
BRONCHIECTASIS_BROAD_NMA_REVIEW,9,0.543,MANUAL_REVIEW,False,1.0,0.889,0.0,0.037,0.111,0.0,0.111
EOE_BIOLOGIC_NMA_REVIEW,6,0.542,MANUAL_REVIEW,False,0.833,1.0,0.0,0.0,0.167,0.0,0.333
CHOLANGIO_TARGETED_NMA_REVIEW,7,0.54,MANUAL_REVIEW,False,1.0,0.714,0.0,0.048,0.286,0.0,0.429
CML_TFR_TKI_NMA_REVIEW,10,0.54,MANUAL_REVIEW,True,0.9,1.0,0.0,0.0,0.0,0.0,0.2
ITP_NEW_AGENTS_REVIEW,9,0.539,MANUAL_REVIEW,False,0.778,0.778,0.111,0.333,0.111,0.0,0.556
MM_NDMM_QUAD_NMA_REVIEW,9,0.537,MANUAL_REVIEW,False,0.889,0.889,0.0,0.037,0.889,0.0,0.0
MM_1L_DARA_REVIEW,10,0.535,MANUAL_REVIEW,False,1.0,0.8,0.0,0.0,0.7,0.0,0.0
FCRN_AGONIST_BROAD_NMA_REVIEW,6,0.533,MANUAL_REVIEW,False,1.0,0.833,0.0,0.0,0.5,0.0,0.0
HIP_FX_DISPLACED_NMA_REVIEW,8,0.531,MANUAL_REVIEW,False,0.875,0.875,0.0,0.0,0.0,0.0,0.5
PROSTATE_PARP_HRR_BROAD_REVIEW,8,0.531,MANUAL_REVIEW,False,1.0,0.75,0.0,0.0,0.375,0.0,0.25
TB_BPaL_NEW_NMA_REVIEW,5,0.53,MANUAL_REVIEW,False,1.0,0.8,0.0,0.0,0.6,0.0,0.0
OAB_BETA3_NMA_REVIEW,5,0.523,MANUAL_REVIEW,True,0.8,1.0,0.0,0.333,0.0,0.0,0.0
SBRT_OLIGOMETS_NMA_REVIEW,9,0.522,MANUAL_REVIEW,False,1.0,0.889,0.0,0.0,0.0,0.0,0.0
TROP2_ADC_BROAD_REVIEW,10,0.52,MANUAL_REVIEW,False,0.8,1.0,0.0,0.0,0.2,0.0,0.2
ITP_NEW_THERAPY_NMA_REVIEW,8,0.519,MANUAL_REVIEW,False,0.75,0.875,0.0,0.0,0.25,0.0,0.625
HEMOPHILIA_NEW_AGENTS_NMA_REVIEW,10,0.518,MANUAL_REVIEW,False,1.0,0.6,0.0,0.033,0.7,0.0,0.3
ANTIFUNGAL_NEWER_RESISTANT_REVIEW,10,0.51,MANUAL_REVIEW,False,1.0,0.8,0.0,0.0,0.0,0.0,0.1
TRICUSPID_TEER_TMVR_NMA_REVIEW,6,0.508,MANUAL_REVIEW,False,1.0,0.833,0.0,0.0,0.0,0.0,0.0
HAE_PROPHYLAXIS_REVIEW,7,0.507,MANUAL_REVIEW,False,1.0,0.714,0.0,0.0,0.0,0.0,0.286
OBESITY_DUAL_TRIPLE_AGONIST_REVIEW,7,0.507,MANUAL_REVIEW,False,0.857,0.571,0.0,0.0,0.143,0.0,1.0
MM_BISPECIFIC_TRISPECIFIC_REVIEW,9,0.506,MANUAL_REVIEW,False,0.889,0.556,0.0,0.0,0.222,0.0,0.889
MYELOFIBROSIS_NEW_JAKI_REVIEW,10,0.505,MANUAL_REVIEW,False,0.7,0.9,0.0,0.0,0.0,0.0,0.7
JAK_RA_REVIEW,12,0.504,MANUAL_REVIEW,False,1.0,0.667,0.0,0.0,0.25,0.0,0.25
MASH_DRUGS_REVIEW,10,0.503,MANUAL_REVIEW,False,1.0,0.7,0.0,0.033,0.3,0.0,0.1
CABG_VS_PCI_LEFT_MAIN_NMA_REVIEW,8,0.502,MANUAL_REVIEW,False,0.875,0.75,0.125,0.083,0.0,0.0,0.25
HIPEC_PERITONEAL_NMA_REVIEW,7,0.5,MANUAL_REVIEW,False,0.857,0.857,0.0,0.0,0.0,0.0,0.286
MASTOCYTOSIS_NEW_NMA_REVIEW,4,0.5,MANUAL_REVIEW,False,0.75,1.0,0.0,0.0,0.0,0.0,0.25
MPOX_VACCINE_NMA_REVIEW,4,0.5,MANUAL_REVIEW,False,1.0,0.75,0.0,0.0,0.25,0.0,0.0
NEONATAL_NEC_NMA_REVIEW,4,0.5,MANUAL_REVIEW,True,0.75,1.0,0.0,0.25,0.0,0.0,0.0
PROTON_RADIOTHERAPY_NMA_REVIEW,3,0.5,MANUAL_REVIEW,False,1.0,0.667,0.0,0.0,0.0,0.0,0.333
AXSPA_BIOLOGICS_REVIEW,10,0.498,LOW_CONCERN,False,0.9,0.7,0.0,0.033,0.4,0.0,0.3
INTRAVASCULAR_LITHOTRIPSY_NMA_REVIEW,5,0.497,LOW_CONCERN,False,0.8,1.0,0.0,0.067,0.0,0.0,0.0
NEOADJUVANT_IO_BREAST_REVIEW,10,0.495,LOW_CONCERN,False,0.8,0.8,0.1,0.0,0.0,0.0,0.4
MS_S1P_BROAD_REVIEW,8,0.494,LOW_CONCERN,False,0.875,0.875,0.0,0.0,0.25,0.0,0.0
VATS_SUBLOBAR_NSCLC_NMA_REVIEW,7,0.493,LOW_CONCERN,False,0.857,0.714,0.0,0.0,0.0,0.0,0.571
SCLC_IO_REVIEW,10,0.492,LOW_CONCERN,False,0.8,0.7,0.0,0.167,0.0,0.0,0.6
CGRP_MIGRAINE_PREVENT_REVIEW,15,0.488,LOW_CONCERN,False,0.867,0.733,0.0,0.044,0.267,0.0,0.267
WEEKLY_INSULIN_BROAD_REVIEW,9,0.483,LOW_CONCERN,False,0.889,0.556,0.0,0.0,0.222,0.0,0.667
CABP_NEW_ABX_NMA_REVIEW,10,0.48,LOW_CONCERN,False,0.8,0.8,0.0,0.0,0.0,0.0,0.4
DENGUE_VACCINE_NEW_NMA_REVIEW,5,0.48,LOW_CONCERN,False,0.8,0.8,0.0,0.0,0.0,0.0,0.4
MIS_HEPATECTOMY_NMA_REVIEW,6,0.475,LOW_CONCERN,False,0.833,0.833,0.0,0.0,0.0,0.0,0.167
PFA_AF_PULSED_FIELD_REVIEW,4,0.475,LOW_CONCERN,False,0.75,1.0,0.0,0.0,0.0,0.0,0.0
DERMATOMYOSITIS_NMA_REVIEW,3,0.467,LOW_CONCERN,False,1.0,0.667,0.0,0.0,0.0,0.0,0.0
POEM_ACHALASIA_NMA_REVIEW,6,0.467,LOW_CONCERN,False,1.0,0.667,0.0,0.0,0.0,0.0,0.0
ROP_ANTI_VEGF_NMA_REVIEW,3,0.467,LOW_CONCERN,False,1.0,0.667,0.0,0.0,0.0,0.0,0.0
ANTI_PD1_GASTRIC_REVIEW,10,0.465,LOW_CONCERN,False,0.7,0.6,0.0,0.0,0.3,0.0,0.9
NORMOTHERMIC_TRANSPLANT_NMA_REVIEW,6,0.458,LOW_CONCERN,False,0.833,0.833,0.0,0.0,0.0,0.0,0.0
HYPERKALEMIA_K_BINDER_NMA_REVIEW,8,0.454,LOW_CONCERN,False,0.75,0.625,0.125,0.292,0.0,0.0,0.25
CARBAPENEM_RESISTANT_ABX_REVIEW,8,0.45,LOW_CONCERN,False,0.625,0.875,0.125,0.0,0.0,0.0,0.25
HEAD_NECK_CRT_NEW_NMA_REVIEW,8,0.45,LOW_CONCERN,False,0.75,0.75,0.0,0.0,0.0,0.0,0.375
HYPOFRAC_BREAST_RT_NMA_REVIEW,9,0.45,LOW_CONCERN,False,1.0,0.556,0.0,0.0,0.0,0.0,0.111
NSCLC_PERIOP_IO_NMA_REVIEW,10,0.45,LOW_CONCERN,False,0.7,0.7,0.0,0.0,0.5,0.0,0.4
PEDIATRIC_PSORIASIS_BIOLOGIC_NMA_REVIEW,5,0.45,LOW_CONCERN,False,1.0,0.6,0.0,0.0,0.0,0.0,0.0
SBRT_PROSTATE_LOCAL_NMA_REVIEW,7,0.45,LOW_CONCERN,False,0.714,0.857,0.0,0.0,0.143,0.0,0.143
COMPLEMENT_C5_BROAD_NMA_REVIEW,9,0.448,LOW_CONCERN,False,0.667,0.778,0.0,0.037,0.333,0.0,0.333
ARDS_PRONE_POSITIONING_REVIEW,10,0.445,LOW_CONCERN,False,0.9,0.7,0.0,0.0,0.0,0.0,0.0
BARIATRIC_RYGB_VS_SG_REVIEW,10,0.44,LOW_CONCERN,False,0.8,0.8,0.0,0.0,0.0,0.0,0.0
MELANOMA_NEOADJUVANT_REVIEW,10,0.437,LOW_CONCERN,False,0.7,0.8,0.0,0.067,0.0,0.0,0.2
GVHD_NEW_AGENTS_REVIEW,10,0.433,LOW_CONCERN,False,0.7,0.6,0.0,0.233,0.0,0.0,0.5
CART_B_CELL_LYMPHOMA_REVIEW,10,0.432,LOW_CONCERN,False,0.5,0.5,0.3,0.367,0.4,0.1,0.5
STROKE_THROMBECTOMY_LATE_NMA_REVIEW,10,0.43,LOW_CONCERN,False,0.6,0.8,0.0,0.0,0.6,0.0,0.2
DEPRESSION_PSYCHEDELIC_NMA_REVIEW,6,0.428,LOW_CONCERN,False,0.167,1.0,0.167,0.444,0.167,0.0,0.5
CMV_HCT_LETERMOVIR_NMA_REVIEW,2,0.425,LOW_CONCERN,False,1.0,0.5,0.0,0.0,0.0,0.0,0.0
NF1_MEKi_NMA_REVIEW,4,0.425,LOW_CONCERN,False,1.0,0.5,0.0,0.0,0.0,0.0,0.0
PEDIATRIC_HF_DAPA_NMA_REVIEW,2,0.425,LOW_CONCERN,False,1.0,0.5,0.0,0.0,0.0,0.0,0.0
HFpEF_DRUGS_NMA_REVIEW,10,0.42,LOW_CONCERN,False,0.7,0.7,0.1,0.0,0.4,0.0,0.0
OUD_NEW_AGENTS_NMA_REVIEW,6,0.419,LOW_CONCERN,False,0.5,0.833,0.0,0.111,0.0,0.0,0.5
LIVER_TRANSPLANT_HCV_NMA_REVIEW,3,0.417,LOW_CONCERN,False,0.667,0.667,0.333,0.0,0.0,0.0,0.0
NEUROENDOCRINE_PITUITARY_NMA_REVIEW,9,0.417,LOW_CONCERN,False,0.556,0.778,0.0,0.0,0.0,0.0,0.556
HCV_DAA_NEW_NMA_REVIEW,10,0.415,LOW_CONCERN,False,0.5,0.6,0.0,0.0,0.3,0.0,1.0
VITAMIN_C_THIAMINE_SEPSIS_REVIEW,8,0.412,LOW_CONCERN,False,0.75,0.75,0.0,0.0,0.0,0.0,0.0
CHECKPOINT_MELANOMA_1L_REVIEW,10,0.41,LOW_CONCERN,False,0.6,0.6,0.0,0.0,0.2,0.0,0.7
EOSINOPHILIC_DISEASES_BROAD_REVIEW,11,0.409,LOW_CONCERN,False,0.727,0.545,0.0,0.0,0.364,0.0,0.364
COPD_BIOLOGICS_BROAD_REVIEW,7,0.407,LOW_CONCERN,False,0.714,0.714,0.0,0.0,0.286,0.0,0.0
NPC_NASOPHARYNGEAL_IO_REVIEW,8,0.406,LOW_CONCERN,False,0.875,0.375,0.0,0.0,0.0,0.0,0.5
ANTI_PDL1_BLADDER_REVIEW,10,0.4,LOW_CONCERN,False,0.6,0.5,0.0,0.0,0.5,0.0,0.7
ADJUVANT_IO_PAN_TUMOR_REVIEW,11,0.394,LOW_CONCERN,False,0.636,0.545,0.0,0.121,0.364,0.0,0.364
LUPUS_NEW_BIOLOGICS_REVIEW,9,0.394,LOW_CONCERN,False,0.667,0.444,0.0,0.0,0.556,0.0,0.556
ICH_MIS_HEMATOMA_NMA_REVIEW,7,0.393,LOW_CONCERN,False,0.571,0.714,0.0,0.0,0.0,0.0,0.429
POSTPARTUM_HEMORRHAGE_NEW_NMA_REVIEW,4,0.388,LOW_CONCERN,False,0.75,0.5,0.0,0.0,0.25,0.0,0.25
LYMPHOMA_BISPECIFIC_CD20_REVIEW,10,0.385,LOW_CONCERN,False,0.7,0.4,0.0,0.0,0.5,0.0,0.5
HFNC_NIV_RESP_FAILURE_REVIEW,9,0.383,LOW_CONCERN,False,0.778,0.556,0.0,0.0,0.0,0.0,0.111
NSCLC_TARGETED_RARE_DRIVER_REVIEW,12,0.383,LOW_CONCERN,False,0.667,0.5,0.0,0.0,0.167,0.0,0.5
RSV_PROPHY_INFANT_BROAD_NMA_REVIEW,6,0.383,LOW_CONCERN,False,0.833,0.5,0.0,0.0,0.167,0.0,0.0
AML_TARGETED_NEW_REVIEW,10,0.382,LOW_CONCERN,False,0.6,0.5,0.2,0.167,0.4,0.0,0.1
AML_VEN_FLT3_NMA_REVIEW,8,0.379,LOW_CONCERN,False,0.5,0.625,0.125,0.167,0.5,0.0,0.125
HBV_FUNCTIONAL_CURE_REVIEW,9,0.378,LOW_CONCERN,False,0.667,0.556,0.0,0.0,0.111,0.0,0.333
HOT_FLASH_NK3R_BROAD_NMA_REVIEW,5,0.377,LOW_CONCERN,False,0.0,1.0,0.0,0.067,0.4,0.0,1.0
ANTI_TIGIT_TUMORS_REVIEW,8,0.375,LOW_CONCERN,False,0.75,0.25,0.0,0.0,0.0,0.0,0.875
MIS_COLECTOMY_VS_OPEN_NMA_REVIEW,7,0.371,LOW_CONCERN,False,0.714,0.571,0.0,0.0,0.0,0.0,0.143
CHECKPOINT_ESOPHAGEAL_SCC_REVIEW,10,0.37,LOW_CONCERN,False,0.5,0.5,0.0,0.0,0.1,0.0,0.9
POSTOP_AKI_PREVENTION_REVIEW,6,0.369,LOW_CONCERN,False,0.833,0.333,0.167,0.111,0.0,0.0,0.0
NMOSD_BIOLOGICS_REVIEW,6,0.367,LOW_CONCERN,False,0.667,0.667,0.0,0.0,0.0,0.0,0.0
HEMOPHILIA_FACTOR_PROPHYLAXIS_REVIEW,12,0.362,LOW_CONCERN,False,0.5,0.5,0.0,0.0,0.417,0.0,0.667
TXA_NONCARDIAC_SURGERY_REVIEW,5,0.357,LOW_CONCERN,False,0.6,0.6,0.0,0.067,0.0,0.0,0.2
KNEE_OA_INTRAARTICULAR_NMA_REVIEW,6,0.353,LOW_CONCERN,False,0.167,1.0,0.167,0.111,0.0,0.0,0.167
HEAD_NECK_IO_BROAD_REVIEW,10,0.35,LOW_CONCERN,False,0.6,0.4,0.0,0.0,0.0,0.0,0.7
MITRACLIP_TEER_REVIEW,6,0.35,LOW_CONCERN,False,0.667,0.5,0.0,0.0,0.5,0.0,0.0
SMA_TREATMENTS_BROAD_REVIEW,12,0.35,LOW_CONCERN,False,0.75,0.5,0.0,0.0,0.0,0.0,0.0
SEVERE_ASTHMA_BIOLOGICS_REVIEW,12,0.344,LOW_CONCERN,False,0.417,0.75,0.0,0.111,0.417,0.0,0.0
SCD_NEW_THERAPY_BROAD_NMA_REVIEW,6,0.342,LOW_CONCERN,False,0.5,0.5,0.0,0.0,0.333,0.0,0.5
ACUTE_HF_DIURESIS_NEW_REVIEW,10,0.34,LOW_CONCERN,False,0.8,0.4,0.0,0.0,0.0,0.0,0.0
DAPT_DE_ESCALATION_PCI_REVIEW,10,0.34,LOW_CONCERN,False,0.6,0.6,0.0,0.0,0.0,0.0,0.1
VT_ABLATION_NEW_NMA_REVIEW,4,0.338,LOW_CONCERN,False,0.5,0.75,0.0,0.0,0.0,0.0,0.0
CRC_TARGETED_BROAD_REVIEW,10,0.335,LOW_CONCERN,False,0.6,0.5,0.0,0.0,0.0,0.0,0.3
ACORAMIDIS_ATTR_CM_REVIEW,1,0.333,LOW_CONCERN,False,0.0,1.0,0.0,0.333,1.0,0.0,0.0
PBC_NEW_AGENTS_REVIEW,7,0.333,LOW_CONCERN,False,0.571,0.571,0.0,0.048,0.286,0.0,0.0
CHRONIC_COUGH_REFRACTORY_NMA_REVIEW,3,0.328,LOW_CONCERN,False,0.0,1.0,0.0,0.111,0.0,0.0,0.667
MYASTHENIA_GRAVIS_BIOLOGICS_REVIEW,10,0.325,LOW_CONCERN,False,0.7,0.4,0.0,0.0,0.3,0.0,0.0
NSCLC_PD1_1L_REVIEW,11,0.323,LOW_CONCERN,False,0.545,0.273,0.0,0.0,0.364,0.0,0.727
ADHD_NEW_NMA_REVIEW,6,0.317,LOW_CONCERN,False,0.0,1.0,0.0,0.0,0.0,0.0,0.667
CDK46_BREAST_CANCER_REVIEW,12,0.317,LOW_CONCERN,False,0.417,0.417,0.0,0.0,0.083,0.0,0.833
MIRVETUXIMAB_OVARIAN_REVIEW,1,0.317,LOW_CONCERN,False,0.0,1.0,0.0,0.667,0.0,0.0,0.0
OSTEOPOROSIS_BROAD_NMA_REVIEW,7,0.314,LOW_CONCERN,False,0.286,0.857,0.0,0.0,0.286,0.0,0.0
FCM_HF_REVIEW,5,0.3,LOW_CONCERN,False,0.6,0.4,0.0,0.0,0.4,0.0,0.0
RECURRENT_PERICARDITIS_NMA_REVIEW,2,0.3,LOW_CONCERN,False,1.0,0.0,0.0,0.0,0.0,0.0,0.0
T1D_CLOSED_LOOP_NMA_REVIEW,9,0.3,LOW_CONCERN,False,0.111,0.778,0.111,0.444,0.0,0.0,0.111
TT_FIELDS_BROAD_NMA_REVIEW,4,0.3,LOW_CONCERN,False,0.5,0.5,0.0,0.0,0.0,0.0,0.25
DPN_NEW_AGENTS_NMA_REVIEW,7,0.298,OK,False,0.286,0.714,0.0,0.048,0.0,0.0,0.286
BIMEKIZUMAB_PSORIASIS_REVIEW,3,0.294,OK,False,0.0,0.667,0.0,0.778,1.0,0.0,0.0
COVID19_HOSPITALIZED_TX_REVIEW,12,0.293,OK,False,0.333,0.667,0.0,0.056,0.083,0.0,0.167
SCHIZO_NEW_AGENTS_BROAD_NMA_REVIEW,6,0.292,OK,False,0.0,0.833,0.0,0.0,0.333,0.0,0.667
ANCA_VASCULITIS_NMA_REVIEW,9,0.289,OK,False,0.556,0.444,0.0,0.0,0.0,0.0,0.111
ENDOMETRIAL_IO_PARP_REVIEW,9,0.289,OK,False,0.667,0.222,0.0,0.0,0.0,0.0,0.333
DUCHENNE_GENE_THERAPY_REVIEW,11,0.288,OK,False,0.364,0.455,0.0,0.061,0.091,0.0,0.545
MS_ANTI_CD20_NMA_REVIEW,7,0.286,OK,False,0.571,0.286,0.0,0.0,0.857,0.0,0.0
ESKETAMINE_TRD_REVIEW,2,0.283,OK,False,0.0,0.5,0.0,0.333,0.5,0.0,1.0
STROKE_THROMBECTOMY_BROAD_REVIEW,11,0.282,OK,False,0.545,0.364,0.0,0.0,0.364,0.0,0.091
FGFR_INHIBITORS_SOLID_REVIEW,7,0.279,OK,False,0.571,0.143,0.0,0.0,0.286,0.0,0.571
OBESITY_NEXT_GEN_NMA_REVIEW,7,0.279,OK,False,0.0,0.857,0.0,0.0,0.143,0.0,0.571
TRIPLE_THERAPY_COPD_REVIEW,10,0.278,OK,False,0.7,0.2,0.0,0.033,0.3,0.0,0.0
BIPOLAR_DEPRESSION_NEW_NMA_REVIEW,7,0.276,OK,False,0.0,0.857,0.0,0.048,0.0,0.0,0.571
DRY_AMD_GA_BROAD_NMA_REVIEW,6,0.275,OK,False,0.0,0.833,0.0,0.0,0.667,0.0,0.333
PAH_SOTATERCEPT_BROAD_REVIEW,10,0.273,OK,False,0.6,0.3,0.0,0.133,0.1,0.0,0.0
OBESITY_ENDOSCOPIC_NMA_REVIEW,3,0.272,OK,True,0.0,1.0,0.0,0.222,0.0,0.0,0.0
PCSK9_INHIBITORS_CV_REVIEW,10,0.27,OK,False,0.5,0.3,0.0,0.0,0.3,0.0,0.3
ALS_NEW_AGENTS_NMA_REVIEW,9,0.267,OK,False,0.111,0.889,0.0,0.0,0.0,0.0,0.111
CERVICAL_CANCER_IO_BROAD_REVIEW,9,0.267,OK,False,0.556,0.222,0.0,0.0,0.0,0.0,0.444
RNA_INTERFERENCE_BROAD_NMA_REVIEW,10,0.267,OK,False,0.1,0.7,0.0,0.067,0.5,0.0,0.3
ATTR_CM_REVIEW,4,0.263,OK,False,0.0,0.5,0.25,0.75,0.5,0.0,0.0
PROSTATE_RADIOLIGAND_BROAD_REVIEW,10,0.262,OK,False,0.5,0.3,0.0,0.067,0.2,0.0,0.2
CTEPH_NMA_REVIEW,7,0.257,OK,False,0.0,0.857,0.0,0.0,0.0,0.0,0.429
COVID19_VACCINES_REVIEW,12,0.254,OK,False,0.25,0.583,0.0,0.167,0.0,0.0,0.167
ANTIPSYCHOTICS_SCHIZO_REVIEW,8,0.25,OK,False,0.0,1.0,0.0,0.0,0.0,0.0,0.0
CRYO_AF_ABLATION_NMA_REVIEW,7,0.25,OK,False,0.571,0.286,0.0,0.0,0.143,0.0,0.0
GLAUCOMA_NEW_NMA_REVIEW,7,0.25,OK,False,0.0,0.714,0.0,0.0,0.0,0.0,0.714
IPF_ANTIFIBROTICS_NMA_REVIEW,8,0.25,OK,False,0.25,0.5,0.0,0.0,0.0,0.0,0.5
MS_BTKI_REVIEW,9,0.25,OK,False,0.667,0.0,0.0,0.0,0.333,0.0,0.333
PCSK9_REVIEW,2,0.25,OK,False,0.0,1.0,0.0,0.0,0.0,0.0,0.0
SGLT2_CKD_REVIEW,3,0.25,OK,False,0.0,1.0,0.0,0.0,0.0,0.0,0.0
INSOMNIA_DORA_NMA_REVIEW,7,0.248,OK,False,0.0,0.857,0.0,0.048,0.0,0.0,0.286
HoFH_LIPID_NEW_NMA_REVIEW,10,0.245,OK,False,0.0,0.9,0.0,0.0,0.0,0.0,0.2
MYOPIA_PROGRESSION_NMA_REVIEW,8,0.244,OK,False,0.0,0.875,0.0,0.0,0.0,0.0,0.25
PROSTATE_MRI_PSMA_DIAG_NMA_REVIEW,8,0.244,OK,False,0.5,0.375,0.0,0.0,0.0,0.0,0.0
OVARIAN_PARP_REVIEW,10,0.24,OK,False,0.4,0.4,0.0,0.0,0.2,0.0,0.1
TAVR_LOW_RISK_REVIEW,5,0.24,OK,False,0.2,0.6,0.0,0.0,0.6,0.0,0.0
PNH_NEW_COMPLEMENT_REVIEW,7,0.236,OK,False,0.429,0.286,0.0,0.0,0.143,0.0,0.286
PROSTATE_AR_NEXT_GEN_REVIEW,11,0.23,OK,False,0.364,0.364,0.0,0.03,0.545,0.0,0.0
PD1_RCC_1L_REVIEW,9,0.228,OK,False,0.222,0.333,0.0,0.0,0.444,0.0,0.556
DRUG_RESISTANT_HTN_NEW_NMA_REVIEW,6,0.225,OK,False,0.0,0.833,0.0,0.0,0.0,0.0,0.167
IL_PSORIASIS_NMA_REVIEW,18,0.22,OK,False,0.0,0.444,0.0,0.426,0.333,0.0,0.5
BPH_PROCEDURAL_NMA_REVIEW,6,0.217,OK,False,0.0,0.667,0.0,0.0,0.0,0.0,0.5
PARKINSON_NEW_AGENTS_NMA_REVIEW,6,0.217,OK,False,0.0,0.667,0.0,0.0,0.0,0.0,0.5
MALARIA_ACT_REVIEW,5,0.2,OK,False,0.0,0.8,0.0,0.0,0.0,0.0,0.0
OMEGA3_HIGHDOSE_CV_REVIEW,5,0.2,OK,False,0.4,0.2,0.0,0.0,0.6,0.0,0.0
PFO_STROKE_CLOSURE_NMA_REVIEW,7,0.2,OK,False,0.429,0.286,0.0,0.0,0.0,0.0,0.0
GENICULAR_RFA_KNEE_OA_NMA_REVIEW,4,0.196,OK,False,0.0,0.75,0.0,0.083,0.0,0.0,0.0
PEDIATRIC_OBESITY_GLP1_NMA_REVIEW,4,0.188,OK,False,0.0,0.75,0.0,0.0,0.0,0.0,0.0
CFTR_CF_REVIEW,3,0.183,OK,False,0.0,0.667,0.0,0.0,0.333,0.0,0.0
PBC_PPAR_REVIEW,2,0.175,OK,False,0.0,0.5,0.0,0.0,1.0,0.0,0.0
CRSWNP_BIOLOGIC_NMA_REVIEW,8,0.163,OK,False,0.0,0.375,0.0,0.0,0.375,0.0,0.5
UC_BIOLOGICS_NMA_REVIEW,9,0.161,OK,False,0.0,0.111,0.0,0.556,0.444,0.0,0.556
ANIFROLUMAB_SLE_REVIEW,2,0.15,OK,False,0.0,0.0,0.0,0.0,1.0,0.0,1.0
AVACINCAPTAD_GA_REVIEW,2,0.15,OK,False,0.0,0.0,0.0,0.0,1.0,0.0,1.0
CAPIVASERTIB_BC_REVIEW,1,0.15,OK,False,0.0,0.0,0.0,0.0,1.0,0.0,1.0
FEZOLINETANT_VMS_REVIEW,2,0.15,OK,False,0.0,0.0,0.0,0.0,1.0,0.0,1.0
HEPATITIS_HCV_DAA_REVIEW,3,0.15,OK,False,0.0,0.0,0.0,0.0,1.0,0.0,1.0
INAVOLISIB_BC_REVIEW,1,0.15,OK,False,0.0,0.0,0.0,0.0,1.0,0.0,1.0
INCLISIRAN_REVIEW,3,0.15,OK,False,0.0,0.0,0.0,0.0,1.0,0.0,1.0
KARXT_SCZ_REVIEW,2,0.15,OK,False,0.0,0.0,0.0,0.0,1.0,0.0,1.0
LENACAPAVIR_PREP_REVIEW,2,0.15,OK,False,0.0,0.0,0.0,0.0,1.0,0.0,1.0
LIPID_HUB_REVIEW,5,0.15,OK,False,0.4,0.0,0.0,0.0,0.6,0.0,0.0
MIRIKIZUMAB_UC_REVIEW,2,0.15,OK,False,0.0,0.0,0.0,0.0,1.0,0.0,1.0
TTP_NEW_AGENTS_NMA_REVIEW,2,0.15,OK,False,0.5,0.0,0.0,0.0,0.0,0.0,0.0
CD_BIOLOGICS_NMA_REVIEW,7,0.143,OK,False,0.0,0.143,0.0,0.143,0.429,0.0,0.714
TIRZEPATIDE_T2D_REVIEW,5,0.14,OK,False,0.0,0.0,0.0,0.0,0.8,0.0,1.0
INSULIN_ICODEC_REVIEW,3,0.133,OK,False,0.0,0.0,0.0,0.0,0.667,0.0,1.0
PI3K_AKT_BC_REVIEW,3,0.133,OK,False,0.0,0.0,0.0,0.0,0.667,0.0,1.0
BEMPEDOIC_ACID_REVIEW,4,0.125,OK,False,0.0,0.5,0.0,0.0,0.0,0.0,0.0
CARDIAC_CONTRACTILITY_MOD_NMA_REVIEW,2,0.125,OK,False,0.0,0.5,0.0,0.0,0.0,0.0,0.0
CARDIAC_LBBP_CRT_NMA_REVIEW,4,0.125,OK,False,0.0,0.5,0.0,0.0,0.0,0.0,0.0
IO_CHEMO_NSCLC_1L_REVIEW,4,0.125,OK,False,0.0,0.0,0.0,0.0,1.0,0.0,0.75
MR_FUS_TREMOR_NMA_REVIEW,4,0.125,OK,False,0.0,0.5,0.0,0.0,0.0,0.0,0.0
OSA_BROAD_NEW_NMA_REVIEW,4,0.125,OK,False,0.0,0.5,0.0,0.0,0.0,0.0,0.0
CART_MM_REVIEW,2,0.117,OK,False,0.0,0.0,0.0,0.167,0.0,0.0,1.0
CDK46_MBC_REVIEW,3,0.117,OK,False,0.0,0.0,0.0,0.0,0.333,0.0,1.0
NEOADJUVANT_IO_NSCLC_REVIEW,3,0.117,OK,False,0.0,0.0,0.0,0.0,1.0,0.0,0.667
TIRZEPATIDE_OBESITY_REVIEW,3,0.117,OK,False,0.0,0.0,0.0,0.0,0.333,0.0,1.0
INCRETINS_T2D_NMA_REVIEW,17,0.115,OK,False,0.0,0.0,0.0,0.059,0.294,0.0,0.941
IL23_PSA_REVIEW,4,0.113,OK,False,0.0,0.0,0.0,0.0,0.25,0.0,1.0
SEMAGLUTIDE_OBESITY_REVIEW,4,0.113,OK,False,0.0,0.0,0.0,0.0,0.25,0.0,1.0
PARP_OVARIAN_REVIEW,3,0.111,OK,False,0.0,0.0,0.0,0.111,0.667,0.0,0.667
ADJUVANT_IO_MELANOMA_REVIEW,3,0.1,OK,False,0.0,0.0,0.0,0.0,0.667,0.0,0.667
CGRP_MIGRAINE_NMA_REVIEW,4,0.1,OK,False,0.0,0.0,0.0,0.0,1.0,0.0,0.5
ENSIFENTRINE_COPD_REVIEW,2,0.1,OK,False,0.0,0.0,0.0,0.0,0.0,0.0,1.0
KRAS_G12C_REVIEW,2,0.1,OK,False,0.0,0.0,0.0,0.0,1.0,0.0,0.5
NIRSEVIMAB_INFANT_RSV_REVIEW,3,0.1,OK,False,0.0,0.333,0.0,0.0,0.333,0.0,0.0
TARLATAMAB_SCLC_REVIEW,1,0.1,OK,False,0.0,0.0,0.0,0.0,0.0,0.0,1.0
TEPLIZUMAB_T1D_REVIEW,1,0.1,OK,False,0.0,0.0,0.0,0.0,0.0,0.0,1.0
HER2_LOW_ADC_REVIEW,4,0.092,OK,False,0.0,0.0,0.0,0.167,1.0,0.0,0.25
HIV_LA_PREP_REVIEW,4,0.088,OK,False,0.0,0.0,0.0,0.0,0.75,0.0,0.5
CGRP_MIGRAINE_REVIEW,3,0.083,OK,False,0.0,0.0,0.0,0.0,1.0,0.0,0.333
DUPILUMAB_AD_REVIEW,3,0.083,OK,False,0.0,0.0,0.0,0.0,0.333,0.0,0.667
EVT_LARGECORE_REVIEW,6,0.083,OK,False,0.0,0.167,0.0,0.0,0.833,0.0,0.0
IL23_PSORIASIS_REVIEW,3,0.083,OK,False,0.0,0.0,0.0,0.0,1.0,0.0,0.333
PARP_ARPI_MCRPC_REVIEW,3,0.083,OK,False,0.0,0.0,0.0,0.0,1.0,0.0,0.333
BTKI_CLL_NMA_REVIEW,7,0.079,OK,False,0.0,0.0,0.0,0.571,0.143,0.0,0.143
OBESITY_DRUGS_REVIEW,3,0.078,OK,False,0.0,0.0,0.0,0.111,0.667,0.0,0.333
ATOPIC_DERM_NMA_REVIEW,7,0.076,OK,False,0.0,0.0,0.0,0.048,0.571,0.0,0.429
BELIMUMAB_SLE_REVIEW,4,0.075,OK,False,0.0,0.0,0.0,0.0,0.5,0.0,0.5
RCC_1L_REVIEW,4,0.075,OK,False,0.0,0.0,0.0,0.0,1.0,0.0,0.25
ANTI_CD20_MS_REVIEW,6,0.067,OK,False,0.0,0.0,0.0,0.167,1.0,0.0,0.0
CART_DLBCL_REVIEW,3,0.067,OK,False,0.0,0.0,0.0,0.0,0.667,0.0,0.333
TDXD_HER2LOW_BC_REVIEW,2,0.067,OK,False,0.0,0.0,0.0,0.167,1.0,0.0,0.0
JAKI_RA_NMA_REVIEW,5,0.063,OK,False,0.0,0.0,0.0,0.133,0.6,0.0,0.2
SGLT2_BROAD_OUTCOMES_NMA_REVIEW,10,0.06,OK,False,0.1,0.1,0.0,0.0,0.1,0.0,0.0
PCSK9_LIPID_NMA_REVIEW,4,0.054,OK,False,0.0,0.0,0.25,0.167,0.0,0.0,0.0
ADC_HER2_LOW_REVIEW,2,0.05,OK,False,0.0,0.0,0.0,0.0,1.0,0.0,0.0
ARPI_mHSPC_REVIEW,5,0.05,OK,False,0.0,0.0,0.0,0.0,1.0,0.0,0.0
BIOLOGIC_ASTHMA_REVIEW,4,0.05,OK,False,0.0,0.0,0.0,0.0,1.0,0.0,0.0
BPAL_MDRTB_REVIEW,3,0.05,OK,False,0.0,0.0,0.0,0.0,0.333,0.0,0.333
COPD_TRIPLE_REVIEW,3,0.05,OK,False,0.0,0.0,0.0,0.0,1.0,0.0,0.0
DELANDISTROGENE_DMD_REVIEW,1,0.05,OK,False,0.0,0.0,0.0,0.0,1.0,0.0,0.0
DONANEMAB_AD_SOLO_REVIEW,1,0.05,OK,False,0.0,0.0,0.0,0.0,1.0,0.0,0.0
DUPILUMAB_COPD_REVIEW,2,0.05,OK,False,0.0,0.0,0.0,0.0,1.0,0.0,0.0
EFGARTIGIMOD_MG_REVIEW,1,0.05,OK,False,0.0,0.0,0.0,0.0,1.0,0.0,0.0
ETRASIMOD_UC_REVIEW,2,0.05,OK,False,0.0,0.0,0.0,0.0,1.0,0.0,0.0
FARICIMAB_NAMD_REVIEW,2,0.05,OK,False,0.0,0.0,0.0,0.0,1.0,0.0,0.0
HCC_1L_REVIEW,4,0.05,OK,False,0.0,0.0,0.0,0.0,0.0,0.0,0.5
HIGH_EFFICACY_MS_REVIEW,4,0.05,OK,False,0.0,0.0,0.0,0.0,1.0,0.0,0.0
IPTACOPAN_IGAN_REVIEW,1,0.05,OK,False,0.0,0.0,0.0,0.0,1.0,0.0,0.0
LU_PSMA_MCRPC_REVIEW,2,0.05,OK,False,0.0,0.0,0.0,0.0,1.0,0.0,0.0
MALARIA_VACCINE_REVIEW,3,0.05,OK,False,0.0,0.0,0.0,0.0,1.0,0.0,0.0
MALARIA_VACCINES_REVIEW,3,0.05,OK,False,0.0,0.0,0.0,0.0,1.0,0.0,0.0
MDR_TB_SHORTENED_REVIEW,3,0.05,OK,False,0.0,0.0,0.0,0.0,1.0,0.0,0.0
MDRTB_BPAL_REVIEW,3,0.05,OK,False,0.0,0.0,0.0,0.0,1.0,0.0,0.0
MITRAL_FUNCMR_REVIEW,3,0.05,OK,False,0.0,0.0,0.0,0.0,1.0,0.0,0.0
MM_1L_REVIEW,4,0.05,OK,False,0.0,0.0,0.0,0.0,1.0,0.0,0.0
PATISIRAN_POLYNEUROPATHY_REVIEW,2,0.05,OK,False,0.0,0.0,0.0,0.0,1.0,0.0,0.0
PPH_BUNDLE_REVIEW,3,0.05,OK,False,0.0,0.0,0.0,0.0,0.333,0.0,0.333
PREGNANCY_HIV_VESTED_REVIEW,1,0.05,OK,False,0.0,0.0,0.0,0.0,1.0,0.0,0.0
RESMETIROM_MASH_REVIEW,1,0.05,OK,False,0.0,0.0,0.0,0.0,1.0,0.0,0.0
RISANKIZUMAB_CD_REVIEW,3,0.05,OK,False,0.0,0.0,0.0,0.0,1.0,0.0,0.0
SOTATERCEPT_PAH_REVIEW,1,0.05,OK,False,0.0,0.0,0.0,0.0,1.0,0.0,0.0
SPARSENTAN_IGAN_REVIEW,1,0.05,OK,False,0.0,0.0,0.0,0.0,1.0,0.0,0.0
SPONDYLOARTHRITIS_REVIEW,4,0.05,OK,False,0.0,0.0,0.0,0.0,1.0,0.0,0.0
TAVR_LOWRISK_REVIEW,3,0.05,OK,False,0.0,0.0,0.0,0.0,1.0,0.0,0.0
VOCLOSPORIN_LN_REVIEW,1,0.05,OK,False,0.0,0.0,0.0,0.0,1.0,0.0,0.0
DOAC_AF_NMA_REVIEW,4,0.042,OK,False,0.0,0.0,0.0,0.167,0.5,0.0,0.0
SEVERE_ASTHMA_NMA_REVIEW,5,0.04,OK,False,0.0,0.0,0.0,0.0,0.8,0.0,0.0
TNK_VS_TPA_STROKE_REVIEW,6,0.039,OK,False,0.0,0.0,0.0,0.056,0.0,0.0,0.333
PAH_THERAPY_REVIEW,4,0.038,OK,False,0.0,0.0,0.0,0.0,0.25,0.0,0.25
PSA_BIOLOGICS_REVIEW,4,0.038,OK,False,0.0,0.0,0.0,0.0,0.25,0.0,0.25
ATTR_PN_REVIEW,3,0.033,OK,False,0.0,0.0,0.0,0.0,0.667,0.0,0.0
DOLUTEGRAVIR_ART_SSA_REVIEW,3,0.033,OK,False,0.0,0.0,0.0,0.0,0.667,0.0,0.0
GLP1_MASH_REVIEW,3,0.033,OK,False,0.0,0.0,0.0,0.0,0.667,0.0,0.0
HEMOPHILIA_GENE_THERAPY_REVIEW,3,0.033,OK,False,0.0,0.0,0.0,0.0,0.667,0.0,0.0
INCRETIN_HFpEF_REVIEW,3,0.033,OK,False,0.0,0.0,0.0,0.0,0.667,0.0,0.0
JAK_UC_REVIEW,3,0.033,OK,False,0.0,0.0,0.0,0.0,0.667,0.0,0.0
ROMOSOZUMAB_OP_REVIEW,3,0.033,OK,False,0.0,0.0,0.0,0.0,0.667,0.0,0.0
RSV_VACCINE_OLDER_REVIEW,3,0.033,OK,False,0.0,0.0,0.0,0.0,0.0,0.0,0.333
SCD_DISEASE_MOD_REVIEW,3,0.033,OK,False,0.0,0.0,0.0,0.0,0.667,0.0,0.0
VENETOCLAX_CLL_REVIEW,3,0.033,OK,False,0.0,0.0,0.0,0.0,0.0,0.0,0.333
ANTIVEGF_NAMD_NMA_REVIEW,11,0.032,OK,False,0.0,0.0,0.0,0.0,0.273,0.0,0.182
GLP1_CVOT_NMA_REVIEW,8,0.031,OK,False,0.0,0.0,0.0,0.0,0.125,0.0,0.25
CBD_SEIZURE_REVIEW,4,0.029,OK,False,0.0,0.0,0.0,0.167,0.25,0.0,0.0
TOFACITINIB_UC_REVIEW,3,0.028,OK,False,0.0,0.0,0.0,0.111,0.333,0.0,0.0
ACALABRUTINIB_CLL_REVIEW,2,0.025,OK,False,0.0,0.0,0.0,0.0,0.5,0.0,0.0
AFLIBERCEPT_HD_REVIEW,2,0.025,OK,False,0.0,0.0,0.0,0.0,0.5,0.0,0.0
ANTIAMYLOID_AD_REVIEW,4,0.025,OK,False,0.0,0.0,0.0,0.0,0.5,0.0,0.0
CAB_PREP_HIV_REVIEW,2,0.025,OK,False,0.0,0.0,0.0,0.0,0.5,0.0,0.0
COVID_ORAL_ANTIVIRALS_REVIEW,2,0.025,OK,False,0.0,0.0,0.0,0.0,0.5,0.0,0.0
DOAC_AF_REVIEW,4,0.025,OK,False,0.0,0.0,0.0,0.0,0.5,0.0,0.0
FINERENONE_REVIEW,4,0.025,OK,False,0.0,0.0,0.0,0.0,0.5,0.0,0.0
HIV_ART_FIRSTLINE_REVIEW,2,0.025,OK,False,0.0,0.0,0.0,0.0,0.5,0.0,0.0
IV_IRON_HF_REVIEW,4,0.025,OK,False,0.0,0.0,0.0,0.0,0.5,0.0,0.0
JAKI_AD_REVIEW,4,0.025,OK,False,0.0,0.0,0.0,0.0,0.5,0.0,0.0
PEGCETACOPLAN_GA_REVIEW,4,0.025,OK,False,0.0,0.0,0.0,0.0,0.5,0.0,0.0
SOTAGLIFLOZIN_HF_REVIEW,2,0.025,OK,False,0.0,0.0,0.0,0.0,0.5,0.0,0.0
VENETOCLAX_AML_REVIEW,2,0.025,OK,False,0.0,0.0,0.0,0.0,0.5,0.0,0.0
ZOLBETUXIMAB_GASTRIC_REVIEW,2,0.025,OK,False,0.0,0.0,0.0,0.0,0.5,0.0,0.0
ZURANOLONE_PPD_REVIEW,2,0.025,OK,False,0.0,0.0,0.0,0.0,0.5,0.0,0.0
ARNI_HF_REVIEW,4,0.021,OK,False,0.0,0.0,0.0,0.083,0.25,0.0,0.0
FRAGILITY_FRACTURE_REVIEW,5,0.02,OK,False,0.0,0.0,0.0,0.0,0.4,0.0,0.0
SGLT2I_HF_NMA_REVIEW,6,0.019,OK,False,0.0,0.0,0.0,0.111,0.167,0.0,0.0
ARPI_NMCRPC_REVIEW,3,0.017,OK,False,0.0,0.0,0.0,0.0,0.333,0.0,0.0
CFTR_MODULATORS_NMA_REVIEW,3,0.017,OK,False,0.0,0.0,0.0,0.0,0.333,0.0,0.0
EVT_EXTENDED_WINDOW_REVIEW,3,0.017,OK,False,0.0,0.0,0.0,0.0,0.333,0.0,0.0
HIV_PREP_INJECTABLE_REVIEW,3,0.017,OK,False,0.0,0.0,0.0,0.0,0.333,0.0,0.0
HPV_DOSE_REDUCTION_REVIEW,3,0.017,OK,False,0.0,0.0,0.0,0.0,0.333,0.0,0.0
HPV_VACCINE_SCHEDULES_REVIEW,3,0.017,OK,False,0.0,0.0,0.0,0.0,0.333,0.0,0.0
LEBRIKIZUMAB_AD_REVIEW,3,0.017,OK,False,0.0,0.0,0.0,0.0,0.333,0.0,0.0
POSTPARTUM_HEMORRHAGE_REVIEW,3,0.017,OK,False,0.0,0.0,0.0,0.0,0.333,0.0,0.0
UPADACITINIB_CD_REVIEW,3,0.017,OK,False,0.0,0.0,0.0,0.0,0.333,0.0,0.0
VITAMIN_D_FRACTURE_FALL_REVIEW,3,0.017,OK,False,0.0,0.0,0.0,0.0,0.333,0.0,0.0
GLP1_CVOT_REVIEW,10,0.015,OK,False,0.0,0.0,0.0,0.0,0.1,0.0,0.1
ANTIAMYLOID_AD_NMA_REVIEW,7,0.014,OK,False,0.0,0.0,0.0,0.0,0.286,0.0,0.0
ABLATION_AF_REVIEW,4,0.013,OK,False,0.0,0.0,0.0,0.0,0.25,0.0,0.0
HIFPH_CKD_ANEMIA_REVIEW,5,0.013,OK,False,0.0,0.0,0.0,0.133,0.0,0.0,0.0
SGLT2_MACE_CVOT_REVIEW,4,0.013,OK,False,0.0,0.0,0.0,0.0,0.25,0.0,0.0
CARDIORENAL_DKD_NMA_REVIEW,6,0.008,OK,False,0.0,0.0,0.0,0.0,0.167,0.0,0.0
HF_QUADRUPLE_NMA_REVIEW,6,0.008,OK,False,0.0,0.0,0.0,0.0,0.167,0.0,0.0
ACS_ANTIPLATELET_REVIEW,4,0.0,OK,False,0.0,0.0,0.0,0.0,0.0,0.0,0.0
ADC_HER2_ADJUVANT_REVIEW,1,0.0,OK,False,0.0,0.0,0.0,0.0,0.0,0.0,0.0
ADC_HER2_NMA_REVIEW,4,0.0,OK,False,0.0,0.0,0.0,0.0,0.0,0.0,0.0
AFICAMTEN_HCM_REVIEW,1,0.0,OK,False,0.0,0.0,0.0,0.0,0.0,0.0,0.0
AGYW_HIV_PREP_REVIEW,2,0.0,OK,False,0.0,0.0,0.0,0.0,0.0,0.0,0.0
ALDO_SYNTHASE_REVIEW,2,0.0,OK,False,0.0,0.0,0.0,0.0,0.0,0.0,0.0
ALK_NSCLC_REVIEW,4,0.0,OK,False,0.0,0.0,0.0,0.0,0.0,0.0,0.0
ALOPECIA_JAKI_REVIEW,5,0.0,OK,False,0.0,0.0,0.0,0.0,0.0,0.0,0.0
AZITHROMYCIN_CHILD_MORTALITY_REVIEW,3,0.0,OK,False,0.0,0.0,0.0,0.0,0.0,0.0,0.0
CABOTEGRAVIR_HIV_ART_REVIEW,3,0.0,OK,False,0.0,0.0,0.0,0.0,0.0,0.0,0.0
CANGRELOR_PCI_REVIEW,3,0.0,OK,False,0.0,0.0,0.0,0.0,0.0,0.0,0.0
CHOLERA_OCV_REVIEW,1,0.0,OK,False,0.0,0.0,0.0,0.0,0.0,0.0,0.0
COLCHICINE_CVD_REVIEW,5,0.0,OK,False,0.0,0.0,0.0,0.0,0.0,0.0,0.0
CRYPTOCOCCAL_MENINGITIS_AFRICA_REVIEW,3,0.0,OK,False,0.0,0.0,0.0,0.0,0.0,0.0,0.0
DIABETIC_MACULAR_EDEMA_REVIEW,3,0.0,OK,False,0.0,0.0,0.0,0.0,0.0,0.0,0.0
DIABETIC_RETINOPATHY_REVIEW,3,0.0,OK,False,0.0,0.0,0.0,0.0,0.0,0.0,0.0
DOAC_CANCER_VTE_REVIEW,4,0.0,OK,False,0.0,0.0,0.0,0.0,0.0,0.0,0.0
DOAC_VTE_NMA_REVIEW,4,0.0,OK,False,0.0,0.0,0.0,0.0,0.0,0.0,0.0
DORAVIRINE_HIV_REVIEW,3,0.0,OK,False,0.0,0.0,0.0,0.0,0.0,0.0,0.0
EBOLA_VACCINE_REVIEW,2,0.0,OK,False,0.0,0.0,0.0,0.0,0.0,0.0,0.0
ELACESTRANT_BC_REVIEW,1,0.0,OK,False,0.0,0.0,0.0,0.0,0.0,0.0,0.0
EVT_BASILAR_REVIEW,3,0.0,OK,False,0.0,0.0,0.0,0.0,0.0,0.0,0.0
FENFLURAMINE_SEIZURE_REVIEW,3,0.0,OK,False,0.0,0.0,0.0,0.0,0.0,0.0,0.0
HEPATITIS_B_TAF_TDF_REVIEW,2,0.0,OK,False,0.0,0.0,0.0,0.0,0.0,0.0,0.0
HIDRADENITIS_SUPPURATIVA_REVIEW,3,0.0,OK,False,0.0,0.0,0.0,0.0,0.0,0.0,0.0
HIV_TB_COINFECTION_ART_TIMING_REVIEW,3,0.0,OK,False,0.0,0.0,0.0,0.0,0.0,0.0,0.0
HYDROCORTISONE_SEPTIC_SHOCK_REVIEW,3,0.0,OK,False,0.0,0.0,0.0,0.0,0.0,0.0,0.0
ICU_SEDATION_REVIEW,3,0.0,OK,False,0.0,0.0,0.0,0.0,0.0,0.0,0.0
INTENSIVE_BP_REVIEW,5,0.0,OK,False,0.0,0.0,0.0,0.0,0.0,0.0,0.0
MAVACAMTEN_HCM_REVIEW,4,0.0,OK,False,0.0,0.0,0.0,0.0,0.0,0.0,0.0
MEDITERRANEAN_DIET_CV_REVIEW,3,0.0,OK,False,0.0,0.0,0.0,0.0,0.0,0.0,0.0
MENTAL_HEALTH_FRIENDSHIP_BENCH_REVIEW,1,0.0,OK,False,0.0,0.0,0.0,0.0,0.0,0.0,0.0
MHEALTH_ART_ADHERENCE_REVIEW,1,0.0,OK,False,0.0,0.0,0.0,0.0,0.0,0.0,0.0
MIGRAINE_ACUTE_REVIEW,4,0.0,OK,False,0.0,0.0,0.0,0.0,0.0,0.0,0.0
MITAPIVAT_THALASSEMIA_REVIEW,1,0.0,OK,False,0.0,0.0,0.0,0.0,0.0,0.0,0.0
OSIMERTINIB_EGFR_NSCLC_REVIEW,4,0.0,OK,False,0.0,0.0,0.0,0.0,0.0,0.0,0.0
PEDIATRIC_HIV_ART_REVIEW,3,0.0,OK,False,0.0,0.0,0.0,0.0,0.0,0.0,0.0
PHYSICAL_REHAB_OLDER_REVIEW,3,0.0,OK,False,0.0,0.0,0.0,0.0,0.0,0.0,0.0
PNEUMONIA_AMOXICILLIN_DURATION_REVIEW,1,0.0,OK,False,0.0,0.0,0.0,0.0,0.0,0.0,0.0
POLYCYTHEMIA_VERA_REVIEW,3,0.0,OK,False,0.0,0.0,0.0,0.0,0.0,0.0,0.0
POSTOP_PAIN_NEW_NMA_REVIEW,1,0.0,OK,False,0.0,0.0,0.0,0.0,0.0,0.0,0.0
PREGNANCY_IRON_FCM_REVIEW,1,0.0,OK,False,0.0,0.0,0.0,0.0,0.0,0.0,0.0
PRIMAQUINE_GAMETOCYTE_DR_REVIEW,2,0.0,OK,False,0.0,0.0,0.0,0.0,0.0,0.0,0.0
RENAL_DENERV_REVIEW,6,0.0,OK,False,0.0,0.0,0.0,0.0,0.0,0.0,0.0
RIVAROXABAN_VASC_REVIEW,4,0.0,OK,False,0.0,0.0,0.0,0.0,0.0,0.0,0.0
ROTAVIRUS_VACCINE_AFRICA_REVIEW,3,0.0,OK,False,0.0,0.0,0.0,0.0,0.0,0.0,0.0
RUSFERTIDE_PV_REVIEW,1,0.0,OK,False,0.0,0.0,0.0,0.0,0.0,0.0,0.0
SAM_SIMPLIFIED_PROTOCOL_REVIEW,1,0.0,OK,False,0.0,0.0,0.0,0.0,0.0,0.0,0.0
SCHISTOSOMIASIS_ARPRAZIQUANTEL_REVIEW,1,0.0,OK,False,0.0,0.0,0.0,0.0,0.0,0.0,0.0
SEPSIS_RESUSCITATION_REVIEW,3,0.0,OK,False,0.0,0.0,0.0,0.0,0.0,0.0,0.0
SEVERE_PEDIATRIC_FEBRILE_AFRICA_REVIEW,3,0.0,OK,False,0.0,0.0,0.0,0.0,0.0,0.0,0.0
SGLT2_HF_REVIEW,5,0.0,OK,False,0.0,0.0,0.0,0.0,0.0,0.0,0.0
TB_DRUG_SUSCEPTIBLE_4MO_REVIEW,1,0.0,OK,False,0.0,0.0,0.0,0.0,0.0,0.0,0.0
TB_PREVENTION_REVIEW,1,0.0,OK,False,0.0,0.0,0.0,0.0,0.0,0.0,0.0
TYVAC_TYPHOID_REVIEW,3,0.0,OK,False,0.0,0.0,0.0,0.0,0.0,0.0,0.0
VITILIGO_REVIEW,3,0.0,OK,False,0.0,0.0,0.0,0.0,0.0,0.0,0.0
VORASIDENIB_GLIOMA_REVIEW,1,0.0,OK,False,0.0,0.0,0.0,0.0,0.0,0.0,0.0
VUTRISIRAN_ATTR_REVIEW,1,0.0,OK,False,0.0,0.0,0.0,0.0,0.0,0.0,0.0
YELLOW_FEVER_FRACTIONAL_REVIEW,1,0.0,OK,False,0.0,0.0,0.0,0.0,0.0,0.0,0.0
