file,nct,name,our_hr,aact_param_type,aact_value,aact_lci,aact_uci,aact_method,verdict,notes
ACALABRUTINIB_CLL_REVIEW.html,NCT02475681,ELEVATE-TN,0.21,Hazard Ratio (HR),0.1,0.06,0.17,Log Rank,DEFECT,"MAGNITUDE_DIFFER(our=0.21,aact=0.10)"
ACALABRUTINIB_CLL_REVIEW.html,NCT02970318,ASCEND,0.28,Hazard Ratio (HR),0.31,0.2,0.49,Log Rank,OK,
ACORAMIDIS_ATTR_CM_REVIEW.html,NCT03860935,ATTRibute-CM,0.78,,,,,,AACT_NO_PRIMARY_RESULT,No primary-outcome analysis with numeric param_value+CI in AACT
ACS_ANTIPLATELET_NMA_REVIEW.html,NCT00391872,PLATO,0.84,,,,,,AACT_NO_PRIMARY_RESULT,No primary-outcome analysis with numeric param_value+CI in AACT
ACS_ANTIPLATELET_NMA_REVIEW.html,NCT00097591,TRITON-TIMI 38,0.81,Hazard Ratio (HR),0.82,0.726,0.927,Gehan-Wilcoxon,OK,
ACS_ANTIPLATELET_NMA_REVIEW.html,NCT01944800,ISAR-REACT 5,1.36,,,,,,AACT_NO_PRIMARY_RESULT,No primary-outcome analysis with numeric param_value+CI in AACT
ACS_ANTIPLATELET_NMA_REVIEW.html,NCT02270242,TWILIGHT,0.56,,,,,,AACT_NO_PRIMARY_RESULT,No primary-outcome analysis with numeric param_value+CI in AACT
ADC_HER2_ADJUVANT_NMA_REVIEW.html,NCT01772472,KATHERINE,0.5,Hazard Ratio (HR),0.54,0.44,0.66,Log Rank,OK,
ADC_HER2_LOW_NMA_REVIEW.html,NCT03734029,DESTINY-Breast04,0.5,Cox Proportional Hazard,0.5085,0.4012,0.6444,Log Rank,OK,
ADC_HER2_LOW_NMA_REVIEW.html,NCT04494425,DESTINY-Breast06,0.62,Hazard Ratio (HR),0.62,0.52,0.75,Log Rank,OK,
ADC_HER2_NMA_REVIEW.html,NCT03529110,DESTINY-Breast03,0.33,,,,,,AACT_NO_PRIMARY_RESULT,No primary-outcome analysis with numeric param_value+CI in AACT
ADC_HER2_NMA_REVIEW.html,NCT00829166,EMILIA,0.65,Hazard Ratio (HR),0.65,0.549,0.771,Log Rank,OK,
ADC_HER2_NMA_REVIEW.html,NCT01419197,TH3RESA,0.528,Hazard Ratio (HR),0.528,0.422,0.661,Log Rank,OK,
ADC_HER2_NMA_REVIEW.html,NCT03523585,DESTINY-Breast02,0.36,Hazard Ratio (HR),0.3589,0.284,0.4535,Log Rank,OK,
ADJUVANT_IO_MELANOMA_REVIEW.html,NCT02362594,KEYNOTE-054,0.57,Hazard Ratio (HR),0.57,0.43,0.74,"Regression, Cox",OK,
ADJUVANT_IO_MELANOMA_REVIEW.html,NCT02388906,CheckMate-238,0.65,Hazard Ratio (HR),0.71,0.6,0.86,Log Rank,OK,
ADJUVANT_IO_MELANOMA_REVIEW.html,NCT01682083,COMBI-AD,0.47,"Hazard Ratio, log",0.47,0.39,0.58,Log Rank,OK,
AFICAMTEN_HCM_REVIEW.html,NCT05186818,SEQUOIA-HCM,2.06,Mean Difference (Final Values),1.74,1.04,2.44,ANCOVA,OK,
AGYW_HIV_PREP_NMA_REVIEW.html,NCT02732730,"HPTN 082 (oral PrEP, AGYW)",1.88,,,,,,AACT_NO_PRIMARY_RESULT,No primary-outcome analysis with numeric param_value+CI in AACT
AGYW_HIV_PREP_NMA_REVIEW.html,NCT01386294,FACTS-001 (vaginal tenofovir g,0.98,,,,,,AACT_NO_PRIMARY_RESULT,No primary-outcome analysis with numeric param_value+CI in AACT
ALK_NSCLC_NMA_REVIEW.html,NCT02075840,ALEX,0.47,"Hazard Ratio, stratified",0.47,0.34,0.65,Log Rank,OK,
ALK_NSCLC_NMA_REVIEW.html,NCT02737501,ALTA-1L,0.49,Hazard Ratio (HR),0.481,0.35,0.66,Log Rank,OK,
ALK_NSCLC_NMA_REVIEW.html,NCT03052608,CROWN,0.28,Hazard Ratio (HR),0.28,0.191,0.413,one-sided stratified log-rank,OK,
ALK_NSCLC_NMA_REVIEW.html,NCT02767804,eXalt3,0.51,,,,,,AACT_NO_PRIMARY_RESULT,No primary-outcome analysis with numeric param_value+CI in AACT
ALOPECIA_JAKI_NMA_REVIEW.html,NCT03570749,BRAVE-AA1,7.6,Odds Ratio (OR),5.75,2.75,12.02,"Regression, Logistic",OK,
ALOPECIA_JAKI_NMA_REVIEW.html,NCT03899259,BRAVE-AA2,10.66,Odds Ratio (OR),7.86,2.79,22.17,"Regression, Logistic",OK,
ALOPECIA_JAKI_NMA_REVIEW.html,NCT03732807,ALLEGRO-2b/3,35.27,Estimate of difference,29.11,21.17,37.91,Miettinen and Nurminen method,OK,
ALOPECIA_JAKI_NMA_REVIEW.html,NCT04518995,THRIVE-AA1,45.83,Risk Difference (RD),0.28,0.23,0.33,Mantel Haenszel,OK,
ALOPECIA_JAKI_NMA_REVIEW.html,NCT04797650,THRIVE-AA2,36.86,Risk Difference (RD),0.31,0.25,0.37,Mantel Haenszel,OK,
ANIFROLUMAB_SLE_REVIEW.html,NCT02446912,TULIP-1,1.55,Mean Difference (Final Values),-4.2,-14.2,5.8,Cochran-Mantel-Haenszel,DEFECT,"SIGN_DIFFER(our=1.55,aact=-4.2)"
ANIFROLUMAB_SLE_REVIEW.html,NCT02446899,TULIP-2,1.99,Mean Difference (Final Values),16.3,6.3,26.3,Cochran-Mantel-Haenszel,OK,
ANTI_CD20_MS_NMA_REVIEW.html,NCT01247324,OPERA I,0.54,Rate Ratio,0.536,0.4,0.719,Negative Binomial Model,OK,
ANTI_CD20_MS_NMA_REVIEW.html,NCT01412333,OPERA II,0.53,Rate Ratio,0.532,0.397,0.714,Negative Binomial Model,OK,
ANTI_CD20_MS_NMA_REVIEW.html,NCT02792218,ASCLEPIOS I,0.49,rate ratio,0.495,0.375,0.655,negative binomial regression model,OK,
ANTI_CD20_MS_NMA_REVIEW.html,NCT02792231,ASCLEPIOS II,0.51,rate ratio,0.416,0.309,0.56,negative binomial regression model,OK,
ANTI_CD20_MS_NMA_REVIEW.html,NCT03277261,ULTIMATE I,0.41,Rate Ratio (Ublituximab/Teriflunomide),0.406,0.268,0.615,Negative Binomial Model,OK,
ANTI_CD20_MS_NMA_REVIEW.html,NCT03277248,ULTIMATE II,0.41,Rate Ratio (Ublituximab / Teriflunomide),0.509,0.33,0.784,Negative Binomial Model,OK,
ANTIAMYLOID_AD_NMA_REVIEW.html,NCT03887455,Clarity AD,-0.45,,,,,,AACT_NO_PRIMARY_RESULT,No primary-outcome analysis with numeric param_value+CI in AACT
ANTIAMYLOID_AD_NMA_REVIEW.html,NCT04437511,TRAILBLAZER-ALZ 2,-0.7,LS Mean change difference (Final Values),2.92,1.508,4.331,Mixed Models Analysis,DEFECT,"SIGN_DIFFER(our=-0.7,aact=2.92)"
ANTIAMYLOID_AD_NMA_REVIEW.html,NCT02477800,EMERGE,-0.39,Difference from Placebo,0.11,-0.469,0.403,MMRM Model,DEFECT,"SIGN_DIFFER(our=-0.39,aact=0.11)"
ANTIAMYLOID_AD_NMA_REVIEW.html,NCT02484547,ENGAGE,0.03,Difference,-0.26,-0.569,0.041,MMRM,OK,
ANTIAMYLOID_AD_NMA_REVIEW.html,NCT03444870,GRADUATE I,-0.31,Difference in adjusted mean,-0.31,-0.66,0.05,ANCOVA,OK,
ANTIAMYLOID_AD_NMA_REVIEW.html,NCT03443973,GRADUATE II,-0.19,Difference in Adjusted mean,-0.19,-0.55,0.17,ANCOVA,OK,
ANTIAMYLOID_AD_NMA_REVIEW.html,NCT01900665,EXPEDITION 3,-0.1,Mean Difference (Final Values),-0.8,-1.73,0.14,Mixed Models Analysis,OK,
ANTIAMYLOID_AD_REVIEW.html,NCT02484547,ENGAGE,1.03,Difference,-0.26,-0.569,0.041,MMRM,DEFECT,"SIGN_DIFFER(our=1.03,aact=-0.26)"
ANTIVEGF_NAMD_NMA_REVIEW.html,NCT00509795,VIEW-1,0.5,Risk Difference (RD),-0.7,-4.4,3.1,,DEFECT,"SIGN_DIFFER(our=0.5,aact=-0.7)"
ANTIVEGF_NAMD_NMA_REVIEW.html,NCT00637377,VIEW-2,0.6,Risk Difference (RD),-1.2,-4.86,2.46,,DEFECT,"SIGN_DIFFER(our=0.6,aact=-1.2)"
ANTIVEGF_NAMD_NMA_REVIEW.html,NCT03823287,TENAYA,0.7,Adjusted mean difference,0.7,-1.1,2.5,,OK,
ANTIVEGF_NAMD_NMA_REVIEW.html,NCT03823300,LUCERNE,0.5,Adjusted mean difference,0.0,-1.7,1.8,,OK,
ANTIVEGF_NAMD_NMA_REVIEW.html,NCT04423718,PULSAR,1.0,Difference in LS means,-0.97,-2.87,0.92,Mixed Models Analysis,DEFECT,"SIGN_DIFFER(our=1.0,aact=-0.97)"
ANTIVEGF_NAMD_NMA_REVIEW.html,NCT02307682,HAWK,-0.2,Least Squares Mean Difference,-0.6,-2.5,1.3,ANOVA,OK,
ANTIVEGF_NAMD_NMA_REVIEW.html,NCT02434328,HARRIER,0.7,Least Squares Mean Difference,-0.7,-2.4,1.0,ANOVA,DEFECT,"SIGN_DIFFER(our=0.7,aact=-0.7)"
ANTIVEGF_NAMD_NMA_REVIEW.html,NCT00593450,CATT,-0.5,Mean Difference (Net),-0.5,-3.9,2.9,ANOVA,OK,
ANTIVEGF_NAMD_NMA_REVIEW.html,NCT00056836,MARINA,17.6,,,,,,AACT_NO_PRIMARY_RESULT,No primary-outcome analysis with numeric param_value+CI in AACT
ANTIVEGF_NAMD_NMA_REVIEW.html,NCT00061594,ANCHOR,20.8,,,,,,AACT_NO_PRIMARY_RESULT,No primary-outcome analysis with numeric param_value+CI in AACT
ARPI_mHSPC_REVIEW.html,NCT02677896,ARCHES,0.66,Cox hazard ratio,0.39,0.3,0.5,Log Rank,OK,
ARPI_mHSPC_REVIEW.html,NCT02446405,ENZAMET,0.67,,,,,,AACT_NO_PRIMARY_RESULT,No primary-outcome analysis with numeric param_value+CI in AACT
ARPI_mHSPC_REVIEW.html,NCT02489318,TITAN,0.65,Hazard Ratio (HR),0.484,0.391,0.6,Log Rank,OK,
ARPI_mHSPC_REVIEW.html,NCT02799602,ARASENS,0.68,Hazard Ratio (HR),0.675,0.568,0.801,Log Rank,OK,
ARPI_mHSPC_REVIEW.html,NCT01715285,LATITUDE,0.66,Hazard Ratio (HR),0.466,0.394,0.55,Log Rank,OK,
ARPI_NMCRPC_REVIEW.html,NCT01946204,SPARTAN,0.28,Hazard Ratio (HR),0.28,0.227,0.346,Log Rank,OK,
ARPI_NMCRPC_REVIEW.html,NCT02003924,PROSPER,0.29,Hazard Ratio (HR),0.292,0.241,0.352,Log Rank,OK,
ARPI_NMCRPC_REVIEW.html,NCT02200614,ARAMIS,0.41,Hazard Ratio (HR),0.413,0.341,0.5,Log Rank,OK,
ATOPIC_DERM_NMA_REVIEW.html,NCT02277743,SOLO-1-Dupi,6.4,difference in percentages,27.7,20.18,35.17,Cochran-Mantel-Haenszel,OK,
ATOPIC_DERM_NMA_REVIEW.html,NCT03131648,ECZTRA-1,2.28,Risk Difference (RD),8.6,4.1,13.1,Cochran-Mantel-Haenszel,OK,
ATOPIC_DERM_NMA_REVIEW.html,NCT04146363,ADvocate1,7.4,Risk Difference (RD),29.7,21.6,37.8,Cochran-Mantel-Haenszel,OK,
ATOPIC_DERM_NMA_REVIEW.html,NCT03985943,ARCADIA-1,3.45,Strata-adjusted percentage difference,11.5,4.7,18.3,Cochran-Mantel-Haenszel,OK,
ATOPIC_DERM_NMA_REVIEW.html,NCT03349060,JADE-MONO-1,13.94,Difference in Percentage,15.8,6.8,24.8,Cochran-Mantel-Haenszel,OK,
ATOPIC_DERM_NMA_REVIEW.html,NCT03569293,MeasureUp-1,11.74,Adjusted Response Rate Difference,63.4,57.1,69.8,Cochran-Mantel-Haenszel,OK,
ATOPIC_DERM_NMA_REVIEW.html,NCT03334396,BREEZE-AD1,3.34,Odds Ratio (OR),2.61,1.17,5.84,"Regression, Logistic",OK,
ATTR_CM_NMA_REVIEW.html,NCT01994889,ATTR-ACT,0.7,,,,,,AACT_NO_PRIMARY_RESULT,No primary-outcome analysis with numeric param_value+CI in AACT
ATTR_CM_NMA_REVIEW.html,NCT04153149,HELIOS-B,0.71,Hazard Ratio (HR),0.718,0.555,0.929,Modified Andersen-Gill Model,OK,
ATTR_CM_NMA_REVIEW.html,NCT03860935,ATTRibute-CM,0.81,,,,,,AACT_NO_PRIMARY_RESULT,No primary-outcome analysis with numeric param_value+CI in AACT
ATTR_PN_NMA_REVIEW.html,NCT01960348,APOLLO,-34.0,Least Squares Mean Difference,-33.99,-39.86,-28.13,Mixed-effect Model Repeated Measures,OK,
ATTR_PN_NMA_REVIEW.html,NCT03759379,HELIOS-A,-17.0,LS Mean Difference,-17.0,-21.78,-12.22,ANCOVA with Multiple Imputation,OK,
ATTR_PN_NMA_REVIEW.html,NCT04136184,NEURO-TTRansform,-14.83,Difference in LS Mean,-24.7593,-30.9552,-18.5635,MMRM,OK,
AZITHROMYCIN_CHILD_MORTALITY_REVIEW.html,NCT02047981,MORDOR-I,0.86,,,,,,AACT_NO_PRIMARY_RESULT,No primary-outcome analysis with numeric param_value+CI in AACT
AZITHROMYCIN_CHILD_MORTALITY_REVIEW.html,NCT02048007,MORDOR-II,0.87,,,,,,AACT_NO_PRIMARY_RESULT,No primary-outcome analysis with numeric param_value+CI in AACT
AZITHROMYCIN_CHILD_MORTALITY_REVIEW.html,NCT04224987,AVENIR,0.86,,,,,,AACT_NO_PRIMARY_RESULT,No primary-outcome analysis with numeric param_value+CI in AACT
BELIMUMAB_SLE_REVIEW.html,NCT00424476,BLISS-52,1.32,Odds Ratio (OR),1.83,1.3,2.59,"Regression, Logistic",OK,
BELIMUMAB_SLE_REVIEW.html,NCT00410384,BLISS-76,1.28,Odds Ratio (OR),1.54,1.08,2.19,"Regression, Logistic",OK,
BELIMUMAB_SLE_REVIEW.html,NCT01484496,BLISS-SC,1.27,Odds Ratio (OR),1.68,1.25,2.25,"Regression, Logistic",OK,
BELIMUMAB_SLE_REVIEW.html,NCT01639339,BLISS-LN,1.34,Odds Ratio (OR),1.55,1.04,2.32,"Regression, Logistic",OK,
BIMEKIZUMAB_PSORIASIS_REVIEW.html,NCT03370133,BE-VIVID,17.62,Odds Ratio (OR),99.869,34.02,293.175,Cochran-Mantel-Haenszel,DEFECT,"MAGNITUDE_DIFFER(our=17.62,aact=99.87)"
BIMEKIZUMAB_PSORIASIS_REVIEW.html,NCT03410992,BE-READY,67.27,Odds Ratio (OR),496.318,82.798,2975.086,Cochran-Mantel-Haenszel,DEFECT,"MAGNITUDE_DIFFER(our=67.27,aact=496.32)"
BIMEKIZUMAB_PSORIASIS_REVIEW.html,NCT03412747,BE-SURE,1.83,Risk Difference (RD),39.3,30.9,47.7,,OK,
BIOLOGIC_ASTHMA_REVIEW.html,NCT01691521,MENSA,0.53,Rate Ratio,0.53,0.4,0.72,Negative binomial model,OK,
BIOLOGIC_ASTHMA_REVIEW.html,NCT01914757,CALIMA,0.72,Rate Ratio,0.64,0.49,0.85,Negative Binomial,OK,
BIOLOGIC_ASTHMA_REVIEW.html,NCT02414854,QUEST,0.52,Relative risk,0.54,0.43,0.68,Negative binomial regression model,OK,
BIOLOGIC_ASTHMA_REVIEW.html,NCT03347279,NAVIGATOR,0.44,Rate Ratio,0.44,0.37,0.53,Negative Binomial,OK,
BPAL_MDRTB_REVIEW.html,NCT02589782,TB-PRACTECAL,1.68,,,,,,AACT_NO_PRIMARY_RESULT,No primary-outcome analysis with numeric param_value+CI in AACT
BPAL_MDRTB_REVIEW.html,NCT02409290,STREAM-2,1.17,,,,,,AACT_NO_PRIMARY_RESULT,No primary-outcome analysis with numeric param_value+CI in AACT
BPAL_MDRTB_REVIEW.html,NCT02754765,endTB-MDR,1.1,,,,,,AACT_NO_PRIMARY_RESULT,No primary-outcome analysis with numeric param_value+CI in AACT
BTKI_CLL_NMA_REVIEW.html,NCT02475681,ELEVATE-TN,0.21,Hazard Ratio (HR),0.1,0.06,0.17,Log Rank,DEFECT,"MAGNITUDE_DIFFER(our=0.21,aact=0.10)"
BTKI_CLL_NMA_REVIEW.html,NCT02477696,ELEVATE-RR,1.0,Hazard Ratio (HR),1.0,0.79,1.27,,OK,
BTKI_CLL_NMA_REVIEW.html,NCT03734016,ALPINE,0.65,Response ratio,1.12,1.04,1.22,Stratified Wald test,DEFECT,"SIGN_DIFFER(our=0.65,aact=1.12)"
BTKI_CLL_NMA_REVIEW.html,NCT01722487,RESONATE-2,0.146,Hazard Ratio (HR),0.16,0.09,0.28,Log Rank,OK,
BTKI_CLL_NMA_REVIEW.html,NCT03336333,SEQUOIA,0.42,Hazard Ratio (HR),0.42,0.28,0.63,Log Rank,OK,
BTKI_CLL_NMA_REVIEW.html,NCT01578707,RESONATE,0.135,,,,,,AACT_NO_PRIMARY_RESULT,No primary-outcome analysis with numeric param_value+CI in AACT
BTKI_CLL_NMA_REVIEW.html,NCT02970318,ASCEND,0.28,Hazard Ratio (HR),0.31,0.2,0.49,Log Rank,OK,
CAB_PREP_HIV_REVIEW.html,NCT02720094,HPTN 083,0.34,A bias-adjusted hazard ratio,0.34,0.18,0.62,"Regression, Cox",OK,
CAB_PREP_HIV_REVIEW.html,NCT03164564,HPTN 084,0.12,,,,,,AACT_NO_PRIMARY_RESULT,No primary-outcome analysis with numeric param_value+CI in AACT
CABOTEGRAVIR_HIV_ART_REVIEW.html,NCT02951052,ATLAS,1.67,Adjusted difference in proportion,0.6,-1.2,2.5,,DEFECT,"SIGN_DIFFER(our=1.67,aact=0.6);MAGNITUDE_DIFFER(our=1.67,aact=0.60)"
CABOTEGRAVIR_HIV_ART_REVIEW.html,NCT02938520,FLAIR,0.86,Adjusted difference in proportion,-0.4,-2.8,2.1,,OK,
CABOTEGRAVIR_HIV_ART_REVIEW.html,NCT03299049,ATLAS-2M,1.8,Adjusted difference,0.8,-0.6,2.2,,OK,
CANGRELOR_PCI_REVIEW.html,NCT00305162,CHAMPION-PCI,1.05,,,,,,AACT_NO_PRIMARY_RESULT,No primary-outcome analysis with numeric param_value+CI in AACT
CANGRELOR_PCI_REVIEW.html,NCT00385138,CHAMPION-PLATFORM,0.87,,,,,,AACT_NO_PRIMARY_RESULT,No primary-outcome analysis with numeric param_value+CI in AACT
CANGRELOR_PCI_REVIEW.html,NCT01156571,CHAMPION-PHOENIX,0.78,,,,,,AACT_NO_PRIMARY_RESULT,No primary-outcome analysis with numeric param_value+CI in AACT
CAPIVASERTIB_BC_REVIEW.html,NCT04305496,CAPItello-291,0.6,Hazard Ratio (HR),0.6,0.51,0.71,Stratified log rank test,OK,
CARDIORENAL_DKD_NMA_REVIEW.html,NCT02540993,FIDELIO-DKD,0.82,Hazard Ratio (HR),0.825,0.732,0.928,Log Rank,OK,
CARDIORENAL_DKD_NMA_REVIEW.html,NCT02545049,FIGARO-DKD,0.87,Hazard Ratio (HR),0.87,0.76,0.98,Log Rank,OK,
CARDIORENAL_DKD_NMA_REVIEW.html,NCT02065791,CREDENCE,0.7,Hazard Ratio (HR),0.7,0.59,0.82,Cox Proportional Hazard,OK,
CARDIORENAL_DKD_NMA_REVIEW.html,NCT03036150,DAPA-CKD,0.61,Hazard Ratio (HR),0.61,0.51,0.72,"Regression, Cox",OK,
CARDIORENAL_DKD_NMA_REVIEW.html,NCT03594110,EMPA-KIDNEY,0.72,Hazard Ratio (HR),0.72,0.59,0.89,"Regression, Cox",OK,
CARDIORENAL_DKD_NMA_REVIEW.html,NCT03819153,FLOW,0.76,Hazard Ratio (HR),0.76,0.66,0.88,"Regression, Cox",OK,
CART_DLBCL_REVIEW.html,NCT03391466,ZUMA-7,0.4,Hazard Ratio (HR),0.398,0.308,0.514,Log Rank,OK,
CART_DLBCL_REVIEW.html,NCT03575351,TRANSFORM,0.35,,,,,,AACT_NO_PRIMARY_RESULT,No primary-outcome analysis with numeric param_value+CI in AACT
CART_DLBCL_REVIEW.html,NCT03570892,BELINDA,1.07,Unadjusted stratified cox model hazard r,1.07,0.82,1.4,Stratified log-rank test one-sided,OK,
CART_MM_REVIEW.html,NCT04181827,CARTITUDE-4,0.26,,,,,,AACT_NO_PRIMARY_RESULT,No primary-outcome analysis with numeric param_value+CI in AACT
CART_MM_REVIEW.html,NCT03651128,KarMMa-3,0.49,,,,,,AACT_NO_PRIMARY_RESULT,No primary-outcome analysis with numeric param_value+CI in AACT
CBD_SEIZURE_REVIEW.html,NCT02091375,GWPCARE1,1.57,Median Difference (Final Values),-22.79,-41.06,-5.43,Wilcoxon rank-sum test,DEFECT,"SIGN_DIFFER(our=1.57,aact=-22.79)"
CBD_SEIZURE_REVIEW.html,NCT02224690,GWPCARE2,1.77,Median Difference (Final Values),-17.21,-30.32,-4.09,Wilcoxon rank-sum test,DEFECT,"SIGN_DIFFER(our=1.77,aact=-17.21)"
CBD_SEIZURE_REVIEW.html,NCT02224560,GWPCARE3,2.66,Median Difference (Final Values),-21.57,-34.79,-6.67,Wilcoxon rank-sum test,DEFECT,"SIGN_DIFFER(our=2.66,aact=-21.57)"
CBD_SEIZURE_REVIEW.html,NCT02224703,GWPCARE4,1.88,Treatment Ratio,0.743,0.568,0.971,Negative binomial regression,DEFECT,"SIGN_DIFFER(our=1.88,aact=0.743);MAGNITUDE_DIFFER(our=1.88,aact=0.74)"
CD_BIOLOGICS_NMA_REVIEW.html,NCT00152490,PRECiSE-1,1.53,,,,,,AACT_NO_PRIMARY_RESULT,No primary-outcome analysis with numeric param_value+CI in AACT
CD_BIOLOGICS_NMA_REVIEW.html,NCT01224171,GEMINI-2,2.54,Risk Difference (RD),3.0,-4.5,10.5,Cochran-Mantel-Haenszel,OK,
CD_BIOLOGICS_NMA_REVIEW.html,NCT01369329,UNITI-1,1.5,,,,,,AACT_NO_PRIMARY_RESULT,No primary-outcome analysis with numeric param_value+CI in AACT
CD_BIOLOGICS_NMA_REVIEW.html,NCT03105128,ADVANCE,1.82,Adjusted Risk Difference,20.7,12.4,29.0,Cochran-Mantel-Haenszel,OK,
CD_BIOLOGICS_NMA_REVIEW.html,NCT03345849,U-EXCEL,4.69,Adjusted Response Rate Difference,20.8,12.7,28.8,Cochran-Mantel-Haenszel,OK,
CDK46_MBC_REVIEW.html,NCT01740427,PALOMA-2,0.58,Hazard Ratio (HR),0.576,0.463,0.718,Stratified Log Rank,OK,
CDK46_MBC_REVIEW.html,NCT01958021,MONALEESA-2,0.56,Hazard Ratio (HR),0.556,0.429,0.72,Log Rank,OK,
CDK46_MBC_REVIEW.html,NCT02246621,MONARCH-3,0.54,Hazard Ratio (HR),0.54,0.418,0.698,Log Rank,OK,
CFTR_MODULATORS_NMA_REVIEW.html,NCT01807923,TRAFFIC,2.7,Least Squares (LS) Mean Difference,4.03,2.62,5.44,MMRM,OK,
CFTR_MODULATORS_NMA_REVIEW.html,NCT02347657,EVOLVE,4.0,Least Squares (LS) Mean Difference,4.0,3.1,4.8,Mixed model for repeated measures (MMRM),OK,
CFTR_MODULATORS_NMA_REVIEW.html,NCT03525444,VX18-445-102,13.8,Least Squares (LS) Mean Difference,13.8,12.1,15.4,Mixed-effects model for repeated measure,OK,
CGRP_MIGRAINE_NMA_REVIEW.html,NCT02456740,STRIVE,-3.7,LS Mean Difference,-1.4,-1.88,-0.92,Generalized Linear Mixed Model,OK,
CGRP_MIGRAINE_NMA_REVIEW.html,NCT02629861,HALO-EM,-1.3,,,,,,AACT_NO_PRIMARY_RESULT,No primary-outcome analysis with numeric param_value+CI in AACT
CGRP_MIGRAINE_NMA_REVIEW.html,NCT02614183,EVOLVE-1,-1.9,Mean Difference (Final Values),-1.92,-2.48,-1.37,Mixed Models Analysis,OK,
CGRP_MIGRAINE_NMA_REVIEW.html,NCT02559895,PROMISE-1,-0.69,Mean Difference (Final Values),-1.11,-1.68,-0.54,ANCOVA,OK,
CHOLERA_OCV_REVIEW.html,NCT02027207,Single-Dose Shanchol Banglades,0.5,,,,,,AACT_NO_PRIMARY_RESULT,No primary-outcome analysis with numeric param_value+CI in AACT
COLCHICINE_CVD_REVIEW.html,NCT02551094,COLCOT,0.77,,,,,,AACT_NO_PRIMARY_RESULT,No primary-outcome analysis with numeric param_value+CI in AACT
COLCHICINE_CVD_REVIEW.html,NCT03048825,CLEAR SYNERGY,0.99,,,,,,AACT_NO_PRIMARY_RESULT,No primary-outcome analysis with numeric param_value+CI in AACT
COLCHICINE_CVD_REVIEW.html,NCT02898610,CONVINCE,0.84,,,,,,AACT_NO_PRIMARY_RESULT,No primary-outcome analysis with numeric param_value+CI in AACT
COPD_TRIPLE_REVIEW.html,NCT02164513,IMPACT,0.75,Rate ratio,0.75,0.7,0.81,Negative binomial model,OK,
COPD_TRIPLE_REVIEW.html,NCT02465567,ETHOS,0.76,Rate Ratio,0.76,0.69,0.83,Negative Binomial Regression,OK,
COPD_TRIPLE_REVIEW.html,NCT02497001,KRONOS,0.52,,,,,,AACT_NO_PRIMARY_RESULT,No primary-outcome analysis with numeric param_value+CI in AACT
COVID_ORAL_ANTIVIRALS_REVIEW.html,NCT04960202,EPIC-HR,0.11,Percentage difference,-6.137,-8.208,-4.066,Normal approximation,DEFECT,"SIGN_DIFFER(our=0.11,aact=-6.137)"
COVID_ORAL_ANTIVIRALS_REVIEW.html,NCT04575597,MOVe-OUT,0.69,Difference in Rates %,-4.1,-12.2,2.5,,DEFECT,"SIGN_DIFFER(our=0.69,aact=-4.1)"
CRYPTOCOCCAL_MENINGITIS_AFRICA_NMA_REVIEW.html,NCT01075152,COAT (ART timing in CM),1.73,Hazard Ratio (HR),1.73,1.06,2.82,"Regression, Cox",OK,
DIABETIC_MACULAR_EDEMA_NMA_REVIEW.html,NCT01627249,Protocol T DRCR (Wells 2015),2.1,Mean Difference (Final Values),3.5,1.4,5.7,ANCOVA,OK,
DIABETIC_MACULAR_EDEMA_NMA_REVIEW.html,NCT03622580,YOSEMITE (Wykoff 2022),-0.2,Adjusted mean difference,-0.2,-2.0,1.6,,OK,
DIABETIC_MACULAR_EDEMA_NMA_REVIEW.html,NCT03622593,RHINE (Wykoff 2022),1.5,Adjusted mean difference,1.5,-0.1,3.2,,OK,
DIABETIC_RETINOPATHY_NMA_REVIEW.html,NCT01489189,Protocol S DRCR (Gross 2015),2.2,,,,,,AACT_NO_PRIMARY_RESULT,No primary-outcome analysis with numeric param_value+CI in AACT
DIABETIC_RETINOPATHY_NMA_REVIEW.html,NCT02718326,PANORAMA (Brown 2021),2.44,percentage difference,52.3,45.2,59.5,Cochran-Mantel-Haenszel,OK,
DIABETIC_RETINOPATHY_NMA_REVIEW.html,NCT02634333,Protocol W DRCR (Maturi 2021),0.54,,,,,,AACT_NO_PRIMARY_RESULT,No primary-outcome analysis with numeric param_value+CI in AACT
DOAC_AF_NMA_REVIEW.html,NCT00262600,RE-LY,0.66,Cox Proportional Hazard,0.9,0.74,1.1,"Regression, Cox",OK,
DOAC_AF_NMA_REVIEW.html,NCT00403767,ROCKET-AF,0.88,Hazard Ratio (HR),0.79,0.66,0.96,Cox Proportional Hazards model,OK,
DOAC_AF_NMA_REVIEW.html,NCT00412984,ARISTOTLE,0.79,Hazard Ratio (HR),0.79,0.66,0.95,Cox Proportional Hazards Model,OK,
DOAC_AF_NMA_REVIEW.html,NCT00781391,ENGAGE-AF-TIMI-48,0.79,Hazard Ratio (HR),0.79,0.632,0.985,Cox proportional hazards model,OK,
DOAC_AF_REVIEW.html,NCT00262600,RE-LY,0.66,Cox Proportional Hazard,0.9,0.74,1.1,"Regression, Cox",OK,
DOAC_AF_REVIEW.html,NCT00403767,ROCKET-AF,0.88,Hazard Ratio (HR),0.79,0.66,0.96,Cox Proportional Hazards model,OK,
DOAC_AF_REVIEW.html,NCT00412984,ARISTOTLE,0.79,Hazard Ratio (HR),0.79,0.66,0.95,Cox Proportional Hazards Model,OK,
DOAC_AF_REVIEW.html,NCT00781391,ENGAGE AF-TIMI 48,0.79,Hazard Ratio (HR),0.79,0.632,0.985,Cox proportional hazards model,OK,
DOAC_VTE_NMA_REVIEW.html,NCT00291330,RE-COVER,1.1,Hazard Ratio (HR),1.05,0.65,1.7,"Regression, Cox",OK,
DOAC_VTE_NMA_REVIEW.html,NCT00440193,EINSTEIN-DVT,0.68,Hazard Ratio (HR),0.68,0.44,1.04,"Regression, Cox",OK,
DOAC_VTE_NMA_REVIEW.html,NCT00643201,AMPLIFY,0.84,Risk Ratio (RR),0.839,0.5965,1.1802,Yanagawa-Tango-Hiejima,OK,
DOAC_VTE_NMA_REVIEW.html,NCT00986154,HOKUSAI-VTE,0.89,Hazard Ratio (HR),0.89,0.703,1.128,"Regression, Cox",OK,
DOLUTEGRAVIR_ART_SSA_REVIEW.html,NCT03122262,ADVANCE,1.11,,,,,,AACT_NO_PRIMARY_RESULT,No primary-outcome analysis with numeric param_value+CI in AACT
DOLUTEGRAVIR_ART_SSA_REVIEW.html,NCT02777229,NAMSAL,1.08,,,,,,AACT_NO_PRIMARY_RESULT,No primary-outcome analysis with numeric param_value+CI in AACT
DOLUTEGRAVIR_ART_SSA_REVIEW.html,NCT03048422,IMPAACT 2010,1.13,Risk Difference (RD),6.5,2.0,10.7,,OK,
DONANEMAB_AD_SOLO_REVIEW.html,NCT04437511,TRAILBLAZER-ALZ 2,0.84,LS Mean change difference (Final Values),2.92,1.508,4.331,Mixed Models Analysis,OK,
DORAVIRINE_HIV_REVIEW.html,NCT02403674,DRIVE-AHEAD,1.04,Difference in percentages,3.537,-1.951,9.026,,OK,
DORAVIRINE_HIV_REVIEW.html,NCT02275780,DRIVE-FORWARD,1.05,Treatment Difference,3.913,-1.59,9.415,,OK,
DORAVIRINE_HIV_REVIEW.html,NCT02397096,DRIVE-SHIFT,0.96,Treatment Difference,-3.784,-7.877,0.31,,DEFECT,"SIGN_DIFFER(our=0.96,aact=-3.784)"
DUPILUMAB_AD_REVIEW.html,NCT02277743,SOLO-1,5.68,difference in percentages,27.7,20.18,35.17,Cochran-Mantel-Haenszel,OK,
DUPILUMAB_AD_REVIEW.html,NCT02277769,SOLO-2,6.4,difference in percentages,27.6,20.46,34.69,Cochran-Mantel-Haenszel,OK,
DUPILUMAB_AD_REVIEW.html,NCT02260986,CHRONOS,4.64,difference in percentages,26.3,16.34,36.26,Cochran-Mantel-Haenszel,OK,
DUPILUMAB_COPD_REVIEW.html,NCT03930732,BOREAS,0.7,Risk Difference (RD),-0.324,-0.508,-0.14,Negative binomial model,DEFECT,"SIGN_DIFFER(our=0.7,aact=-0.324)"
DUPILUMAB_COPD_REVIEW.html,NCT04456673,NOTUS,0.66,Risk Difference (RD),-0.435,-0.682,-0.188,Negative binomial model,DEFECT,"SIGN_DIFFER(our=0.66,aact=-0.435)"
EBOLA_VACCINE_REVIEW.html,NCT02378753,STRIVE Sierra Leone (rVSV\u039,1.0,,,,,,AACT_NO_PRIMARY_RESULT,No primary-outcome analysis with numeric param_value+CI in AACT
EFGARTIGIMOD_MG_REVIEW.html,NCT03669588,ADAPT,2.28,Odds Ratio (OR),4.951,2.213,11.528,"Regression, Logistic",DEFECT,"MAGNITUDE_DIFFER(our=2.28,aact=4.95)"
ELACESTRANT_BC_REVIEW.html,NCT03778931,EMERALD,0.7,Hazard Ratio (HR),0.546,0.387,0.768,Log Rank,OK,
ENSIFENTRINE_COPD_REVIEW.html,NCT04535986,ENHANCE-1,0.64,LS mean difference,0.0868,0.0551,0.1185,ANCOVA,OK,
ENSIFENTRINE_COPD_REVIEW.html,NCT04542057,ENHANCE-2,0.57,LS mean difference,0.0941,0.0647,0.1236,ANCOVA,OK,
ETRASIMOD_UC_REVIEW.html,NCT03945188,ELEVATE UC 52,3.89,Risk Difference (RD),19.75,12.88,26.63,Cochran-Mantel-Haenszel,OK,
ETRASIMOD_UC_REVIEW.html,NCT03996369,ELEVATE UC 12,1.72,Risk Difference (RD),9.69,1.14,18.23,Cochran-Mantel-Haenszel,OK,
EVT_BASILAR_REVIEW.html,NCT04751708,ATTENTION,2.43,,,,,,AACT_NO_PRIMARY_RESULT,No primary-outcome analysis with numeric param_value+CI in AACT
EVT_BASILAR_REVIEW.html,NCT02737189,BAOCHE,1.91,,,,,,AACT_NO_PRIMARY_RESULT,No primary-outcome analysis with numeric param_value+CI in AACT
EVT_BASILAR_REVIEW.html,NCT01717755,BASICS,1.17,,,,,,AACT_NO_PRIMARY_RESULT,No primary-outcome analysis with numeric param_value+CI in AACT
EVT_EXTENDED_WINDOW_REVIEW.html,NCT02142283,DAWN,3.71,,,,,,AACT_NO_PRIMARY_RESULT,No primary-outcome analysis with numeric param_value+CI in AACT
EVT_EXTENDED_WINDOW_REVIEW.html,NCT02586415,DEFUSE 3,2.6,Odds Ratio (OR),2.77,1.63,4.7,Cochran-Mantel-Haenszel,OK,
EVT_EXTENDED_WINDOW_REVIEW.html,NCT03098355,MR CLEAN-LATE,1.43,,,,,,AACT_NO_PRIMARY_RESULT,No primary-outcome analysis with numeric param_value+CI in AACT
EVT_LARGECORE_REVIEW.html,NCT03702413,RESCUE-Japan LIMIT,1.75,,,,,,AACT_NO_PRIMARY_RESULT,No primary-outcome analysis with numeric param_value+CI in AACT
EVT_LARGECORE_REVIEW.html,NCT04551664,ANGEL-ASPECT,2.5,,,,,,AACT_NO_PRIMARY_RESULT,No primary-outcome analysis with numeric param_value+CI in AACT
EVT_LARGECORE_REVIEW.html,NCT03876457,SELECT2,2.82,,,,,,AACT_NO_PRIMARY_RESULT,No primary-outcome analysis with numeric param_value+CI in AACT
EVT_LARGECORE_REVIEW.html,NCT03094715,TENSION,2.84,,,,,,AACT_NO_PRIMARY_RESULT,No primary-outcome analysis with numeric param_value+CI in AACT
EVT_LARGECORE_REVIEW.html,NCT03811769,LASTE,2.3,,,,,,AACT_NO_PRIMARY_RESULT,No primary-outcome analysis with numeric param_value+CI in AACT
EVT_LARGECORE_REVIEW.html,NCT03805308,TESLA,1.22,,,,,,AACT_NO_PRIMARY_RESULT,No primary-outcome analysis with numeric param_value+CI in AACT
FENFLURAMINE_SEIZURE_REVIEW.html,NCT02682927,Study 1 (Dravet),5.4,Percentage difference from Placebo,62.29,47.72,72.8,,OK,
FENFLURAMINE_SEIZURE_REVIEW.html,NCT02926898,Study 2 (Dravet+stiripentol),11.77,Percent difference,-54.0,-67.2,-35.6,ANCOVA,DEFECT,"SIGN_DIFFER(our=11.77,aact=-54.0)"
FENFLURAMINE_SEIZURE_REVIEW.html,NCT03355209,LGS Study 1,2.44,Median Difference (A-P),-19.88,-31.02,-8.74,Wilcoxon (Mann-Whitney),DEFECT,"SIGN_DIFFER(our=2.44,aact=-19.88)"
FINERENONE_REVIEW.html,NCT02540993,FIDELIO-DKD,0.86,Hazard Ratio (HR),0.825,0.732,0.928,Log Rank,OK,
FINERENONE_REVIEW.html,NCT02545049,FIGARO-DKD,0.87,Hazard Ratio (HR),0.87,0.76,0.98,Log Rank,OK,
FINERENONE_REVIEW.html,NCT04435626,FINEARTS-HF,0.84,Rate ratio,0.84,0.74,0.95,stratified Andersen-Gill model,OK,
FRAGILITY_FRACTURE_NMA_REVIEW.html,NCT01631214,ARCH,0.52,Odds Ratio (OR),0.48,0.36,0.64,"Regression, Logistic",OK,
FRAGILITY_FRACTURE_NMA_REVIEW.html,NCT01575834,FRAME,0.27,Odds Ratio (OR),0.27,0.15,0.47,"Regression, Logistic",OK,
FRAGILITY_FRACTURE_NMA_REVIEW.html,NCT00321620,ACTIVE,0.2,Hazard Ratio (HR),0.82,0.71,0.95,"Regression, Cox",DEFECT,"MAGNITUDE_DIFFER(our=0.20,aact=0.82)"
FRAGILITY_FRACTURE_NMA_REVIEW.html,NCT00089791,FREEDOM,0.32,Risk Ratio (RR),0.32,0.26,0.41,Mantel Haenszel,OK,
GLP1_CVOT_NMA_REVIEW.html,NCT01179048,LEADER,0.87,Hazard Ratio (HR),0.868,0.778,0.968,"Regression, Cox",OK,
GLP1_CVOT_NMA_REVIEW.html,NCT01720446,SUSTAIN-6,0.74,Hazard Ratio (HR),0.74,0.58,0.95,"Regression, Cox",OK,
GLP1_CVOT_NMA_REVIEW.html,NCT01394952,REWIND,0.88,Hazard Ratio (HR),0.88,0.79,0.99,"Regression, Cox",OK,
GLP1_CVOT_NMA_REVIEW.html,NCT02692716,PIONEER-6,0.79,Hazard Ratio (HR),0.79,0.57,1.11,"Regression, Cox",OK,
GLP1_CVOT_NMA_REVIEW.html,NCT01147250,ELIXA,1.02,Hazard Ratio (HR),1.017,0.886,1.168,,OK,
GLP1_CVOT_NMA_REVIEW.html,NCT02465515,HARMONY-Outcomes,0.78,Hazard Ratio (HR),0.78,0.68,0.9,Wald test,OK,
GLP1_CVOT_NMA_REVIEW.html,NCT01144338,EXSCEL,0.91,Hazard Ratio (HR),0.91,0.832,1.004,"Regression, Cox",OK,
GLP1_CVOT_NMA_REVIEW.html,NCT03496298,AMPLITUDE-O,0.73,Hazard Ratio (HR),0.732,0.583,0.918,Log Rank,OK,
GLP1_CVOT_REVIEW.html,NCT01147250,ELIXA,1.02,Hazard Ratio (HR),1.017,0.886,1.168,,OK,
GLP1_CVOT_REVIEW.html,NCT01179048,LEADER,0.87,Hazard Ratio (HR),0.868,0.778,0.968,"Regression, Cox",OK,
GLP1_CVOT_REVIEW.html,NCT01720446,SUSTAIN-6,0.74,Hazard Ratio (HR),0.74,0.58,0.95,"Regression, Cox",OK,
GLP1_CVOT_REVIEW.html,NCT01144338,EXSCEL,0.91,Hazard Ratio (HR),0.91,0.832,1.004,"Regression, Cox",OK,
GLP1_CVOT_REVIEW.html,NCT02465515,HARMONY Outcomes,0.78,Hazard Ratio (HR),0.78,0.68,0.9,Wald test,OK,
GLP1_CVOT_REVIEW.html,NCT01394952,REWIND,0.88,Hazard Ratio (HR),0.88,0.79,0.99,"Regression, Cox",OK,
GLP1_CVOT_REVIEW.html,NCT02692716,PIONEER 6,0.79,Hazard Ratio (HR),0.79,0.57,1.11,"Regression, Cox",OK,
GLP1_CVOT_REVIEW.html,NCT03574597,SELECT,0.8,Hazard Ratio (HR),0.8,0.72,0.89,"Regression, Cox",OK,
GLP1_CVOT_REVIEW.html,NCT03496298,AMPLITUDE-O,0.73,Hazard Ratio (HR),0.732,0.583,0.918,Log Rank,OK,
GLP1_CVOT_REVIEW.html,NCT03914326,SOUL,0.86,Hazard Ratio (HR),0.86,0.77,0.96,"Regression, Cox",OK,
GLP1_MASH_NMA_REVIEW.html,NCT04822181,ESSENCE,3.18,,,,,,AACT_NO_PRIMARY_RESULT,No primary-outcome analysis with numeric param_value+CI in AACT
GLP1_MASH_NMA_REVIEW.html,NCT04166773,SYNERGY-NASH,9.71,Odds Ratio (OR),7.45,2.27,24.44,"Regression, Logistic",OK,
GLP1_MASH_NMA_REVIEW.html,NCT02970942,Newsome NAFLD,10.41,,,,,,AACT_NO_PRIMARY_RESULT,No primary-outcome analysis with numeric param_value+CI in AACT
HCC_1L_NMA_REVIEW.html,NCT03434379,IMbrave150,0.66,Hazard Ratio (HR),0.58,0.42,0.79,Log Rank,OK,
HCC_1L_NMA_REVIEW.html,NCT03298451,HIMALAYA,0.78,Hazard Ratio (HR),0.78,0.66,0.92,"Regression, Cox",OK,
HCC_1L_NMA_REVIEW.html,NCT04039607,CheckMate 9DW,0.79,,,,,,AACT_NO_PRIMARY_RESULT,No primary-outcome analysis with numeric param_value+CI in AACT
HCC_1L_NMA_REVIEW.html,NCT03713593,LEAP-002,0.84,Hazard Ratio (HR),0.834,0.712,0.978,,OK,
HEMOPHILIA_GENE_THERAPY_NMA_REVIEW.html,NCT03370913,GENEr8-1 (Ozelo 2022),-3.84,% Reduction from Baseline,-77.0,,,"t-test, 2 sided",OK,
HEMOPHILIA_GENE_THERAPY_NMA_REVIEW.html,NCT03569891,HOPE-B (Pipe 2023),0.36,Rate Ratio,0.36,0.2,0.64,,OK,
HEMOPHILIA_GENE_THERAPY_NMA_REVIEW.html,NCT04370054,AFFINE (giroctocogene fitelpar,0.13,Mean Difference (Final Values),-3.49,-6.06,-0.91,Generalized linear model (GLM),DEFECT,"SIGN_DIFFER(our=0.13,aact=-3.49)"
HEPATITIS_B_TAF_TDF_REVIEW.html,NCT01940341,"GS-US-320-0108 (TAF vs TDF, HB",1.01,Difference in proportions,1.8,-3.6,7.2,,OK,
HEPATITIS_B_TAF_TDF_REVIEW.html,NCT01940471,"GS-US-320-0110 (TAF vs TDF, HB",0.96,Difference in proportions,-3.6,-9.8,2.6,,OK,
HEPATITIS_HCV_DAA_NMA_REVIEW.html,NCT02201940,ASTRAL-1,99.0,,,,,,AACT_NO_PRIMARY_RESULT,No primary-outcome analysis with numeric param_value+CI in AACT
HEPATITIS_HCV_DAA_NMA_REVIEW.html,NCT02201953,ASTRAL-3,1.19,Difference in proportions,14.4,9.2,19.6,,DEFECT,"MAGNITUDE_DIFFER(our=1.19,aact=14.40)"
HEPATITIS_HCV_DAA_NMA_REVIEW.html,NCT02642432,EXPEDITION-1,0.993,,,,,,AACT_NO_PRIMARY_RESULT,No primary-outcome analysis with numeric param_value+CI in AACT
HER2_LOW_ADC_NMA_REVIEW.html,NCT03734029,DESTINY-Breast04,0.5,Cox Proportional Hazard,0.5085,0.4012,0.6444,Log Rank,OK,
HER2_LOW_ADC_NMA_REVIEW.html,NCT04494425,DESTINY-Breast06,0.62,Hazard Ratio (HR),0.62,0.52,0.75,Log Rank,OK,
HER2_LOW_ADC_NMA_REVIEW.html,NCT03901339,TROPiCS-02,0.66,Hazard Ratio (HR),0.653,0.526,0.812,Log Rank,OK,
HER2_LOW_ADC_NMA_REVIEW.html,NCT05374512,TROPION-Breast01,0.63,,,,,,AACT_NO_PRIMARY_RESULT,No primary-outcome analysis with numeric param_value+CI in AACT
HF_QUADRUPLE_NMA_REVIEW.html,NCT03036124,DAPA-HF,0.74,Hazard Ratio (HR),0.74,0.65,0.85,"Regression, Cox",OK,
HF_QUADRUPLE_NMA_REVIEW.html,NCT03057977,EMPEROR-Reduced,0.75,Hazard Ratio (HR),0.75,0.65,0.86,"Regression, Cox",OK,
HF_QUADRUPLE_NMA_REVIEW.html,NCT03619213,DELIVER,0.82,Hazard Ratio (HR),0.82,0.73,0.92,"Regression, Cox",OK,
HF_QUADRUPLE_NMA_REVIEW.html,NCT03057951,EMPEROR-Preserved,0.79,Hazard Ratio (HR),0.79,0.69,0.9,"Regression, Cox",OK,
HF_QUADRUPLE_NMA_REVIEW.html,NCT01035255,PARADIGM-HF,0.8,,,,,,AACT_NO_PRIMARY_RESULT,No primary-outcome analysis with numeric param_value+CI in AACT
HF_QUADRUPLE_NMA_REVIEW.html,NCT04435626,FINEARTS-HF,0.84,Rate ratio,0.84,0.74,0.95,stratified Andersen-Gill model,OK,
HIDRADENITIS_SUPPURATIVA_NMA_REVIEW.html,NCT01468207,PIONEER I (Kimball 2016),1.61,Adjusted mean difference,15.9,5.3,26.5,Cochran-Mantel-Haenszel,OK,
HIDRADENITIS_SUPPURATIVA_NMA_REVIEW.html,NCT01468233,PIONEER II (Kimball 2016),2.13,Adjusted mean difference,31.5,20.7,42.2,Cochran-Mantel-Haenszel,OK,
HIDRADENITIS_SUPPURATIVA_NMA_REVIEW.html,NCT04242446,BE HEARD I (Kimball 2024),1.2,Odds Ratio (OR),2.0,0.979,4.089,"Regression, Logistic",OK,
HIFPH_CKD_ANEMIA_REVIEW.html,NCT02879305,ASCEND-D,0.93,Hazard Ratio (HR),0.93,0.81,1.07,,OK,
HIFPH_CKD_ANEMIA_REVIEW.html,NCT02876835,ASCEND-ND,1.03,Hazard Ratio (HR),1.03,0.89,1.19,,OK,
HIFPH_CKD_ANEMIA_REVIEW.html,NCT02648347,PRO2TECT,1.17,Least squares mean difference,0.05,-0.04,0.15,,OK,
HIFPH_CKD_ANEMIA_REVIEW.html,NCT02892149,INNO2VATE,0.96,Least squares mean difference,-0.17,-0.23,-0.1,,DEFECT,"SIGN_DIFFER(our=0.96,aact=-0.17)"
HIFPH_CKD_ANEMIA_REVIEW.html,NCT02052310,HIMALAYAS,0.96,LS Mean Difference,0.18,0.079,0.287,ANCOVA,OK,
HIGH_EFFICACY_MS_REVIEW.html,NCT01247324,OPERA-I,0.54,Rate Ratio,0.536,0.4,0.719,Negative Binomial Model,OK,
HIGH_EFFICACY_MS_REVIEW.html,NCT01412333,OPERA-II,0.53,Rate Ratio,0.532,0.397,0.714,Negative Binomial Model,OK,
HIGH_EFFICACY_MS_REVIEW.html,NCT02792218,ASCLEPIOS-I,0.49,rate ratio,0.495,0.375,0.655,negative binomial regression model,OK,
HIGH_EFFICACY_MS_REVIEW.html,NCT02792231,ASCLEPIOS-II,0.51,rate ratio,0.416,0.309,0.56,negative binomial regression model,OK,
HIV_ART_FIRSTLINE_NMA_REVIEW.html,NCT03122262,ADVANCE DTG/TAF,1.1,,,,,,AACT_NO_PRIMARY_RESULT,No primary-outcome analysis with numeric param_value+CI in AACT
HIV_ART_TIMING_NMA_REVIEW.html,NCT00867048,START (INSIGHT 2015),0.43,,,,,,AACT_NO_PRIMARY_RESULT,No primary-outcome analysis with numeric param_value+CI in AACT
HIV_ART_TIMING_NMA_REVIEW.html,NCT00495651,TEMPRANO (ANRS 12136),0.56,,,,,,AACT_NO_PRIMARY_RESULT,No primary-outcome analysis with numeric param_value+CI in AACT
HIV_ART_TIMING_NMA_REVIEW.html,NCT00074581,HPTN 052 (Cohen 2011/2016),0.07,Hazard Ratio (HR),0.07,0.02,0.22,"Regression, Cox",OK,
HIV_LA_PREP_NMA_REVIEW.html,NCT02720094,HPTN 083,0.34,A bias-adjusted hazard ratio,0.34,0.18,0.62,"Regression, Cox",OK,
HIV_LA_PREP_NMA_REVIEW.html,NCT03164564,HPTN 084,0.12,,,,,,AACT_NO_PRIMARY_RESULT,No primary-outcome analysis with numeric param_value+CI in AACT
HIV_LA_PREP_NMA_REVIEW.html,NCT04994509,PURPOSE-1,0.0,Rate Ratio,0.0,0.0,0.042,Likelihood ratio test,OK,
HIV_LA_PREP_NMA_REVIEW.html,NCT04925752,PURPOSE-2,0.11,Rate Ratio,0.043,0.01,0.182,Wald test,DEFECT,"MAGNITUDE_DIFFER(our=0.11,aact=0.04)"
HIV_PREP_INJECTABLE_NMA_REVIEW.html,NCT02720094,HPTN 083,0.34,A bias-adjusted hazard ratio,0.34,0.18,0.62,"Regression, Cox",OK,
HIV_PREP_INJECTABLE_NMA_REVIEW.html,NCT03164564,HPTN 084,0.12,,,,,,AACT_NO_PRIMARY_RESULT,No primary-outcome analysis with numeric param_value+CI in AACT
HIV_PREP_INJECTABLE_NMA_REVIEW.html,NCT02842086,DISCOVER (F/TAF vs F/TDF),0.47,Rate Ratio,0.468,0.191,1.149,,OK,
HIV_TB_COINFECTION_ART_TIMING_NMA_REVIEW.html,NCT00091936,SAPiT (Karim 2010+2011),0.56,,,,,,AACT_NO_PRIMARY_RESULT,No primary-outcome analysis with numeric param_value+CI in AACT
HIV_TB_COINFECTION_ART_TIMING_NMA_REVIEW.html,NCT00108862,STRIDE / ACTG A5221 (Havlir 20,0.81,Mean Difference (Final Values),3.0,-2.0,8.0,"Z-test, 2-sided",OK,
HIV_TB_COINFECTION_ART_TIMING_NMA_REVIEW.html,NCT00226434,CAMELIA (Blanc 2011),0.62,,,,,,AACT_NO_PRIMARY_RESULT,No primary-outcome analysis with numeric param_value+CI in AACT
HPV_DOSE_REDUCTION_NMA_REVIEW.html,NCT03675256,KEN-SHE bivalent,0.025,,,,,,AACT_NO_PRIMARY_RESULT,No primary-outcome analysis with numeric param_value+CI in AACT
HPV_DOSE_REDUCTION_NMA_REVIEW.html,NCT02834637,DoRIS 1d-vs-3d bivalent,1.0,,,,,,AACT_NO_PRIMARY_RESULT,No primary-outcome analysis with numeric param_value+CI in AACT
HPV_VACCINE_SCHEDULES_NMA_REVIEW.html,NCT00122681,PATRICIA Cervarix 3-dose,0.071,1-Rate Ratio,92.9,79.9,98.3,,DEFECT,"SIGN_DIFFER(our=0.071,aact=92.9);MAGNITUDE_DIFFER(our=0.07,aact=92.90)"
HPV_VACCINE_SCHEDULES_NMA_REVIEW.html,NCT00092534,FUTURE II Gardasil-4 3-dose,0.024,Percent relative risk reduction,96.6,88.2,99.6,,OK,
HPV_VACCINE_SCHEDULES_NMA_REVIEW.html,NCT03675256,KEN SHE single-dose (Barnabas ,0.032,,,,,,AACT_NO_PRIMARY_RESULT,No primary-outcome analysis with numeric param_value+CI in AACT
HYDROCORTISONE_SEPTIC_SHOCK_NMA_REVIEW.html,NCT01448109,ADRENAL (Venkatesh 2018),0.96,,,,,,AACT_NO_PRIMARY_RESULT,No primary-outcome analysis with numeric param_value+CI in AACT
HYDROCORTISONE_SEPTIC_SHOCK_NMA_REVIEW.html,NCT00625209,APROCCHSS (Annane 2018),0.88,,,,,,AACT_NO_PRIMARY_RESULT,No primary-outcome analysis with numeric param_value+CI in AACT
HYDROCORTISONE_SEPTIC_SHOCK_NMA_REVIEW.html,NCT00670254,HYPRESS (Keh 2016),0.72,,,,,,AACT_NO_PRIMARY_RESULT,No primary-outcome analysis with numeric param_value+CI in AACT
ICU_SEDATION_NMA_REVIEW.html,NCT01728558,SPICE-III (Shehabi 2019),1.0,,,,,,AACT_NO_PRIMARY_RESULT,No primary-outcome analysis with numeric param_value+CI in AACT
ICU_SEDATION_NMA_REVIEW.html,NCT00466492,Strom 2010 no-sedation,4.2,,,,,,AACT_NO_PRIMARY_RESULT,No primary-outcome analysis with numeric param_value+CI in AACT
ICU_SEDATION_NMA_REVIEW.html,NCT03653832,A2B Trial (Lewis 2025),0.93,,,,,,AACT_NO_PRIMARY_RESULT,No primary-outcome analysis with numeric param_value+CI in AACT
IL23_PSA_NMA_REVIEW.html,NCT03675308,KEEPsAKE-1,1.62,Response Rate Difference,24.0,18.0,30.0,Cochran-Mantel-Haenszel,OK,
IL23_PSA_NMA_REVIEW.html,NCT03671148,KEEPsAKE-2,2.45,Response Rate Difference,24.5,15.9,33.0,Cochran-Mantel-Haenszel,OK,
IL23_PSA_NMA_REVIEW.html,NCT03162796,DISCOVER-1,2.79,Difference in percentage,29.8,18.6,41.1,Cochran-Mantel-Haenszel,OK,
IL23_PSA_NMA_REVIEW.html,NCT03158285,DISCOVER-2,1.95,Difference in percentage,31.2,22.9,39.5,Cochran-Mantel-Haenszel,OK,
IL23_PSORIASIS_REVIEW.html,NCT02207231,VOYAGE 1,25.8,,,,,,AACT_NO_PRIMARY_RESULT,No primary-outcome analysis with numeric param_value+CI in AACT
IL23_PSORIASIS_REVIEW.html,NCT02684370,UltIMMa-1,59.21,adjusted difference in percentage,70.3,64.0,76.7,Cochran-Mantel-Haenszel,OK,
IL23_PSORIASIS_REVIEW.html,NCT01722331,reSURFACE 1,48.38,Difference in percentages,56.6,49.6,62.8,Cochran-Mantel-Haenszel,OK,
IL_PSORIASIS_NMA_REVIEW.html,NCT02207231,VOYAGE 1,86.76,,,,,,AACT_NO_PRIMARY_RESULT,No primary-outcome analysis with numeric param_value+CI in AACT
IL_PSORIASIS_NMA_REVIEW.html,NCT02684370,UltIMMa-1,74.83,adjusted difference in percentage,70.3,64.0,76.7,Cochran-Mantel-Haenszel,OK,
IL_PSORIASIS_NMA_REVIEW.html,NCT01474512,UNCOVER-1,252.18,,,,,,AACT_NO_PRIMARY_RESULT,No primary-outcome analysis with numeric param_value+CI in AACT
IL_PSORIASIS_NMA_REVIEW.html,NCT01597245,UNCOVER-2,5.26,,,,,,AACT_NO_PRIMARY_RESULT,No primary-outcome analysis with numeric param_value+CI in AACT
IL_PSORIASIS_NMA_REVIEW.html,NCT01646177,UNCOVER-3,63.64,,,,,,AACT_NO_PRIMARY_RESULT,No primary-outcome analysis with numeric param_value+CI in AACT
IL_PSORIASIS_NMA_REVIEW.html,NCT01365455,ERASURE,314.11,,,,,,AACT_NO_PRIMARY_RESULT,No primary-outcome analysis with numeric param_value+CI in AACT
IL_PSORIASIS_NMA_REVIEW.html,NCT01358578,FIXTURE,6.38,,,,,,AACT_NO_PRIMARY_RESULT,No primary-outcome analysis with numeric param_value+CI in AACT
IL_PSORIASIS_NMA_REVIEW.html,NCT03536884,BE RADIANT,1.55,Risk Difference (RD),12.682,5.771,19.592,,OK,
IL_PSORIASIS_NMA_REVIEW.html,NCT03370133,BE VIVID,88.6,Odds Ratio (OR),99.869,34.02,293.175,Cochran-Mantel-Haenszel,OK,
IL_PSORIASIS_NMA_REVIEW.html,NCT03412747,BE SURE,3.99,Risk Difference (RD),39.3,30.9,47.7,,OK,
IL_PSORIASIS_NMA_REVIEW.html,NCT02207244,VOYAGE 2,147.09,,,,,,AACT_NO_PRIMARY_RESULT,No primary-outcome analysis with numeric param_value+CI in AACT
IL_PSORIASIS_NMA_REVIEW.html,NCT02684357,UltIMMa-2,135.52,Adjusted percentage difference,72.5,66.8,78.2,Cochran-Mantel-Haenszel,OK,
IL_PSORIASIS_NMA_REVIEW.html,NCT01708590,AMAGINE-1,381.26,,,,,,AACT_NO_PRIMARY_RESULT,No primary-outcome analysis with numeric param_value+CI in AACT
IL_PSORIASIS_NMA_REVIEW.html,NCT01722331,reSURFACE-1,25.28,Difference in percentages,56.6,49.6,62.8,Cochran-Mantel-Haenszel,OK,
IL_PSORIASIS_NMA_REVIEW.html,NCT01729754,reSURFACE-2,4.05,Difference in percentages,59.8,52.9,65.9,Cochran-Mantel-Haenszel,OK,
IL_PSORIASIS_NMA_REVIEW.html,NCT01708603,AMAGINE-2,2.49,,,,,,AACT_NO_PRIMARY_RESULT,No primary-outcome analysis with numeric param_value+CI in AACT
IL_PSORIASIS_NMA_REVIEW.html,NCT02074982,CLEAR,2.79,Odds Ratio (OR),2.85,2.01,4.02,"Regression, Logistic",OK,
IL_PSORIASIS_NMA_REVIEW.html,NCT03410992,BE READY,871.9,Odds Ratio (OR),496.318,82.798,2975.086,Cochran-Mantel-Haenszel,OK,
INAVOLISIB_BC_REVIEW.html,NCT04191499,INAVO120,0.43,Hazard Ratio (HR),0.43,0.32,0.59,Log Rank,OK,
INCRETINS_T2D_NMA_REVIEW.html,NCT03954834,SURPASS-1,-1.87,LS Mean Difference,-1.91,-2.18,-1.63,Mixed Models Analysis,OK,
INCRETINS_T2D_NMA_REVIEW.html,NCT03987919,SURPASS-2,-0.45,LS Mean Difference,-0.51,-0.64,-0.38,Mixed Models Analysis,OK,
INCRETINS_T2D_NMA_REVIEW.html,NCT02054897,SUSTAIN-1,-1.55,Treatment difference,-1.53,-1.81,-1.25,Mixed Models Analysis,OK,
INCRETINS_T2D_NMA_REVIEW.html,NCT01885208,SUSTAIN-3,-0.62,Treatment difference,-0.62,-0.8,-0.44,Mixed Models Analysis,OK,
INCRETINS_T2D_NMA_REVIEW.html,NCT02648204,SUSTAIN-7,-0.31,Treatment difference,-0.4,-0.55,-0.25,Mixed Models Analysis,OK,
INCRETINS_T2D_NMA_REVIEW.html,NCT00518882,LEAD-6,-0.33,"Estimated treatment difference, LS Mean",-0.33,-0.47,-0.18,ANCOVA,OK,
INCRETINS_T2D_NMA_REVIEW.html,NCT01624259,AWARD-6,-0.06,LS Mean Difference,-0.06,-0.19,0.07,Mixed Models Analysis,OK,
INCRETINS_T2D_NMA_REVIEW.html,NCT00318461,LEAD-2,-1.1,"Estimated treatment difference, LS Mean",-1.09,-1.3,-0.88,ANCOVA,OK,
INCRETINS_T2D_NMA_REVIEW.html,NCT01720446,SUSTAIN-6,0.74,Hazard Ratio (HR),0.74,0.58,0.95,"Regression, Cox",OK,
INCRETINS_T2D_NMA_REVIEW.html,NCT01144338,EXSCEL,-0.53,Hazard Ratio (HR),0.91,0.832,1.004,"Regression, Cox",OK,
INCRETINS_T2D_NMA_REVIEW.html,NCT02863419,PIONEER-4,-0.1,Mean treatment difference,-0.1,-0.3,0.0,Pattern mixture model,OK,
INCRETINS_T2D_NMA_REVIEW.html,NCT02607865,PIONEER-3,-0.5,Mean treatment difference,-0.5,-0.6,-0.4,Pattern mixture model,OK,
INCRETINS_T2D_NMA_REVIEW.html,NCT01930188,SUSTAIN-2,-1.1,treatment difference,-1.06,-1.21,-0.91,Mixed Models Analysis,OK,
INCRETINS_T2D_NMA_REVIEW.html,NCT03882970,SURPASS-3,-1.04,LS Mean Difference,-0.86,-1.0,-0.72,Mixed Models Analysis,OK,
INCRETINS_T2D_NMA_REVIEW.html,NCT03730662,SURPASS-4,-1.15,Mean Difference (Net),-0.99,-1.13,-0.86,Mixed Models Analysis,OK,
INCRETINS_T2D_NMA_REVIEW.html,NCT04039503,SURPASS-5,-2.5,LS Mean Difference,-1.66,-1.88,-1.43,Mixed Models Analysis,OK,
INCRETINS_T2D_NMA_REVIEW.html,NCT04537923,SURPASS-6,-0.92,LS Mean Difference,-1.1,-1.24,-0.97,Mixed Models Analysis,OK,
INTENSIVE_BP_REVIEW.html,NCT00000620,ACCORD-BP,0.88,Hazard Ratio (HR),0.91,0.81,1.03,"Regression, Cox",OK,
INTENSIVE_BP_REVIEW.html,NCT03015311,STEP,0.74,,,,,,AACT_NO_PRIMARY_RESULT,No primary-outcome analysis with numeric param_value+CI in AACT
INTENSIVE_BP_REVIEW.html,NCT00059306,SPS3-BP,0.81,,,,,,AACT_NO_PRIMARY_RESULT,No primary-outcome analysis with numeric param_value+CI in AACT
IO_CHEMO_NSCLC_1L_REVIEW.html,NCT02578680,KEYNOTE-189,0.56,Hazard Ratio (HR),0.52,0.43,0.64,Log Rank,OK,
IO_CHEMO_NSCLC_1L_REVIEW.html,NCT02775435,KEYNOTE-407,0.64,Hazard Ratio (HR),0.56,0.45,0.7,"Regression, Cox",OK,
IO_CHEMO_NSCLC_1L_REVIEW.html,NCT02366143,IMpower150,0.78,Hazard Ratio (HR),0.62,0.52,0.74,Log Rank,OK,
IO_CHEMO_NSCLC_1L_REVIEW.html,NCT03164616,POSEIDON,0.77,Hazard Ratio (HR),0.74,0.62,0.885,Log Rank,OK,
IPTACOPAN_IGAN_REVIEW.html,NCT04578834,APPLAUSE-IgAN,0.62,,,,,,AACT_NO_PRIMARY_RESULT,No primary-outcome analysis with numeric param_value+CI in AACT
JAK_RA_REVIEW.html,NCT01710358,RA-BEAM,3.5,,,,,,AACT_NO_PRIMARY_RESULT,No primary-outcome analysis with numeric param_value+CI in AACT
JAK_RA_REVIEW.html,NCT02675426,SELECT-NEXT,3.3,Response Rate Difference,28.1,19.1,37.0,Cochran-Mantel-Haenszel,OK,
JAK_RA_REVIEW.html,NCT02889796,FINCH-1,3.28,Difference in Response Rates,26.7,20.6,32.8,"Regression, Logistic",OK,
JAK_UC_REVIEW.html,NCT01465763,OCTAVE Induction 1,2.53,Percent Difference,10.3,4.3,16.3,CMH Chi-square test,OK,
JAK_UC_REVIEW.html,NCT02819635,U-ACHIEVE Induction,7.77,Adjusted risk difference (%),8.4,0.0,16.8,Cochran-Mantel-Haenszel,OK,
JAK_UC_REVIEW.html,NCT02914522,SELECTION Induction A,2.04,Difference in Percentages,10.8,2.1,19.5,Cochran-Mantel-Haenszel,OK,
JAKI_AD_NMA_REVIEW.html,NCT03349060,JADE-MONO-1,5.66,Difference in Percentage,15.8,6.8,24.8,Cochran-Mantel-Haenszel,OK,
JAKI_AD_NMA_REVIEW.html,NCT03575871,JADE-MONO-2,4.19,Difference in Percentage,19.3,9.6,29.0,Cochran-Mantel-Haenszel,OK,
JAKI_AD_NMA_REVIEW.html,NCT03569293,Measure Up 1,7.27,Adjusted Response Rate Difference,63.4,57.1,69.8,Cochran-Mantel-Haenszel,OK,
JAKI_AD_NMA_REVIEW.html,NCT03607422,Measure Up 2,11.14,Adjusted Response Rate Difference,59.6,53.1,66.2,Cochran-Mantel-Haenszel,OK,
JAKI_AD_NMA_REVIEW.html,NCT03334396,BREEZE-AD1,3.52,Odds Ratio (OR),2.61,1.17,5.84,"Regression, Logistic",OK,
JAKI_AD_NMA_REVIEW.html,NCT03334422,BREEZE-AD2,3.06,Odds Ratio (OR),2.58,1.12,5.92,"Regression, Logistic",OK,
JAKI_AD_REVIEW.html,NCT03349060,JADE MONO-1,5.54,Difference in Percentage,15.8,6.8,24.8,Cochran-Mantel-Haenszel,OK,
JAKI_AD_REVIEW.html,NCT03575871,JADE MONO-2,4.25,Difference in Percentage,19.3,9.6,29.0,Cochran-Mantel-Haenszel,OK,
JAKI_AD_REVIEW.html,NCT03569293,MEASURE-UP 1,7.43,Adjusted Response Rate Difference,63.4,57.1,69.8,Cochran-Mantel-Haenszel,OK,
JAKI_AD_REVIEW.html,NCT03607422,MEASURE-UP 2,11.16,Adjusted Response Rate Difference,59.6,53.1,66.2,Cochran-Mantel-Haenszel,OK,
JAKI_RA_NMA_REVIEW.html,NCT00853385,ORAL-Standard,2.67,Percent difference,24.24,13.18,35.31,Normal approximation,OK,
JAKI_RA_NMA_REVIEW.html,NCT01710358,RA-BEAM,3.51,,,,,,AACT_NO_PRIMARY_RESULT,No primary-outcome analysis with numeric param_value+CI in AACT
JAKI_RA_NMA_REVIEW.html,NCT02629159,SELECT-Compare,4.36,Response Rate Difference,34.1,29.0,39.2,Cochran-Mantel-Haenszel,OK,
JAKI_RA_NMA_REVIEW.html,NCT02889796,FINCH-1,3.34,Difference in Response Rates,26.7,20.6,32.8,"Regression, Logistic",OK,
KRAS_G12C_NMA_REVIEW.html,NCT04303780,CodeBreaK 200,0.66,Hazard Ratio (HR),0.663,0.509,0.864,Log Rank,OK,
KRAS_G12C_NMA_REVIEW.html,NCT04685135,KRYSTAL-12,0.58,Hazard Ratio (HR),0.58,0.45,0.76,Log Rank,OK,
LEBRIKIZUMAB_AD_REVIEW.html,NCT04146363,ADvocate1,3.38,Risk Difference (RD),29.7,21.6,37.8,Cochran-Mantel-Haenszel,OK,
LEBRIKIZUMAB_AD_REVIEW.html,NCT04178967,ADvocate2,3.14,Risk Difference (RD),21.9,14.2,29.6,Cochran-Mantel-Haenszel,OK,
LEBRIKIZUMAB_AD_REVIEW.html,NCT04250337,ADhere,1.82,Risk Difference (RD),18.3,5.1,31.5,Cochran-Mantel-Haenszel,OK,
LENACAPAVIR_PREP_REVIEW.html,NCT04994509,PURPOSE-1,0.02,Rate Ratio,0.0,0.0,0.042,Likelihood ratio test,OK,
LENACAPAVIR_PREP_REVIEW.html,NCT04925752,PURPOSE-2,0.11,Rate Ratio,0.043,0.01,0.182,Wald test,DEFECT,"MAGNITUDE_DIFFER(our=0.11,aact=0.04)"
LIPID_HUB_REVIEW.html,NCT01492361,REDUCE-IT,0.75,Hazard Ratio (HR),0.75,0.68,0.83,Log Rank,OK,
LIPID_HUB_REVIEW.html,NCT02104817,STRENGTH,1.02,Hazard Ratio (HR),0.99,0.9,1.09,"Regression, Cox",OK,
LIPID_HUB_REVIEW.html,NCT01169259,VITAL,0.92,Hazard Ratio (HR),0.96,0.88,1.06,"Regression, Cox",OK,
LIPID_HUB_REVIEW.html,NCT01841944,OMEMI,1.08,,,,,,AACT_NO_PRIMARY_RESULT,No primary-outcome analysis with numeric param_value+CI in AACT
LIPID_HUB_REVIEW.html,NCT02944682,RESPECT-EPA,0.79,,,,,,AACT_NO_PRIMARY_RESULT,No primary-outcome analysis with numeric param_value+CI in AACT
LU_PSMA_MCRPC_REVIEW.html,NCT03511664,VISION,0.4,Hazard Ratio (HR),0.4,0.29,0.57,Log Rank,OK,
LU_PSMA_MCRPC_REVIEW.html,NCT04689828,PSMAfore,0.43,Hazard Ratio (HR),0.41,0.29,0.56,Log Rank,OK,
MALARIA_ACT_NMA_REVIEW.html,NCT01704508,Bandim AL-vs-DP,0.5,,,,,,AACT_NO_PRIMARY_RESULT,No primary-outcome analysis with numeric param_value+CI in AACT
MALARIA_ACT_NMA_REVIEW.html,NCT06076213,TES2022 DRC,0.78,,,,,,AACT_NO_PRIMARY_RESULT,No primary-outcome analysis with numeric param_value+CI in AACT
MALARIA_ACT_NMA_REVIEW.html,NCT04565184,Yaounde TES Cameroon,0.71,,,,,,AACT_NO_PRIMARY_RESULT,No primary-outcome analysis with numeric param_value+CI in AACT
MALARIA_ACT_NMA_REVIEW.html,NCT05192265,Nigeria PA-vs-AL,0.8,,,,,,AACT_NO_PRIMARY_RESULT,No primary-outcome analysis with numeric param_value+CI in AACT
MALARIA_ACT_NMA_REVIEW.html,NCT04767191,Siaya-Bungoma TES Kenya,0.57,,,,,,AACT_NO_PRIMARY_RESULT,No primary-outcome analysis with numeric param_value+CI in AACT
MALARIA_VACCINE_NMA_REVIEW.html,NCT00866619,"RTS,S/AS01 Phase 3",0.637,Vaccine efficacy,55.8,50.6,60.4,"Regression, Cox",OK,
MALARIA_VACCINE_NMA_REVIEW.html,NCT03896724,R21/Matrix-M Phase 2b (Datoo 2,0.23,,,,,,AACT_NO_PRIMARY_RESULT,No primary-outcome analysis with numeric param_value+CI in AACT
MALARIA_VACCINE_NMA_REVIEW.html,NCT04704830,R21/Matrix-M Phase 3 (Datoo 20,0.25,,,,,,AACT_NO_PRIMARY_RESULT,No primary-outcome analysis with numeric param_value+CI in AACT
MALARIA_VACCINES_NMA_REVIEW.html,NCT00866619,"RTS,S Phase 3",0.64,Vaccine efficacy,55.8,50.6,60.4,"Regression, Cox",OK,
MALARIA_VACCINES_NMA_REVIEW.html,NCT03896724,R21 Phase 2b,0.23,,,,,,AACT_NO_PRIMARY_RESULT,No primary-outcome analysis with numeric param_value+CI in AACT
MALARIA_VACCINES_NMA_REVIEW.html,NCT04704830,R21 Phase 3,0.25,,,,,,AACT_NO_PRIMARY_RESULT,No primary-outcome analysis with numeric param_value+CI in AACT
MDR_TB_SHORTENED_NMA_REVIEW.html,NCT02589782,TB-PRACTECAL (BPaLM vs SOC),0.22,,,,,,AACT_NO_PRIMARY_RESULT,No primary-outcome analysis with numeric param_value+CI in AACT
MDR_TB_SHORTENED_NMA_REVIEW.html,NCT02333799,Nix-TB (BPaL single-arm XDR-TB,0.34,,,,,,AACT_NO_PRIMARY_RESULT,No primary-outcome analysis with numeric param_value+CI in AACT
MDR_TB_SHORTENED_NMA_REVIEW.html,NCT03086486,ZeNix (BPaL dose-finding),0.79,,,,,,AACT_NO_PRIMARY_RESULT,No primary-outcome analysis with numeric param_value+CI in AACT
MEDITERRANEAN_DIET_CV_NMA_REVIEW.html,NCT00924937,CORDIOPREV (Delgado-Lista 2022,0.74,,,,,,AACT_NO_PRIMARY_RESULT,No primary-outcome analysis with numeric param_value+CI in AACT
MHEALTH_ART_ADHERENCE_REVIEW.html,NCT00830622,WelTel Kenya 1,1.23,,,,,,AACT_NO_PRIMARY_RESULT,No primary-outcome analysis with numeric param_value+CI in AACT
MIGRAINE_ACUTE_NMA_REVIEW.html,NCT03461757,ACHIEVE I,1.95,Risk Difference (RD),10.4,6.5,14.2,Cochran-Mantel-Haenszel,OK,
MIGRAINE_ACUTE_NMA_REVIEW.html,NCT03235479,ACHIEVE II,1.49,Risk Difference (RD),4.9,0.5,9.3,Cochran-Mantel-Haenszel,OK,
MIGRAINE_ACUTE_NMA_REVIEW.html,NCT02867709,SAMURAI,2.0,Odds Ratio (OR),1.56,1.09,2.22,"Regression, Logistic",OK,
MIGRAINE_ACUTE_NMA_REVIEW.html,NCT03872453,Rimegepant Study 303,1.87,Stratified Percentage Difference,4.2,-2.3,10.7,Cochran-Mantel-Haenszel,OK,
MIRIKIZUMAB_UC_REVIEW.html,NCT03518086,LUCENT-1,2.08,Risk Difference (RD),11.1,3.2,19.1,Cochran-Mantel-Haenszel,OK,
MIRIKIZUMAB_UC_REVIEW.html,NCT03524092,LUCENT-2,2.97,Risk Difference (RD),23.2,15.2,31.2,Cochran-Mantel-Haenszel,OK,
MIRVETUXIMAB_OVARIAN_REVIEW.html,NCT04209855,MIRASOL,0.65,Cox Proportional Hazard,0.63,0.513,0.785,Log Rank,OK,
MITAPIVAT_THALASSEMIA_REVIEW.html,NCT04770753,ENERGIZE,24.7,Percentage difference,40.9,32.0,49.8,Cochran-Mantel-Haenszel,OK,
MITRAL_FUNCMR_REVIEW.html,NCT01626079,COAPT,0.57,Kaplan Meier,0.966,0.948,,Z test Using Kaplan Meier Survival,OK,
MITRAL_FUNCMR_REVIEW.html,NCT01920698,MITRA-FR,1.13,,,,,,AACT_NO_PRIMARY_RESULT,No primary-outcome analysis with numeric param_value+CI in AACT
MITRAL_FUNCMR_REVIEW.html,NCT02444338,RESHAPE-HF2,0.64,,,,,,AACT_NO_PRIMARY_RESULT,No primary-outcome analysis with numeric param_value+CI in AACT
MM_1L_NMA_REVIEW.html,NCT02252172,MAIA,0.56,Hazard Ratio (HR),0.56,0.43,0.73,Log Rank,OK,
MM_1L_NMA_REVIEW.html,NCT02195479,ALCYONE,0.5,,,,,,AACT_NO_PRIMARY_RESULT,No primary-outcome analysis with numeric param_value+CI in AACT
MM_1L_NMA_REVIEW.html,NCT02541383,CASSIOPEIA,0.47,Odds Ratio (OR),1.6,1.21,2.12,Cochran-Mantel-Haenszel,DEFECT,"SIGN_DIFFER(our=0.47,aact=1.6);MAGNITUDE_DIFFER(our=0.47,aact=1.60)"
MM_1L_NMA_REVIEW.html,NCT03319667,IMROZ,0.6,,,,,,AACT_NO_PRIMARY_RESULT,No primary-outcome analysis with numeric param_value+CI in AACT
NEOADJUVANT_IO_NSCLC_REVIEW.html,NCT02998528,CheckMate-816,0.63,Cox Proportional Hazard,0.63,0.43,0.91,Log Rank,OK,
NEOADJUVANT_IO_NSCLC_REVIEW.html,NCT03425643,KEYNOTE-671,0.58,Hazard Ratio (HR),0.59,0.48,0.72,Log Rank,OK,
NEOADJUVANT_IO_NSCLC_REVIEW.html,NCT03800134,AEGEAN,0.68,,,,,,AACT_NO_PRIMARY_RESULT,No primary-outcome analysis with numeric param_value+CI in AACT
NIRSEVIMAB_INFANT_RSV_REVIEW.html,NCT02878330,Nirsevimab Phase 2b,0.3,Relative Risk Reduction,70.1,52.3,81.2,Poisson regression,OK,
NIRSEVIMAB_INFANT_RSV_REVIEW.html,NCT03979313,MELODY,0.25,Relative Risk Reduction (RRR),74.53,49.63,87.12,Poisson Model,DEFECT,"SIGN_DIFFER(our=0.25,aact=74.53);MAGNITUDE_DIFFER(our=0.25,aact=74.53)"
NIRSEVIMAB_INFANT_RSV_REVIEW.html,NCT05437510,HARMONIE,0.17,Efficacy,84.04,69.493,92.411,Exact method using binomial distribution,OK,
OBESITY_DRUGS_NMA_REVIEW.html,NCT04184622,SURMOUNT-1,36.7,Least Square (LS) Mean Difference (Net),-13.5,-14.6,-12.5,Mixed Models Analysis,DEFECT,"SIGN_DIFFER(our=36.7,aact=-13.5)"
OBESITY_DRUGS_NMA_REVIEW.html,NCT03548935,STEP 1,18.4,Treatment difference,-12.44,-13.37,-11.51,ANCOVA,DEFECT,"SIGN_DIFFER(our=18.4,aact=-12.44)"
OBESITY_DRUGS_NMA_REVIEW.html,NCT01272219,SCALE Obesity,6.0,Estimated mean difference,-5.39,-5.82,-4.95,ANCOVA,DEFECT,"SIGN_DIFFER(our=6.0,aact=-5.39)"
OSIMERTINIB_EGFR_NSCLC_REVIEW.html,NCT02151981,AURA3,0.3,Hazard Ratio (HR),0.3,0.23,0.41,Log Rank,OK,
OSIMERTINIB_EGFR_NSCLC_REVIEW.html,NCT02296125,FLAURA,0.46,Hazard Ratio (HR),0.46,0.37,0.57,Log Rank,OK,
OSIMERTINIB_EGFR_NSCLC_REVIEW.html,NCT02511106,ADAURA,0.2,Hazard Ratio (HR),0.23,0.18,0.3,Log Rank,OK,
OSIMERTINIB_EGFR_NSCLC_REVIEW.html,NCT04035486,FLAURA2,0.62,Hazard Ratio (HR),0.62,0.49,0.79,Log Rank,OK,
PAH_THERAPY_NMA_REVIEW.html,NCT04576988,STELLAR,0.16,Treatment difference,40.8,27.53,54.14,Aligned Rank Stratified Wilcoxon (ARSW),OK,
PAH_THERAPY_NMA_REVIEW.html,NCT01106014,GRIPHON,0.6,Hazard Ratio (HR),0.6,0.46,0.78,Log Rank,OK,
PAH_THERAPY_NMA_REVIEW.html,NCT00810693,PATENT-1,0.55,Mean Difference (Final Values),35.78,20.06,51.51,ANCOVA,OK,
PAH_THERAPY_NMA_REVIEW.html,NCT00660179,SERAPHIN,0.55,Hazard Ratio (HR),0.704,0.516,0.96,Log Rank,OK,
PARP_ARPI_MCRPC_REVIEW.html,NCT03732820,PROpel,0.66,Hazard Ratio (HR),0.66,0.54,0.81,Log Rank,OK,
PARP_ARPI_MCRPC_REVIEW.html,NCT03748641,MAGNITUDE,0.73,Hazard Ratio (HR),0.729,0.556,0.956,Log Rank,OK,
PARP_ARPI_MCRPC_REVIEW.html,NCT03395197,TALAPRO-2,0.63,Hazard Ratio (HR),0.627,0.506,0.777,Log Rank,OK,
PARP_OVARIAN_REVIEW.html,NCT01844986,SOLO-1,0.3,Hazard Ratio (HR),0.3,0.23,0.41,"Regression, Cox",OK,
PARP_OVARIAN_REVIEW.html,NCT02477644,PAOLA-1,0.59,,,,,,AACT_NO_PRIMARY_RESULT,No primary-outcome analysis with numeric param_value+CI in AACT
PARP_OVARIAN_REVIEW.html,NCT02655016,PRIMA,0.62,Hazard Ratio (HR),0.62,0.502,0.755,Log Rank,OK,
PBC_PPAR_REVIEW.html,NCT04526665,ELATIVE,13.4,Odds Ratio (OR),37.562,7.641,302.247,Exact Cochran-Mantel-Haenszel test,DEFECT,"MAGNITUDE_DIFFER(our=13.40,aact=37.56)"
PBC_PPAR_REVIEW.html,NCT04620733,RESPONSE,3.0,Risk Difference (RD),41.7,27.7,53.4,Cochran-Mantel-Haenszel,OK,
PCSK9_LIPID_NMA_REVIEW.html,NCT00202878,IMPROVE-IT,0.936,Hazard Ratio (HR),0.936,0.887,0.988,Cox proportional hazard model,OK,
PCSK9_LIPID_NMA_REVIEW.html,NCT01764633,FOURIER,0.85,Hazard Ratio (HR),0.85,0.79,0.92,Log Rank,OK,
PCSK9_LIPID_NMA_REVIEW.html,NCT01663402,ODYSSEY-OUTCOMES,0.85,Hazard Ratio (HR),0.85,0.78,0.93,Log Rank,OK,
PCSK9_LIPID_NMA_REVIEW.html,NCT02993406,CLEAR-OUTCOMES,0.87,Hazard Ratio (HR),0.87,0.79,0.96,Log Rank,OK,
PEDIATRIC_HIV_ART_NMA_REVIEW.html,NCT02259127,"ODYSSEY (DTG vs SOC, paeds)",0.61,Risk Difference (RD),-0.08,-0.14,-0.03,Bootstrap method,DEFECT,"SIGN_DIFFER(our=0.61,aact=-0.08)"
PHYSICAL_REHAB_OLDER_NMA_REVIEW.html,NCT02196038,REHAB-HF (Kitzman 2021),1.5,Mean Difference (Final Values),1.5,0.9,2.0,joint model,OK,
PHYSICAL_REHAB_OLDER_NMA_REVIEW.html,NCT01072500,LIFE (Pahor 2014),0.82,Hazard Ratio (HR),0.82,0.69,0.98,"Regression, Cox",OK,
PHYSICAL_REHAB_OLDER_NMA_REVIEW.html,NCT00871715,ICARE (Winstein 2016),1.0,,,,,,AACT_NO_PRIMARY_RESULT,No primary-outcome analysis with numeric param_value+CI in AACT
PI3K_AKT_BC_REVIEW.html,NCT02437318,SOLAR-1,0.65,Hazard Ratio (HR),0.65,0.5,0.85,Log Rank,OK,
PI3K_AKT_BC_REVIEW.html,NCT04305496,CAPItello-291,0.6,Hazard Ratio (HR),0.6,0.51,0.71,Stratified log rank test,OK,
PI3K_AKT_BC_REVIEW.html,NCT04191499,INAVO120,0.43,Hazard Ratio (HR),0.43,0.32,0.59,Log Rank,OK,
POLYCYTHEMIA_VERA_NMA_REVIEW.html,NCT01243944,RESPONSE (Vannucchi 2015),28.6,"Odds Ratio, log",32.67,5.04,1337.0,Exact Cochran-Mantel-Haenszel,OK,
POLYCYTHEMIA_VERA_NMA_REVIEW.html,NCT02038036,RESPONSE-2 (Passamonti 2017),6.84,,,,,,AACT_NO_PRIMARY_RESULT,No primary-outcome analysis with numeric param_value+CI in AACT
POLYCYTHEMIA_VERA_NMA_REVIEW.html,NCT01949805,PROUD-PV (Gisslinger 2020),1.18,,,,,,AACT_NO_PRIMARY_RESULT,No primary-outcome analysis with numeric param_value+CI in AACT
POSTPARTUM_HEMORRHAGE_NMA_REVIEW.html,NCT04341662,E-MOTIVE (PPH bundle),0.4,,,,,,AACT_NO_PRIMARY_RESULT,No primary-outcome analysis with numeric param_value+CI in AACT
PPH_BUNDLE_NMA_REVIEW.html,NCT00872469,WOMAN,0.81,,,,,,AACT_NO_PRIMARY_RESULT,No primary-outcome analysis with numeric param_value+CI in AACT
PPH_BUNDLE_NMA_REVIEW.html,NCT03475342,WOMAN-2,1.01,,,,,,AACT_NO_PRIMARY_RESULT,No primary-outcome analysis with numeric param_value+CI in AACT
PPH_BUNDLE_NMA_REVIEW.html,NCT04341662,E-MOTIVE,0.4,,,,,,AACT_NO_PRIMARY_RESULT,No primary-outcome analysis with numeric param_value+CI in AACT
PREGNANCY_HIV_VESTED_REVIEW.html,NCT03048422,IMPAACT 2010 / VESTED,1.03,Risk Difference (RD),6.5,2.0,10.7,,OK,
PRIMAQUINE_GAMETOCYTE_DR_REVIEW.html,NCT01365598,Eziefula 2014 Uganda,0.157,,,,,,AACT_NO_PRIMARY_RESULT,No primary-outcome analysis with numeric param_value+CI in AACT
PRIMAQUINE_GAMETOCYTE_DR_REVIEW.html,NCT02174900,SAFEPRIM Burkina Faso,-6.0,,,,,,AACT_NO_PRIMARY_RESULT,No primary-outcome analysis with numeric param_value+CI in AACT
PSA_BIOLOGICS_NMA_REVIEW.html,NCT01695239,SPIRIT-P1,2.04,,,,,,AACT_NO_PRIMARY_RESULT,No primary-outcome analysis with numeric param_value+CI in AACT
PSA_BIOLOGICS_NMA_REVIEW.html,NCT03158285,DISCOVER-2,1.93,Difference in percentage,31.2,22.9,39.5,Cochran-Mantel-Haenszel,OK,
PSA_BIOLOGICS_NMA_REVIEW.html,NCT03895203,BE OPTIMAL,4.4,Odds Ratio (OR),7.082,4.583,10.943,"Regression, Logistic",OK,
PSA_BIOLOGICS_NMA_REVIEW.html,NCT03104400,SELECT-PsA 1,1.97,Response Rate Difference,34.5,28.2,40.7,Cochran-Mantel-Haenszel,OK,
RCC_1L_NMA_REVIEW.html,NCT03141177,CheckMate 9ER,0.51,Hazard Ratio (HR),0.51,0.41,0.64,Stratified Log-Rank,OK,
RCC_1L_NMA_REVIEW.html,NCT02853331,KEYNOTE-426,0.69,Hazard Ratio (HR),0.69,0.56,0.84,Log Rank,OK,
RCC_1L_NMA_REVIEW.html,NCT02811861,CLEAR,0.39,Stratified Hazard Ratio,0.65,0.53,0.8,Stratified Log-rank Test,OK,
RCC_1L_NMA_REVIEW.html,NCT02231749,CheckMate 214,0.63,Stratified Difference,16.0,9.8,22.2,DerSimonian and Laird Test,OK,
RESMETIROM_MASH_REVIEW.html,NCT03900429,MAESTRO-NASH,2.71,,,,,,AACT_NO_PRIMARY_RESULT,No primary-outcome analysis with numeric param_value+CI in AACT
RISANKIZUMAB_CD_REVIEW.html,NCT03105128,ADVANCE,2.49,Adjusted Risk Difference,20.7,12.4,29.0,Cochran-Mantel-Haenszel,OK,
RISANKIZUMAB_CD_REVIEW.html,NCT03104413,MOTIVATE,3.15,Adjusted Risk Difference,22.1,13.1,31.0,Cochran-Mantel-Haenszel,OK,
RISANKIZUMAB_CD_REVIEW.html,NCT03105102,FORTIFY,1.79,,,,,,AACT_NO_PRIMARY_RESULT,No primary-outcome analysis with numeric param_value+CI in AACT
ROMOSOZUMAB_OP_REVIEW.html,NCT01575834,FRAME,0.27,Odds Ratio (OR),0.27,0.15,0.47,"Regression, Logistic",OK,
ROMOSOZUMAB_OP_REVIEW.html,NCT01631214,ARCH,0.52,Odds Ratio (OR),0.48,0.36,0.64,"Regression, Logistic",OK,
ROMOSOZUMAB_OP_REVIEW.html,NCT02186171,BRIDGE,0.056,LS Mean Difference,10.9,9.6,12.2,ANCOVA,OK,
ROTAVIRUS_VACCINE_AFRICA_NMA_REVIEW.html,NCT00241644,Rotarix Africa (Madhi 2010),0.388,,,,,,AACT_NO_PRIMARY_RESULT,No primary-outcome analysis with numeric param_value+CI in AACT
ROTAVIRUS_VACCINE_AFRICA_NMA_REVIEW.html,NCT00362648,RotaTeq Africa (Armah 2010),0.607,Efficacy = 1-Relative Risk,39.3,19.1,54.7,Exact binomial test,OK,
ROTAVIRUS_VACCINE_AFRICA_NMA_REVIEW.html,NCT02145000,Rotasiil ROSE Niger (Isanaka 2,0.353,,,,,,AACT_NO_PRIMARY_RESULT,No primary-outcome analysis with numeric param_value+CI in AACT
RSV_VACCINE_OLDER_REVIEW.html,NCT05035212,RENOIR,0.33,,,,,,AACT_NO_PRIMARY_RESULT,No primary-outcome analysis with numeric param_value+CI in AACT
RSV_VACCINE_OLDER_REVIEW.html,NCT04886596,AReSVi-006,0.17,VE,82.58,57.89,94.08,Poisson regression method,OK,
RSV_VACCINE_OLDER_REVIEW.html,NCT05127434,ConquerRSV,0.16,,,,,,AACT_NO_PRIMARY_RESULT,No primary-outcome analysis with numeric param_value+CI in AACT
RUSFERTIDE_PV_REVIEW.html,NCT05210790,VERIFY,2.05,,,,,,AACT_NO_PRIMARY_RESULT,No primary-outcome analysis with numeric param_value+CI in AACT
SAM_SIMPLIFIED_PROTOCOL_REVIEW.html,NCT04698070,OptiMA Niger (ComPAS vs Standa,0.96,,,,,,AACT_NO_PRIMARY_RESULT,No primary-outcome analysis with numeric param_value+CI in AACT
SCD_DISEASE_MOD_NMA_REVIEW.html,NCT01179217,L-glutamine (Endari),0.75,Wilcoxon rank-sum test,0.5,,,Cochran-Mantel-Haenszel,OK,
SCHISTOSOMIASIS_ARPRAZIQUANTEL_REVIEW.html,NCT03845140,L-PZQ ODT (arpraziquantel) pha,0.98,,,,,,AACT_NO_PRIMARY_RESULT,No primary-outcome analysis with numeric param_value+CI in AACT
SEMAGLUTIDE_OBESITY_REVIEW.html,NCT03552757,STEP-2,-6.2,Treatment difference,-6.21,-7.28,-5.15,ANCOVA,OK,
SEPSIS_RESUSCITATION_NMA_REVIEW.html,NCT01945983,CENSER (Permpikul 2019),0.72,,,,,,AACT_NO_PRIMARY_RESULT,No primary-outcome analysis with numeric param_value+CI in AACT
SEPSIS_RESUSCITATION_NMA_REVIEW.html,NCT03434028,CLOVERS (Shapiro 2023),0.93,difference in mortality rate,-0.9,-4.4,2.6,Z-test,OK,
SEPSIS_RESUSCITATION_NMA_REVIEW.html,NCT03668236,CLASSIC (Meyhoff 2022),0.99,,,,,,AACT_NO_PRIMARY_RESULT,No primary-outcome analysis with numeric param_value+CI in AACT
SEVERE_ASTHMA_NMA_REVIEW.html,NCT01691521,MENSA,0.53,Rate Ratio,0.53,0.4,0.72,Negative binomial model,OK,
SEVERE_ASTHMA_NMA_REVIEW.html,NCT01287039,Castro-2015-Resliz,0.5,CAE rate ratio (reslizumab vs placebo),0.501,0.3726,0.6737,Chi-squared,OK,
SEVERE_ASTHMA_NMA_REVIEW.html,NCT01928771,SIROCCO,0.49,Rate ratio,0.55,0.42,0.71,Negative binomial,OK,
SEVERE_ASTHMA_NMA_REVIEW.html,NCT02414854,QUEST,0.54,Relative risk,0.54,0.43,0.68,Negative binomial regression model,OK,
SEVERE_ASTHMA_NMA_REVIEW.html,NCT03347279,NAVIGATOR,0.44,Rate Ratio,0.44,0.37,0.53,Negative Binomial,OK,
SGLT2_HF_REVIEW.html,NCT03036124,DAPA-HF,0.74,Hazard Ratio (HR),0.74,0.65,0.85,"Regression, Cox",OK,
SGLT2_HF_REVIEW.html,NCT03057977,EMPEROR-Reduced,0.75,Hazard Ratio (HR),0.75,0.65,0.86,"Regression, Cox",OK,
SGLT2_HF_REVIEW.html,NCT03057951,EMPEROR-Preserved,0.79,Hazard Ratio (HR),0.79,0.69,0.9,"Regression, Cox",OK,
SGLT2_HF_REVIEW.html,NCT03619213,DELIVER,0.82,Hazard Ratio (HR),0.82,0.73,0.92,"Regression, Cox",OK,
SGLT2_HF_REVIEW.html,NCT03521934,SOLOIST-WHF,0.67,Hazard Ratio (HR),0.67,0.52,0.85,Cox proportional hazards model,OK,
SGLT2_MACE_CVOT_REVIEW.html,NCT01131676,EMPA-REG OUTCOME,0.86,Hazard Ratio (HR),0.86,0.74,0.99,Cox proportional hazards model,OK,
SGLT2_MACE_CVOT_REVIEW.html,NCT01032629,CANVAS,0.86,Hazard Ratio (HR),0.93,0.78,1.12,Cox proportional hazard model,OK,
SGLT2_MACE_CVOT_REVIEW.html,NCT01730534,DECLARE-TIMI 58,0.93,Hazard Ratio (HR),0.93,0.84,1.03,"Regression, Cox",OK,
SGLT2_MACE_CVOT_REVIEW.html,NCT01986881,VERTIS-CV,0.97,Hazard Ratio (HR),0.97,0.848,1.114,Cox Proportional Hazards Model,OK,
SGLT2I_HF_NMA_REVIEW.html,NCT03036124,DAPA-HF,0.74,Hazard Ratio (HR),0.74,0.65,0.85,"Regression, Cox",OK,
SGLT2I_HF_NMA_REVIEW.html,NCT03057977,EMPEROR-Reduced,0.75,Hazard Ratio (HR),0.75,0.65,0.86,"Regression, Cox",OK,
SGLT2I_HF_NMA_REVIEW.html,NCT03057951,EMPEROR-Preserved,0.79,Hazard Ratio (HR),0.79,0.69,0.9,"Regression, Cox",OK,
SGLT2I_HF_NMA_REVIEW.html,NCT03619213,DELIVER,0.82,Hazard Ratio (HR),0.82,0.73,0.92,"Regression, Cox",OK,
SGLT2I_HF_NMA_REVIEW.html,NCT03521934,SOLOIST-WHF,0.67,Hazard Ratio (HR),0.67,0.52,0.85,Cox proportional hazards model,OK,
SGLT2I_HF_NMA_REVIEW.html,NCT03315143,SCORED,0.74,Hazard Ratio (HR),0.74,0.63,0.88,Cox proportional hazards model,OK,
SOTAGLIFLOZIN_HF_REVIEW.html,NCT03521934,SOLOIST-WHF,0.67,Hazard Ratio (HR),0.67,0.52,0.85,Cox proportional hazards model,OK,
SOTAGLIFLOZIN_HF_REVIEW.html,NCT03315143,SCORED,0.74,Hazard Ratio (HR),0.74,0.63,0.88,Cox proportional hazards model,OK,
SOTATERCEPT_PAH_REVIEW.html,NCT04576988,STELLAR,0.16,Treatment difference,40.8,27.53,54.14,Aligned Rank Stratified Wilcoxon (ARSW),OK,
SPARSENTAN_IGAN_REVIEW.html,NCT03762850,PROTECT,0.55,Geometric Mean Ratio,0.59,0.51,0.69,Mixed Models Analysis,OK,
SPONDYLOARTHRITIS_NMA_REVIEW.html,NCT02696785,MEASURE 4,2.15,Odds Ratio (OR),2.73,1.35,5.52,"Regression, Logistic",OK,
SPONDYLOARTHRITIS_NMA_REVIEW.html,NCT03928704,BE MOBILE 1,1.27,Odds Ratio (OR),3.51,2.0,6.16,"Regression, Logistic",DEFECT,"MAGNITUDE_DIFFER(our=1.27,aact=3.51)"
SPONDYLOARTHRITIS_NMA_REVIEW.html,NCT03928743,BE MOBILE 2,1.21,Odds Ratio (OR),2.88,1.71,4.87,"Regression, Logistic",DEFECT,"MAGNITUDE_DIFFER(our=1.21,aact=2.88)"
SPONDYLOARTHRITIS_NMA_REVIEW.html,NCT04169373,SELECT-AXIS 2,3.06,Response Rate Difference,26.4,17.9,34.9,Cochran-Mantel-Haenszel,OK,
TAVR_LOWRISK_REVIEW.html,NCT02675114,PARTNER 3,0.54,,,,,,AACT_NO_PRIMARY_RESULT,No primary-outcome analysis with numeric param_value+CI in AACT
TAVR_LOWRISK_REVIEW.html,NCT02701283,Evolut Low Risk,0.72,Posterior Median of the Difference,0.999,,,Bayesian,OK,
TAVR_LOWRISK_REVIEW.html,NCT01057173,NOTION,0.79,,,,,,AACT_NO_PRIMARY_RESULT,No primary-outcome analysis with numeric param_value+CI in AACT
TB_DRUG_SUSCEPTIBLE_4MO_REVIEW.html,NCT02410772,Study 31 / A5349 (4-month rifa,1.22,Risk Difference (RD),1.0,-2.6,4.5,Cochran-Mantel-Haenszel,OK,
TB_PREVENTION_NMA_REVIEW.html,NCT01404312,BRIEF-TB / A5279 (1HP),0.99,Incidence Rate Difference,-0.0231,-0.346,0.3,,OK,
TB_PREVENTION_NMA_REVIEW.html,NCT00023452,TBTC Study 26 / PREVENT TB (3H,0.44,Difference in Cumulative TB Disease Rate,-0.24,,0.01,,DEFECT,"SIGN_DIFFER(our=0.44,aact=-0.24)"
TB_PREVENTION_NMA_REVIEW.html,NCT01582711,iAdhere / TBTC Study 33 (3HP S,0.96,,,,,,AACT_NO_PRIMARY_RESULT,No primary-outcome analysis with numeric param_value+CI in AACT
TB_PREVENTION_REVIEW.html,NCT01404312,BRIEF-TB / A5279,0.97,Incidence Rate Difference,-0.0231,-0.346,0.3,,OK,
TDXD_HER2LOW_BC_REVIEW.html,NCT03734029,DESTINY-Breast04,0.5,Cox Proportional Hazard,0.5085,0.4012,0.6444,Log Rank,OK,
TDXD_HER2LOW_BC_REVIEW.html,NCT04494425,DESTINY-Breast06,0.62,Hazard Ratio (HR),0.62,0.52,0.75,Log Rank,OK,
TEPLIZUMAB_T1D_REVIEW.html,NCT01030861,TN-10,0.41,,,,,,AACT_NO_PRIMARY_RESULT,No primary-outcome analysis with numeric param_value+CI in AACT
TIRZEPATIDE_T2D_REVIEW.html,NCT03987919,SURPASS-2,-0.45,LS Mean Difference,-0.51,-0.64,-0.38,Mixed Models Analysis,OK,
TIRZEPATIDE_T2D_REVIEW.html,NCT03730662,SURPASS-4,-0.99,Mean Difference (Net),-0.99,-1.13,-0.86,Mixed Models Analysis,OK,
TNK_VS_TPA_STROKE_REVIEW.html,NCT01949948,NOR-TEST,1.08,,,,,,AACT_NO_PRIMARY_RESULT,No primary-outcome analysis with numeric param_value+CI in AACT
TNK_VS_TPA_STROKE_REVIEW.html,NCT03889249,AcT,1.06,,,,,,AACT_NO_PRIMARY_RESULT,No primary-outcome analysis with numeric param_value+CI in AACT
TNK_VS_TPA_STROKE_REVIEW.html,NCT04797013,TRACE-2,1.05,,,,,,AACT_NO_PRIMARY_RESULT,No primary-outcome analysis with numeric param_value+CI in AACT
TNK_VS_TPA_STROKE_REVIEW.html,NCT02388061,EXTEND-IA TNK,2.2,,,,,,AACT_NO_PRIMARY_RESULT,No primary-outcome analysis with numeric param_value+CI in AACT
TNK_VS_TPA_STROKE_REVIEW.html,NCT03854500,NOR-TEST 2 Part A,0.84,,,,,,AACT_NO_PRIMARY_RESULT,No primary-outcome analysis with numeric param_value+CI in AACT
TNK_VS_TPA_STROKE_REVIEW.html,NCT02814409,ATTEST-2,1.07,,,,,,AACT_NO_PRIMARY_RESULT,No primary-outcome analysis with numeric param_value+CI in AACT
TOFACITINIB_UC_REVIEW.html,NCT01465763,OCTAVE Induction 1,2.26,Percent Difference,10.3,4.3,16.3,CMH Chi-square test,OK,
TOFACITINIB_UC_REVIEW.html,NCT01458951,OCTAVE Induction 2,4.63,Percentage difference,13.0,8.1,17.9,CMH Chi-square Test,OK,
TOFACITINIB_UC_REVIEW.html,NCT01458574,OCTAVE Sustain,3.66,Difference in percentage,23.2,15.3,31.2,CMH chi-square test,OK,
TYVAC_TYPHOID_REVIEW.html,NCT03299426,TyVAC Malawi,0.193,,,,,,AACT_NO_PRIMARY_RESULT,No primary-outcome analysis with numeric param_value+CI in AACT
UC_BIOLOGICS_NMA_REVIEW.html,NCT00036439,ACT-1,3.7,,,,,,AACT_NO_PRIMARY_RESULT,No primary-outcome analysis with numeric param_value+CI in AACT
UC_BIOLOGICS_NMA_REVIEW.html,NCT00408629,ULTRA-2,1.92,,,,,,AACT_NO_PRIMARY_RESULT,No primary-outcome analysis with numeric param_value+CI in AACT
UC_BIOLOGICS_NMA_REVIEW.html,NCT00488774,PURSUIT-SC,3.16,,,,,,AACT_NO_PRIMARY_RESULT,No primary-outcome analysis with numeric param_value+CI in AACT
UC_BIOLOGICS_NMA_REVIEW.html,NCT00783718,GEMINI-1,3.56,Risk Difference (RD),21.7,11.6,31.7,Cochran-Mantel-Haenszel,OK,
UC_BIOLOGICS_NMA_REVIEW.html,NCT02407236,UNIFI-induction,3.29,Adjusted treatment difference,10.3,5.7,14.9,Cochran-Mantel-Haenszel,OK,
UC_BIOLOGICS_NMA_REVIEW.html,NCT01465763,OCTAVE-1,2.55,Percent Difference,10.3,4.3,16.3,CMH Chi-square test,OK,
UC_BIOLOGICS_NMA_REVIEW.html,NCT02819635,U-ACHIEVE,7.07,Adjusted risk difference (%),8.4,0.0,16.8,Cochran-Mantel-Haenszel,OK,
UC_BIOLOGICS_NMA_REVIEW.html,NCT02435992,TRUE-NORTH,3.53,Odds Ratio (OR),3.586,1.938,6.636,Cochran-Mantel-Haenszel,OK,
UC_BIOLOGICS_NMA_REVIEW.html,NCT03518086,LUCENT-1,2.07,Risk Difference (RD),11.1,3.2,19.1,Cochran-Mantel-Haenszel,OK,
UPADACITINIB_CD_REVIEW.html,NCT03345849,U-EXCEL,2.29,Adjusted Response Rate Difference,20.8,12.7,28.8,Cochran-Mantel-Haenszel,OK,
UPADACITINIB_CD_REVIEW.html,NCT03345836,U-EXCEED,2.44,Adjusted Risk Difference,17.9,10.0,25.8,Cochran-Mantel-Haenszel,OK,
UPADACITINIB_CD_REVIEW.html,NCT03345823,U-ENDURE,3.77,,,,,,AACT_NO_PRIMARY_RESULT,No primary-outcome analysis with numeric param_value+CI in AACT
VENETOCLAX_AML_REVIEW.html,NCT02993523,VIALE-A,0.66,Hazard Ratio (HR),0.58,0.465,0.723,Log Rank,OK,
VENETOCLAX_AML_REVIEW.html,NCT03069352,VIALE-C,0.7,Hazard Ratio (HR),0.749,0.524,1.071,Log Rank,OK,
VENETOCLAX_CLL_REVIEW.html,NCT02242942,CLL14,0.35,Hazard Ratio (HR),0.35,0.23,0.53,Log Rank,OK,
VENETOCLAX_CLL_REVIEW.html,NCT02005471,MURANO,0.17,Hazard Ratio (HR),0.23,0.18,0.29,Log Rank,OK,
VENETOCLAX_CLL_REVIEW.html,NCT02950051,CLL13/GAIA,0.42,,,,,,AACT_NO_PRIMARY_RESULT,No primary-outcome analysis with numeric param_value+CI in AACT
VITAMIN_D_FRACTURE_FALL_NMA_REVIEW.html,NCT01169259,VITAL (Manson 2019),1.04,Hazard Ratio (HR),0.96,0.88,1.06,"Regression, Cox",OK,
VITILIGO_NMA_REVIEW.html,NCT04052425,TRuE-V1 (Rosmarin 2022),4.04,Odds Ratio (OR),5.28,2.341,11.903,exact logistic regression,OK,
VITILIGO_NMA_REVIEW.html,NCT04057573,TRuE-V2 (Rosmarin 2022),2.83,Odds Ratio (OR),3.45,1.737,6.835,exact logistic regression,OK,
VITILIGO_NMA_REVIEW.html,NCT04927975,UpA-Vitiligo Phase 2/3 (Passer,4.4,LS Mean Difference,-7.6,-22.18,6.97,Mixed-Effect Model Repeat Measurement,DEFECT,"SIGN_DIFFER(our=4.4,aact=-7.6)"
VOCLOSPORIN_LN_REVIEW.html,NCT03021499,AURORA 1,2.36,Odds Ratio (OR),2.65,1.64,4.27,"Regression, Logistic",OK,
VORASIDENIB_GLIOMA_REVIEW.html,NCT04164901,INDIGO,0.39,Cox Proportional Hazard,0.39,0.27,0.56,Kaplan-Meier,OK,
VUTRISIRAN_ATTR_REVIEW.html,NCT04153149,HELIOS-B,0.72,Hazard Ratio (HR),0.718,0.555,0.929,Modified Andersen-Gill Model,OK,
ZOLBETUXIMAB_GASTRIC_REVIEW.html,NCT03504397,SPOTLIGHT,0.75,Hazard Ratio (HR),0.734,0.591,0.91,Log Rank,OK,
ZOLBETUXIMAB_GASTRIC_REVIEW.html,NCT03653507,GLOW,0.69,Hazard Ratio (HR),0.689,0.552,0.86,Log Rank,OK,
