file,key,claim_name,claim_n,verdict,aact_brief_title,aact_enrollment,n_ratio,title_overlap,country_issues,exempt,notes
ACALABRUTINIB_CLL_REVIEW.html,NCT02475681,ELEVATE-TN,356,TITLE_LOW_OVERLAP,"Acalabrutinib, Obinutuzumab and Chlorambucil in Treatment naïve CLL",535,0.67,0,,,
ACALABRUTINIB_CLL_REVIEW.html,NCT02970318,ASCEND,310,TITLE_LOW_OVERLAP,A Study of Acalabrutinib vs Investigator's Choice of Idelalisib Plus Rituximab o,310,1.00,0,,,
ACORAMIDIS_ATTR_CM_REVIEW.html,NCT03860935,ATTRibute-CM,632,OK,Efficacy and Safety of AG10 in Subjects With Transthyretin Amyloid Cardiomyopath,632,1.00,1,,,
ACS_ANTIPLATELET_NMA_REVIEW.html,NCT00391872,PLATO,18624,OK,A Comparison of Ticagrelor (AZD6140) and Clopidogrel in Patients With Acute Coro,18624,1.00,1,,,
ACS_ANTIPLATELET_NMA_REVIEW.html,NCT00097591,TRITON-TIMI 38,13608,TITLE_LOW_OVERLAP,A Comparison of Prasugrel (CS-747) and Clopidogrel in Acute Coronary Syndrome Su,13619,1.00,0,,,
ACS_ANTIPLATELET_NMA_REVIEW.html,NCT01944800,ISAR-REACT 5,4018,OK,"Prospective, Randomized Trial of Ticagrelor Versus Prasugrel in Patients With Ac",4018,1.00,2,,,
ACS_ANTIPLATELET_NMA_REVIEW.html,NCT02270242,TWILIGHT,7119,TITLE_LOW_OVERLAP,Ticagrelor With Aspirin or Alone in High-Risk Patients After Coronary Interventi,9006,0.79,0,,,
ADC_HER2_ADJUVANT_NMA_REVIEW.html,NCT01772472,KATHERINE,1486,OK,A Study of Trastuzumab Emtansine Versus Trastuzumab as Adjuvant Therapy in Patie,1486,1.00,1,,,
ADC_HER2_LOW_NMA_REVIEW.html,NCT03734029,DESTINY-Breast04,557,OK,Trastuzumab Deruxtecan (DS-8201a) Versus Investigator's Choice for HER2-low Brea,557,1.00,2,,,
ADC_HER2_LOW_NMA_REVIEW.html,NCT04494425,DESTINY-Breast06,866,OK,Study of Trastuzumab Deruxtecan (T-DXd) vs Investigator's Choice Chemotherapy in,866,1.00,2,,,
ADC_HER2_NMA_REVIEW.html,NCT03529110,DESTINY-Breast03,524,OK,DS-8201a Versus T-DM1 for Human Epidermal Growth Factor Receptor 2 (HER2)-Positi,524,1.00,2,,,
ADC_HER2_NMA_REVIEW.html,NCT00829166,EMILIA,991,TITLE_LOW_OVERLAP,A Study of Trastuzumab Emtansine Versus Capecitabine + Lapatinib in Participants,991,1.00,0,,,
ADC_HER2_NMA_REVIEW.html,NCT01419197,TH3RESA,602,OK,A Study of Trastuzumab Emtansine in Comparison With Treatment of Physician's Cho,602,1.00,1,,,
ADC_HER2_NMA_REVIEW.html,NCT03523585,DESTINY-Breast02,608,OK,DS-8201a in Pre-treated HER2 Breast Cancer That Cannot be Surgically Removed or ,608,1.00,2,,,
ADJUVANT_IO_MELANOMA_REVIEW.html,NCT02362594,KEYNOTE-054,1019,OK,Study of Pembrolizumab (MK-3475) Versus Placebo After Complete Resection of High,1019,1.00,2,,,
ADJUVANT_IO_MELANOMA_REVIEW.html,NCT02388906,CheckMate-238,906,OK,Efficacy Study of Nivolumab Compared to Ipilimumab in Prevention of Recurrence o,906,1.00,2,,,
ADJUVANT_IO_MELANOMA_REVIEW.html,NCT01682083,COMBI-AD,870,OK,Dabrafenib With Trametinib in the Adjuvant Treatment of High-risk BRAF V600 Muta,870,1.00,1,,,
AFICAMTEN_HCM_REVIEW.html,NCT05186818,SEQUOIA-HCM,282,OK,Phase 3 Trial to Evaluate the Efficacy and Safety of Aficamten Compared to Place,282,1.00,1,,,
AGYW_HIV_PREP_NMA_REVIEW.html,NCT02732730,"HPTN 082 (oral PrEP, AGYW)",451,OK,Uptake and Adherence to Daily Oral PrEP as a Primary Prevention Strategy for You,451,1.00,2,,,
AGYW_HIV_PREP_NMA_REVIEW.html,NCT01386294,"FACTS-001 (vaginal tenofovir gel, AGYW)",2024,OK,Safety and Effectiveness of Tenofovir Gel in the Prevention of Human Immunodefic,2059,0.98,3,,,
ALK_NSCLC_NMA_REVIEW.html,NCT02075840,ALEX,303,TITLE_LOW_OVERLAP,A Study Comparing Alectinib With Crizotinib in Treatment-Naive Anaplastic Lympho,303,1.00,0,,,
ALK_NSCLC_NMA_REVIEW.html,NCT02737501,ALTA-1L,275,OK,ALTA-1L Study: A Study of Brigatinib Versus Crizotinib in Anaplastic Lymphoma Ki,275,1.00,1,,,
ALK_NSCLC_NMA_REVIEW.html,NCT03052608,CROWN,296,TITLE_LOW_OVERLAP,A Study Of Lorlatinib Versus Crizotinib In First Line Treatment Of Patients With,296,1.00,0,,,
ALK_NSCLC_NMA_REVIEW.html,NCT02767804,eXalt3,290,OK,eXalt3: Study Comparing X-396 (Ensartinib) to Crizotinib in ALK Positive Non-Sma,290,1.00,1,,,
ALOPECIA_JAKI_NMA_REVIEW.html,NCT03570749,BRAVE-AA1,470,TITLE_LOW_OVERLAP,A Study of Baricitinib (LY3009104) in Participants With Severe or Very Severe Al,764,0.62,0,,,
ALOPECIA_JAKI_NMA_REVIEW.html,NCT03899259,BRAVE-AA2,390,TITLE_LOW_OVERLAP,A Study of Baricitinib (LY3009104) in Adults With Severe or Very Severe Alopecia,606,0.64,0,,,
ALOPECIA_JAKI_NMA_REVIEW.html,NCT03732807,ALLEGRO-2b/3,261,TITLE_LOW_OVERLAP,PF-06651600 for the Treatment of Alopecia Areata,718,0.36,0,,,
ALOPECIA_JAKI_NMA_REVIEW.html,NCT04518995,THRIVE-AA1,352,OK,Study to Evaluate the Efficacy and Safety of CTP-543 in Adults With Moderate to ,706,0.50,2,,,
ALOPECIA_JAKI_NMA_REVIEW.html,NCT04797650,THRIVE-AA2,261,OK,Study to Evaluate the Efficacy and Safety of CTP-543 in Adults With Moderate to ,517,0.50,2,,,
ANIFROLUMAB_SLE_REVIEW.html,NCT02446912,TULIP-1,364,TITLE_LOW_OVERLAP,Efficacy and Safety of Two Doses of Anifrolumab Compared to Placebo in Adult Sub,460,0.79,0,,,
ANIFROLUMAB_SLE_REVIEW.html,NCT02446899,TULIP-2,362,TITLE_LOW_OVERLAP,Efficacy and Safety of Anifrolumab Compared to Placebo in Adult Subjects With Ac,373,0.97,0,,,
ANTI_CD20_MS_NMA_REVIEW.html,NCT01247324,OPERA I,821,TITLE_LOW_OVERLAP,A Study of Ocrelizumab in Comparison With Interferon Beta-1a (Rebif) in Particip,821,1.00,0,,,
ANTI_CD20_MS_NMA_REVIEW.html,NCT01412333,OPERA II,835,TITLE_LOW_OVERLAP,A Study of Ocrelizumab in Comparison With Interferon Beta-1a (Rebif) in Particip,835,1.00,0,,,
ANTI_CD20_MS_NMA_REVIEW.html,NCT02792218,ASCLEPIOS I,927,TITLE_LOW_OVERLAP,Efficacy and Safety of Ofatumumab Compared to Teriflunomide in Patients With Rel,930,1.00,0,,,
ANTI_CD20_MS_NMA_REVIEW.html,NCT02792231,ASCLEPIOS II,955,TITLE_LOW_OVERLAP,Efficacy and Safety of Ofatumumab Compared to Teriflunomide in Patients With Rel,955,1.00,0,,,
ANTI_CD20_MS_NMA_REVIEW.html,NCT03277261,ULTIMATE I,549,OK,Study to Assess the Efficacy and Safety of Ublituximab in Participants With Rela,549,1.00,1,,,
ANTI_CD20_MS_NMA_REVIEW.html,NCT03277248,ULTIMATE II,544,OK,Study to Assess the Efficacy and Safety of Ublituximab in Participants With Rela,545,1.00,1,,,
ANTIAMYLOID_AD_NMA_REVIEW.html,NCT03887455,Clarity AD,1734,TITLE_LOW_OVERLAP,A Study to Confirm Safety and Efficacy of Lecanemab in Participants With Early A,1906,0.91,0,,,
ANTIAMYLOID_AD_NMA_REVIEW.html,NCT04437511,TRAILBLAZER-ALZ 2,1736,OK,A Study of Donanemab (LY3002813) in Participants With Early Alzheimer's Disease ,1736,1.00,2,,,
ANTIAMYLOID_AD_NMA_REVIEW.html,NCT02477800,EMERGE,1092,TITLE_LOW_OVERLAP,221AD301 Phase 3 Study of Aducanumab (BIIB037) in Early Alzheimer's Disease,1653,0.66,0,,,
ANTIAMYLOID_AD_NMA_REVIEW.html,NCT02484547,ENGAGE,1103,TITLE_LOW_OVERLAP,221AD302 Phase 3 Study of Aducanumab (BIIB037) in Early Alzheimer's Disease,1643,0.67,0,,,
ANTIAMYLOID_AD_NMA_REVIEW.html,NCT03444870,GRADUATE I,985,TITLE_LOW_OVERLAP,Efficacy and Safety Study of Gantenerumab in Participants With Early Alzheimer's,1053,0.94,0,,,
ANTIAMYLOID_AD_NMA_REVIEW.html,NCT03443973,GRADUATE II,980,TITLE_LOW_OVERLAP,Safety and Efficacy Study of Gantenerumab in Participants With Early Alzheimer's,975,1.01,0,,,
ANTIAMYLOID_AD_NMA_REVIEW.html,NCT01900665,EXPEDITION 3,2129,TITLE_LOW_OVERLAP,Progress of Mild Alzheimer's Disease in Participants on Solanezumab Versus Place,2129,1.00,0,,,
ANTIAMYLOID_AD_REVIEW.html,NCT02484547,ENGAGE,1103,TITLE_LOW_OVERLAP,221AD302 Phase 3 Study of Aducanumab (BIIB037) in Early Alzheimer's Disease,1643,0.67,0,,,
ANTIPSYCHOTICS_SCHIZO_NMA_REVIEW.html,LEGACY-OLANZAPINE-PIVOTAL,Olanzapine-Pivotal,440,ISRCTN_ONLY,,,,,,,
ANTIPSYCHOTICS_SCHIZO_NMA_REVIEW.html,LEGACY-RISPERIDONE-PIVOTAL,Risperidone-Pivotal,160,ISRCTN_ONLY,,,,,,,
ANTIPSYCHOTICS_SCHIZO_NMA_REVIEW.html,LEGACY-QUETIAPINE-PIVOTAL,Quetiapine-Pivotal,457,ISRCTN_ONLY,,,,,,,
ANTIPSYCHOTICS_SCHIZO_NMA_REVIEW.html,LEGACY-ARIPIPRAZOLE-PIVOTAL,Aripiprazole-Pivotal,317,ISRCTN_ONLY,,,,,,,
ANTIPSYCHOTICS_SCHIZO_NMA_REVIEW.html,LEGACY-ZIPRASIDONE-PIVOTAL,Ziprasidone-Pivotal,230,ISRCTN_ONLY,,,,,,,
ANTIPSYCHOTICS_SCHIZO_NMA_REVIEW.html,LEGACY-PALIPERIDONE-PIVOTAL,Paliperidone-Pivotal,568,ISRCTN_ONLY,,,,,,,
ANTIPSYCHOTICS_SCHIZO_NMA_REVIEW.html,LEGACY-LURASIDONE-PIVOTAL,Lurasidone-Pivotal,474,ISRCTN_ONLY,,,,,,,
ANTIPSYCHOTICS_SCHIZO_NMA_REVIEW.html,LEGACY-HALOPERIDOL-PIVOTAL,Haloperidol-Pivotal,406,ISRCTN_ONLY,,,,,,,
ANTIVEGF_NAMD_NMA_REVIEW.html,NCT00509795,VIEW-1,608,TITLE_LOW_OVERLAP,Vascular Endothelial Growth Factor VEGF Trap-Eye:Investigation of Efficacy and S,1217,0.50,0,,,
ANTIVEGF_NAMD_NMA_REVIEW.html,NCT00637377,VIEW-2,597,TITLE_LOW_OVERLAP,Vascular Endothelial Growth Factor (VEGF) Trap-Eye: Investigation of Efficacy an,1240,0.48,0,,,
ANTIVEGF_NAMD_NMA_REVIEW.html,NCT03823287,TENAYA,671,OK,A Study to Evaluate the Efficacy and Safety of Faricimab in Participants With Ne,671,1.00,1,,,
ANTIVEGF_NAMD_NMA_REVIEW.html,NCT03823300,LUCERNE,658,OK,A Study to Evaluate the Efficacy and Safety of Faricimab in Participants With Ne,658,1.00,1,,,
ANTIVEGF_NAMD_NMA_REVIEW.html,NCT04964089,PULSAR,671,TITLE_LOW_OVERLAP,A Study to Evaluate the Efficacy and Safety of Intravitreal KSI-301 Compared Wit,557,1.20,0,,,
ANTIVEGF_NAMD_NMA_REVIEW.html,NCT02307682,HAWK,720,TITLE_LOW_OVERLAP,Efficacy and Safety of RTH258 Versus Aflibercept - Study 1,1775,0.41,0,,,
ANTIVEGF_NAMD_NMA_REVIEW.html,NCT02434328,HARRIER,739,TITLE_LOW_OVERLAP,Efficacy and Safety of RTH258 Versus Aflibercept - Study 2,1048,0.71,0,,,
ANTIVEGF_NAMD_NMA_REVIEW.html,NCT00593450,CATT,570,OK,Comparison of Age-related Macular Degeneration Treatments Trials: Lucentis-Avast,1208,0.47,1,,,
ANTIVEGF_NAMD_NMA_REVIEW.html,NCT00056836,MARINA,478,TITLE_LOW_OVERLAP,A Study to Evaluate rhuFab V2 in Subjects With Minimally Classic or Occult Subfo,720,0.66,0,,,
ANTIVEGF_NAMD_NMA_REVIEW.html,NCT00061594,ANCHOR,283,TITLE_LOW_OVERLAP,A Study to Compare rhuFab V2 With Verteporfin Photodynamic in Treating Subfoveal,426,0.66,0,,,
ARPI_mHSPC_REVIEW.html,NCT02677896,ARCHES,1150,TITLE_LOW_OVERLAP,A Study of Enzalutamide Plus Androgen Deprivation Therapy (ADT) Versus Placebo P,1150,1.00,0,,,
ARPI_mHSPC_REVIEW.html,NCT02446405,ENZAMET,1125,OK,Enzalutamide in First Line Androgen Deprivation Therapy for Metastatic Prostate ,1125,1.00,1,,,
ARPI_mHSPC_REVIEW.html,NCT02489318,TITAN,1052,TITLE_LOW_OVERLAP,"A Study of Apalutamide (JNJ-56021927, ARN-509) Plus Androgen Deprivation Therapy",1052,1.00,0,,,
ARPI_mHSPC_REVIEW.html,NCT02799602,ARASENS,1305,TITLE_LOW_OVERLAP,Darolutamide in Addition to Standard Androgen Deprivation Therapy and Docetaxel ,1306,1.00,0,,,
ARPI_mHSPC_REVIEW.html,NCT01715285,LATITUDE,1199,TITLE_LOW_OVERLAP,A Study of Abiraterone Acetate Plus Low-Dose Prednisone Plus Androgen Deprivatio,1209,0.99,0,,,
ARPI_NMCRPC_REVIEW.html,NCT01946204,SPARTAN,1207,TITLE_LOW_OVERLAP,A Study of Apalutamide (ARN-509) in Men With Non-Metastatic Castration-Resistant,1207,1.00,0,,,
ARPI_NMCRPC_REVIEW.html,NCT02003924,PROSPER,1401,OK,Safety and Efficacy Study of Enzalutamide in Patients With Nonmetastatic Castrat,1401,1.00,1,,,
ARPI_NMCRPC_REVIEW.html,NCT02200614,ARAMIS,1509,TITLE_LOW_OVERLAP,Efficacy and Safety Study of Darolutamide (ODM-201) in Men With High-risk Non-me,1509,1.00,0,,,
ATOPIC_DERM_NMA_REVIEW.html,NCT02277743,SOLO-1-Dupi,448,TITLE_LOW_OVERLAP,Study of Dupilumab Monotherapy Administered to Adult Patients With Moderate-to-S,671,0.67,0,,,
ATOPIC_DERM_NMA_REVIEW.html,NCT03131648,ECZTRA-1,500,OK,Tralokinumab Monotherapy for Moderate to Severe Atopic Dermatitis - ECZTRA 1 (EC,802,0.62,1,,,
ATOPIC_DERM_NMA_REVIEW.html,NCT04146363,ADvocate1,424,OK,Evaluation of the Efficacy and Safety of Lebrikizumab (LY3650150) in Moderate to,424,1.00,1,,,
ATOPIC_DERM_NMA_REVIEW.html,NCT03985943,ARCADIA-1,614,TITLE_LOW_OVERLAP,Efficacy and Safety of Nemolizumab in Subjects With Moderate-to-Severe Atopic De,941,0.65,0,,,
ATOPIC_DERM_NMA_REVIEW.html,NCT03349060,JADE-MONO-1,231,TITLE_LOW_OVERLAP,Study to Evaluate Efficacy and Safety of PF-04965842 in Subjects Aged 12 Years A,387,0.60,0,,,
ATOPIC_DERM_NMA_REVIEW.html,NCT03569293,MeasureUp-1,422,TITLE_LOW_OVERLAP,Evaluation of Upadacitinib in Adolescent and Adult Patients With Moderate to Sev,912,0.46,0,,,
ATOPIC_DERM_NMA_REVIEW.html,NCT03334396,BREEZE-AD1,498,TITLE_LOW_OVERLAP,A Study of Baricitinib (LY3009104) in Patients With Moderate to Severe Atopic De,660,0.75,0,,,
ATTR_CM_NMA_REVIEW.html,NCT01994889,ATTR-ACT,441,TITLE_LOW_OVERLAP,Safety and Efficacy of Tafamidis in Patients With Transthyretin Cardiomyopathy,441,1.00,0,,,
ATTR_CM_NMA_REVIEW.html,NCT04153149,HELIOS-B,655,OK,HELIOS-B: A Study to Evaluate Vutrisiran in Patients With Transthyretin Amyloido,655,1.00,1,,,
ATTR_CM_NMA_REVIEW.html,NCT03860935,ATTRibute-CM,632,OK,Efficacy and Safety of AG10 in Subjects With Transthyretin Amyloid Cardiomyopath,632,1.00,1,,,
AZITHROMYCIN_CHILD_MORTALITY_REVIEW.html,NCT02047981,MORDOR-I,190000,TITLE_LOW_OVERLAP,Mortality Reduction After Oral Azithromycin: Mortality Study,190238,1.00,0,,,
AZITHROMYCIN_CHILD_MORTALITY_REVIEW.html,NCT02048007,MORDOR-II,100000,TITLE_LOW_OVERLAP,Mortality Reduction After Oral Azithromycin: Morbidity Study,72000,1.39,0,,EXEMPT,
AZITHROMYCIN_CHILD_MORTALITY_REVIEW.html,NCT04224987,AVENIR,90000,OK,Azithromycin for Child Survival in Niger: Mortality and Resistance Trial,864493,0.10,1,,EXEMPT,
BELIMUMAB_SLE_REVIEW.html,NCT00424476,BLISS-52,418,TITLE_LOW_OVERLAP,A Study of Belimumab in Subjects With Systemic Lupus Erythematosus (SLE),865,0.48,0,,,
BELIMUMAB_SLE_REVIEW.html,NCT00410384,BLISS-76,392,TITLE_LOW_OVERLAP,A Study of Belimumab in Subjects With Systemic Lupus Erythematosus,819,0.48,0,,,
BELIMUMAB_SLE_REVIEW.html,NCT01484496,BLISS-SC,836,TITLE_LOW_OVERLAP,A Study of Belimumab Administered Subcutaneously in Subjects With Systemic Lupus,839,1.00,0,,,
BELIMUMAB_SLE_REVIEW.html,NCT01639339,BLISS-LN,446,TITLE_LOW_OVERLAP,Efficacy and Safety of Belimumab in Patients With Active Lupus Nephritis,448,1.00,0,,,
BIMEKIZUMAB_PSORIASIS_REVIEW.html,NCT03370133,BE-VIVID,404,TITLE_LOW_OVERLAP,A Study to Evaluate the Efficacy and Safety of Bimekizumab Compared to Placebo a,567,0.71,0,,,
BIMEKIZUMAB_PSORIASIS_REVIEW.html,NCT03410992,BE-READY,435,TITLE_LOW_OVERLAP,A Study With a Initial Treatment Period Followed by a Randomized-withdrawal Peri,435,1.00,0,,,
BIMEKIZUMAB_PSORIASIS_REVIEW.html,NCT03412747,BE-SURE,478,TITLE_LOW_OVERLAP,A Study to Evaluate the Efficacy and Safety of Bimekizumab in Adult Subjects Wit,478,1.00,0,,,
BPAL_MDRTB_REVIEW.html,NCT02589782,TB-PRACTECAL,251,OK,Pragmatic Clinical Trial for a More Effective Concise and Less Toxic MDR-TB Trea,552,0.45,1,,,
BPAL_MDRTB_REVIEW.html,NCT02409290,STREAM-2,409,OK,The Evaluation of a Standard Treatment Regimen of Anti-tuberculosis Drugs for Pa,588,0.70,1,,,
BPAL_MDRTB_REVIEW.html,NCT02754765,endTB-MDR,306,OK,Evaluating Newly Approved Drugs for Multidrug-resistant TB,754,0.41,2,,,
BTKI_CLL_NMA_REVIEW.html,NCT02475681,ELEVATE-TN,356,TITLE_LOW_OVERLAP,"Acalabrutinib, Obinutuzumab and Chlorambucil in Treatment naïve CLL",535,0.67,0,,,
BTKI_CLL_NMA_REVIEW.html,NCT02477696,ELEVATE-RR,533,TITLE_LOW_OVERLAP,Study of Acalabrutinib (ACP-196) Versus Ibrutinib in Previously Treated Particip,533,1.00,0,,,
BTKI_CLL_NMA_REVIEW.html,NCT03734016,ALPINE,652,TITLE_LOW_OVERLAP,A Study of Zanubrutinib (BGB-3111) Versus Ibrutinib in Participants With Relapse,652,1.00,0,,,
BTKI_CLL_NMA_REVIEW.html,NCT01722487,RESONATE-2,269,TITLE_LOW_OVERLAP,Open-label Phase 3 BTK Inhibitor Ibrutinib vs Chlorambucil Patients 65 Years or ,269,1.00,0,,,
BTKI_CLL_NMA_REVIEW.html,NCT03336333,SEQUOIA,479,TITLE_LOW_OVERLAP,A Study Comparing Zanubrutinib With Bendamustine Plus Rituximab in Participants ,590,0.81,0,,,
BTKI_CLL_NMA_REVIEW.html,NCT01578707,RESONATE,391,TITLE_LOW_OVERLAP,A Phase 3 Study of Ibrutinib (PCI-32765) Versus Ofatumumab in Patients With Rela,391,1.00,0,,,
BTKI_CLL_NMA_REVIEW.html,NCT02970318,ASCEND,310,TITLE_LOW_OVERLAP,A Study of Acalabrutinib vs Investigator's Choice of Idelalisib Plus Rituximab o,310,1.00,0,,,
CAB_PREP_HIV_REVIEW.html,NCT02720094,HPTN 083,4566,TITLE_LOW_OVERLAP,Injectable Cabotegravir Compared to TDF/FTC For PrEP in HIV-Uninfected Men and T,4570,1.00,0,,,
CAB_PREP_HIV_REVIEW.html,NCT03164564,HPTN 084,3224,TITLE_LOW_OVERLAP,Evaluating the Safety and Efficacy of Long-Acting Injectable Cabotegravir Compar,3224,1.00,0,,,
CABOTEGRAVIR_HIV_ART_REVIEW.html,NCT02951052,ATLAS,616,OK,"Study Evaluating the Efficacy, Safety, and Tolerability of Switching to Long-act",618,1.00,1,,,
CABOTEGRAVIR_HIV_ART_REVIEW.html,NCT02938520,FLAIR,566,OK,"Study to Evaluate the Efficacy, Safety, and Tolerability of Long-acting Intramus",631,0.90,1,,,
CABOTEGRAVIR_HIV_ART_REVIEW.html,NCT03299049,ATLAS-2M,1045,OK,"Efficacy, Safety and Tolerability Study of Long-acting Cabotegravir Plus Long-ac",1049,1.00,1,,,
CANGRELOR_PCI_REVIEW.html,NCT00305162,CHAMPION-PCI,8925,OK,A Clinical Trial to Demonstrate the Efficacy of Cangrelor,8882,1.00,1,,,
CANGRELOR_PCI_REVIEW.html,NCT00385138,CHAMPION-PLATFORM,5295,TITLE_LOW_OVERLAP,Cangrelor Versus Standard Therapy to Achieve Optimal Management of Platelet Inhi,5364,0.99,0,,,
CANGRELOR_PCI_REVIEW.html,NCT01156571,CHAMPION-PHOENIX,10942,OK,A Clinical Trial Comparing Cangrelor to Clopidogrel Standard Therapy in Subjects,11145,0.98,2,,,
CAPIVASERTIB_BC_REVIEW.html,NCT04305496,CAPItello-291,708,TITLE_LOW_OVERLAP,Capivasertib+Fulvestrant vs Placebo+Fulvestrant as Treatment for Locally Advance,818,0.87,0,,,
CARDIORENAL_DKD_NMA_REVIEW.html,NCT02540993,FIDELIO-DKD,5674,TITLE_LOW_OVERLAP,Efficacy and Safety of Finerenone in Subjects With Type 2 Diabetes Mellitus and ,5734,0.99,0,,,
CARDIORENAL_DKD_NMA_REVIEW.html,NCT02545049,FIGARO-DKD,7352,TITLE_LOW_OVERLAP,Efficacy and Safety of Finerenone in Subjects With Type 2 Diabetes Mellitus and ,7352,1.00,0,,,
CARDIORENAL_DKD_NMA_REVIEW.html,NCT02065791,CREDENCE,4401,TITLE_LOW_OVERLAP,Evaluation of the Effects of Canagliflozin on Renal and Cardiovascular Outcomes ,4401,1.00,0,,,
CARDIORENAL_DKD_NMA_REVIEW.html,NCT03036150,DAPA-CKD,4304,TITLE_LOW_OVERLAP,A Study to Evaluate the Effect of Dapagliflozin on Renal Outcomes and Cardiovasc,4304,1.00,0,,,
CARDIORENAL_DKD_NMA_REVIEW.html,NCT03594110,EMPA-KIDNEY,6609,OK,EMPA-KIDNEY (The Study of Heart and Kidney Protection With Empagliflozin),6609,1.00,2,,,
CARDIORENAL_DKD_NMA_REVIEW.html,NCT03819153,FLOW,3533,TITLE_LOW_OVERLAP,A Research Study to See How Semaglutide Works Compared to Placebo in People With,3533,1.00,0,,,
CART_DLBCL_REVIEW.html,NCT03391466,ZUMA-7,359,OK,Study of Effectiveness of Axicabtagene Ciloleucel Compared to Standard of Care T,359,1.00,1,,,
CART_DLBCL_REVIEW.html,NCT03575351,TRANSFORM,184,OK,A Study to Compare the Efficacy and Safety of JCAR017 to Standard of Care in Adu,184,1.00,1,,,
CART_DLBCL_REVIEW.html,NCT03570892,BELINDA,322,OK,Tisagenlecleucel in Adult Patients With Aggressive B-cell Non-Hodgkin Lymphoma,330,0.98,1,,,
CART_MM_REVIEW.html,NCT04181827,CARTITUDE-4,419,TITLE_LOW_OVERLAP,"A Study Comparing JNJ-68284528, a CAR-T Therapy Directed Against B-cell Maturati",419,1.00,0,,,
CART_MM_REVIEW.html,NCT03651128,KarMMa-3,386,OK,Efficacy and Safety Study of bb2121 Versus Standard Regimens in Subjects With Re,381,1.01,1,,,
CBD_SEIZURE_REVIEW.html,NCT02091375,GWPCARE1,120,OK,Antiepileptic Efficacy Study of GWP42003-P in Children and Young Adults With Dra,120,1.00,1,,,
CBD_SEIZURE_REVIEW.html,NCT02224690,GWPCARE2,132,TITLE_LOW_OVERLAP,A Study to Investigate the Efficacy and Safety of Cannabidiol (GWP42003-P; CBD) ,171,0.77,0,,,
CBD_SEIZURE_REVIEW.html,NCT02224560,GWPCARE3,149,TITLE_LOW_OVERLAP,Efficacy and Safety of GWP42003-P for Seizures Associated With Lennox-Gastaut Sy,225,0.66,0,,,
CBD_SEIZURE_REVIEW.html,NCT02224703,GWPCARE4,171,TITLE_LOW_OVERLAP,GWPCARE2 A Study to Investigate the Efficacy and Safety of Cannabidiol (GWP42003,199,0.86,0,,,
CD_BIOLOGICS_NMA_REVIEW.html,LEGACY-PRENCT-ACCENT-1,ACCENT-1,573,ISRCTN_ONLY,,,,,,,
CD_BIOLOGICS_NMA_REVIEW.html,LEGACY-PRENCT-CLASSIC-1,CLASSIC-1,148,ISRCTN_ONLY,,,,,,,
CD_BIOLOGICS_NMA_REVIEW.html,NCT00152490,PRECiSE-1,662,TITLE_LOW_OVERLAP,A Study to Test the Effect of CDP870 in the Treatment of Crohn's Disease Over 26,604,1.10,0,,,
CD_BIOLOGICS_NMA_REVIEW.html,NCT01224171,GEMINI-2,368,TITLE_LOW_OVERLAP,Study of Vedolizumab in Patients With Moderate to Severe Crohn's Disease,416,0.88,0,,,
CD_BIOLOGICS_NMA_REVIEW.html,NCT01369329,UNITI-1,496,OK,A Study to Evaluate the Safety and Efficacy of Ustekinumab in Patients With Mode,769,0.64,1,,,
CD_BIOLOGICS_NMA_REVIEW.html,NCT03105128,ADVANCE,547,TITLE_LOW_OVERLAP,A Study of the Efficacy and Safety of Risankizumab in Participants With Moderate,931,0.59,0,,,
CD_BIOLOGICS_NMA_REVIEW.html,NCT03345849,U-EXCEL,483,TITLE_LOW_OVERLAP,A Study of the Efficacy and Safety of Upadacitinib in Participants With Moderate,526,0.92,0,,,
CDK46_MBC_REVIEW.html,NCT01740427,PALOMA-2,666,OK,A Study of Palbociclib (PD-0332991) + Letrozole vs. Letrozole For 1st Line Treat,666,1.00,1,,,
CDK46_MBC_REVIEW.html,NCT01958021,MONALEESA-2,668,TITLE_LOW_OVERLAP,Study of Efficacy and Safety of LEE011 in Postmenopausal Women With Advanced Bre,668,1.00,0,,,
CDK46_MBC_REVIEW.html,NCT02246621,MONARCH-3,493,TITLE_LOW_OVERLAP,A Study of Nonsteroidal Aromatase Inhibitors Plus Abemaciclib (LY2835219) in Pos,493,1.00,0,,,
CFTR_MODULATORS_NMA_REVIEW.html,NCT01807923,TRAFFIC,553,TITLE_LOW_OVERLAP,A Study of Lumacaftor in Combination With Ivacaftor in Cystic Fibrosis Subjects ,559,0.99,0,,,
CFTR_MODULATORS_NMA_REVIEW.html,NCT02347657,EVOLVE,499,TITLE_LOW_OVERLAP,"A Randomized, Double-Blind, Placebo-Controlled, Parallel-Group Study to Evaluate",510,0.98,0,,,
CFTR_MODULATORS_NMA_REVIEW.html,NCT03525444,VX18-445-102,403,OK,A Phase 3 Study of VX-445 Combination Therapy in Subjects With Cystic Fibrosis H,405,1.00,1,,,
CGRP_MIGRAINE_NMA_REVIEW.html,NCT02456740,STRIVE,635,TITLE_LOW_OVERLAP,Study to Evaluate the Efficacy and Safety of Erenumab (AMG 334) in Migraine Prev,955,0.66,0,,,
CGRP_MIGRAINE_NMA_REVIEW.html,NCT02629861,HALO-EM,584,TITLE_LOW_OVERLAP,Efficacy and Safety of 2 Dose Regimens of TEV-48125 Versus Placebo for the Preve,875,0.67,0,,,
CGRP_MIGRAINE_NMA_REVIEW.html,NCT02614183,EVOLVE-1,638,OK,Evaluation of Galcanezumab in the Prevention of Episodic Migraine- the EVOLVE-1 ,862,0.74,1,,,
CGRP_MIGRAINE_NMA_REVIEW.html,NCT02559895,PROMISE-1,444,TITLE_LOW_OVERLAP,A Multicenter Assessment of ALD403 in Frequent Episodic Migraine,898,0.49,0,,,
CHOLERA_OCV_REVIEW.html,NCT02027207,Single-Dose Shanchol Bangladesh,204438,OK,"Single Dose Oral Cholera Vaccine Study in Dhaka, Bangladesh",204438,1.00,3,,,
COLCHICINE_CVD_REVIEW.html,NCT02551094,COLCOT,4745,OK,Colchicine Cardiovascular Outcomes Trial (COLCOT),4745,1.00,1,,,
COLCHICINE_CVD_REVIEW.html,NCT03048825,CLEAR SYNERGY,7062,OK,Colchicine and Spironolactone in Patients with MI / SYNERGY Stent Registry,7264,0.97,2,,,
COLCHICINE_CVD_REVIEW.html,NCT02898610,CONVINCE,3144,OK,Colchicine for Prevention of Vascular Inflammation in Non-cardio Embolic Stroke,3154,1.00,1,,,
COPD_TRIPLE_REVIEW.html,NCT02164513,IMPACT,8285,TITLE_LOW_OVERLAP,"A Study Comparing the Efficacy, Safety and Tolerability of Fixed Dose Combinatio",10355,0.80,0,,,
COPD_TRIPLE_REVIEW.html,NCT02465567,ETHOS,4257,OK,Study to Assess the Efficacy and Safety of PT010 Relative to PT003 and PT009 in ,8588,0.50,1,,,
COPD_TRIPLE_REVIEW.html,NCT02497001,KRONOS,1264,OK,"A Randomized, Double-Blind, Parallel-Group, 24-Week, Chronic-Dosing, Multi-Cente",1902,0.66,1,,,
COVID_ORAL_ANTIVIRALS_REVIEW.html,NCT04960202,EPIC-HR,1379,OK,EPIC-HR: Study of Oral PF-07321332/Ritonavir Compared With Placebo in Nonhospita,2091,0.66,1,,,
COVID_ORAL_ANTIVIRALS_REVIEW.html,NCT04575597,MOVe-OUT,1408,TITLE_LOW_OVERLAP,Efficacy and Safety of Molnupiravir (MK-4482) in Non-Hospitalized Adult Particip,1735,0.81,0,,,
CRYPTOCOCCAL_MENINGITIS_AFRICA_NMA_REVIEW.html,LEGACY-ISRCTN-45035509-ACTA,ACTA (Molloy 2018),665,ISRCTN_ONLY,,,,,,,
CRYPTOCOCCAL_MENINGITIS_AFRICA_NMA_REVIEW.html,LEGACY-ISRCTN-72509687-AMBITION-CM,AMBITION-cm (Jarvis 2022),814,ISRCTN_ONLY,,,,,,,
CRYPTOCOCCAL_MENINGITIS_AFRICA_NMA_REVIEW.html,NCT01075152,COAT (ART timing in CM),177,OK,Cryptococcal Optimal ART Timing Trial,177,1.00,3,,,
DOAC_AF_NMA_REVIEW.html,NCT00262600,RE-LY,12098,OK,Randomized Evaluation of Long Term Anticoagulant Therapy (RE-LY) With Dabigatran,18113,0.67,0,,,
DOAC_AF_NMA_REVIEW.html,NCT00403767,ROCKET-AF,14171,TITLE_LOW_OVERLAP,An Efficacy and Safety Study of Rivaroxaban With Warfarin for the Prevention of ,14269,0.99,0,,,
DOAC_AF_NMA_REVIEW.html,NCT00412984,ARISTOTLE,18201,TITLE_LOW_OVERLAP,Apixaban for the Prevention of Stroke in Subjects With Atrial Fibrillation,20976,0.87,0,,,
DOAC_AF_NMA_REVIEW.html,NCT00781391,ENGAGE-AF-TIMI-48,14071,OK,Global Study to Assess the Safety and Effectiveness of Edoxaban (DU-176b) vs Sta,21105,0.67,2,,,
DOAC_AF_REVIEW.html,NCT00262600,RE-LY,12098,OK,Randomized Evaluation of Long Term Anticoagulant Therapy (RE-LY) With Dabigatran,18113,0.67,0,,,
DOAC_AF_REVIEW.html,NCT00403767,ROCKET-AF,14171,TITLE_LOW_OVERLAP,An Efficacy and Safety Study of Rivaroxaban With Warfarin for the Prevention of ,14269,0.99,0,,,
DOAC_AF_REVIEW.html,NCT00412984,ARISTOTLE,18201,TITLE_LOW_OVERLAP,Apixaban for the Prevention of Stroke in Subjects With Atrial Fibrillation,20976,0.87,0,,,
DOAC_AF_REVIEW.html,NCT00781391,ENGAGE AF-TIMI 48,14071,OK,Global Study to Assess the Safety and Effectiveness of Edoxaban (DU-176b) vs Sta,21105,0.67,2,,,
DOAC_VTE_NMA_REVIEW.html,NCT00291330,RE-COVER,2539,TITLE_LOW_OVERLAP,Efficacy and Safety of Dabigatran Compared to Warfarin for 6 Month Treatment of ,2564,0.99,0,,,
DOAC_VTE_NMA_REVIEW.html,NCT00440193,EINSTEIN-DVT,3449,OK,Oral Direct Factor Xa Inhibitor Rivaroxaban in Patients With Acute Symptomatic D,3449,1.00,2,,,
DOAC_VTE_NMA_REVIEW.html,NCT00643201,AMPLIFY,5395,TITLE_LOW_OVERLAP,Efficacy and Safety Study of Apixaban for the Treatment of Deep Vein Thrombosis ,5614,0.96,0,,,
DOAC_VTE_NMA_REVIEW.html,NCT00986154,HOKUSAI-VTE,8240,OK,Comparative Investigation of Low Molecular Weight (LMW) Heparin/Edoxaban Tosylat,8292,0.99,2,,,
DOLUTEGRAVIR_ART_SSA_REVIEW.html,NCT03122262,ADVANCE,702,OK,ADVANCE Study of DTG + TAF + FTC vs DTG + TDF + FTC and EFV + TDF+FTC in First-l,1110,0.63,1,,,
DOLUTEGRAVIR_ART_SSA_REVIEW.html,NCT02777229,NAMSAL,613,OK,Efficacy and Safety of a Dolutegravir-based Regimen for the Initial Management o,616,1.00,1,,,
DOLUTEGRAVIR_ART_SSA_REVIEW.html,NCT03048422,IMPAACT 2010,428,TITLE_LOW_OVERLAP,Evaluating the Efficacy and Safety of Dolutegravir-Containing Versus Efavirenz-C,643,0.67,0,,,
DONANEMAB_AD_SOLO_REVIEW.html,NCT04437511,TRAILBLAZER-ALZ 2,1736,OK,A Study of Donanemab (LY3002813) in Participants With Early Alzheimer's Disease ,1736,1.00,2,,,
DORAVIRINE_HIV_REVIEW.html,NCT02403674,DRIVE-AHEAD,728,TITLE_LOW_OVERLAP,"Comparison of Doravirine, Tenofovir, Lamivudine (MK-1439A) and ATRIPLA™ in Treat",734,0.99,0,,,
DORAVIRINE_HIV_REVIEW.html,NCT02275780,DRIVE-FORWARD,766,TITLE_LOW_OVERLAP,Safety and Efficacy of Doravirine (MK-1439) in Participants With Human Immunodef,769,1.00,0,,,
DORAVIRINE_HIV_REVIEW.html,NCT02397096,DRIVE-SHIFT,670,TITLE_LOW_OVERLAP,"Safety and Efficacy of a Switch to Doravirine, Tenofovir, Lamivudine (MK-1439A) ",673,1.00,0,,,
DUPILUMAB_AD_REVIEW.html,NCT02277743,SOLO-1,448,TITLE_LOW_OVERLAP,Study of Dupilumab Monotherapy Administered to Adult Patients With Moderate-to-S,671,0.67,0,,,
DUPILUMAB_AD_REVIEW.html,NCT02277769,SOLO-2,469,TITLE_LOW_OVERLAP,Study of Dupilumab (REGN668/SAR231893) Monotherapy Administered to Adult Patient,708,0.66,0,,,
DUPILUMAB_AD_REVIEW.html,NCT02260986,CHRONOS,634,TITLE_LOW_OVERLAP,Study to Assess the Efficacy and Long-term Safety of Dupilumab (REGN668/SAR23189,740,0.86,0,,,
DUPILUMAB_COPD_REVIEW.html,NCT03930732,BOREAS,939,TITLE_LOW_OVERLAP,"Pivotal Study to Assess the Efficacy, Safety and Tolerability of Dupilumab in Pa",939,1.00,0,,,
DUPILUMAB_COPD_REVIEW.html,NCT04456673,NOTUS,935,TITLE_LOW_OVERLAP,"Pivotal Study to Assess the Efficacy, Safety and Tolerability of Dupilumab in Pa",935,1.00,0,,,
EBOLA_VACCINE_REVIEW.html,NCT02378753,STRIVE Sierra Leone (rVSV\u0394G-ZEBOV),8651,OK,STRIVE (Sierra Leone Trial to Introduce a Vaccine Against Ebola),8651,1.00,5,,,
EBOLA_VACCINE_REVIEW.html,LEGACY-PACTR-EBOLA-CI-RING,Ebola ça Suffit Guinea Ring (Henao-Restrepo 2017),4160,ISRCTN_ONLY,,,,,,,
EFGARTIGIMOD_MG_REVIEW.html,NCT03669588,ADAPT,167,TITLE_LOW_OVERLAP,An Efficacy and Safety Study of ARGX-113 in Patients With Myasthenia Gravis Who ,167,1.00,0,,,
ELACESTRANT_BC_REVIEW.html,NCT03778931,EMERALD,478,TITLE_LOW_OVERLAP,Phase 3 Trial of Elacestrant Versus Standard of Care for the Treatment of ER+/HE,478,1.00,0,,,
ENSIFENTRINE_COPD_REVIEW.html,NCT04535986,ENHANCE-1,760,TITLE_LOW_OVERLAP,A Phase 3 Clinical Trial to Evaluate the Safety and Efficacy of Ensifentrine in ,763,1.00,0,,,
ENSIFENTRINE_COPD_REVIEW.html,NCT04542057,ENHANCE-2,789,TITLE_LOW_OVERLAP,A Phase 3 Trial to Evaluate the Safety and Efficacy of Ensifentrine in Patients ,790,1.00,0,,,
ETRASIMOD_UC_REVIEW.html,NCT03945188,ELEVATE UC 52,433,TITLE_LOW_OVERLAP,Etrasimod Versus Placebo for the Treatment of Moderately to Severely Active Ulce,433,1.00,0,,,
ETRASIMOD_UC_REVIEW.html,NCT03996369,ELEVATE UC 12,354,TITLE_LOW_OVERLAP,Etrasimod Versus Placebo as Induction Therapy in Moderately to Severely Active U,354,1.00,0,,,
EVT_BASILAR_REVIEW.html,NCT04751708,ATTENTION,340,TITLE_LOW_OVERLAP,Endovascular Treatment for Acute Basilar Artery Occlusion,340,1.00,0,,,
EVT_BASILAR_REVIEW.html,NCT02737189,BAOCHE,217,TITLE_LOW_OVERLAP,Basilar Artery Occlusion Chinese Endovascular Trial,217,1.00,0,,,
EVT_BASILAR_REVIEW.html,NCT01717755,BASICS,300,OK,Basilar Artery International Cooperation Study,282,1.06,1,,,
EVT_EXTENDED_WINDOW_REVIEW.html,NCT02142283,DAWN,206,OK,Clinical Mismatch in the Triage of Wake Up and Late Presenting Strokes Undergoin,206,1.00,1,,,
EVT_EXTENDED_WINDOW_REVIEW.html,NCT02586415,DEFUSE 3,207,TITLE_LOW_OVERLAP,Endovascular Therapy Following Imaging Evaluation for Ischemic Stroke 3,182,1.14,0,,,
EVT_EXTENDED_WINDOW_REVIEW.html,NCT03098355,MR CLEAN-LATE,502,TITLE_LOW_OVERLAP,Interleukin-2 Following 4SCAR19/22 T Cells Targeting Refractory and/or Recurrent,,,0,,,
EVT_LARGECORE_REVIEW.html,NCT03702413,RESCUE-Japan LIMIT,202,OK,Randomized Controlled Trial of Endovascular Therapy for Acute Large Vessel Occlu,203,1.00,3,,,
EVT_LARGECORE_REVIEW.html,NCT04551664,ANGEL-ASPECT,455,OK,Study of Endovascular Therapy in Acute Anterior Circulation Large Vessel Occlusi,456,1.00,2,,,
EVT_LARGECORE_REVIEW.html,NCT03876457,SELECT2,350,OK,SELECT2: A Randomized Controlled Trial to Optimize Patient's Selection for Endov,352,0.99,1,,,
EVT_LARGECORE_REVIEW.html,NCT03094715,TENSION,253,OK,Efficacy and Safety of Thrombectomy in Stroke With Extended Lesion and Extended ,253,1.00,1,,,
EVT_LARGECORE_REVIEW.html,NCT03811769,LASTE,333,TITLE_LOW_OVERLAP,Large Stroke Therapy Evaluation,335,0.99,0,,,
EVT_LARGECORE_REVIEW.html,NCT03805308,TESLA,300,OK,The TESLA Trial: Thrombectomy for Emergent Salvage of Large Anterior Circulation,300,1.00,1,,,
FENFLURAMINE_SEIZURE_REVIEW.html,NCT02682927,Study 1 (Dravet),80,OK,A Trial of Two Fixed Doses of ZX008 (Fenfluramine HCl) in Children and Young Adu,262,0.31,1,,,
FENFLURAMINE_SEIZURE_REVIEW.html,NCT02926898,Study 2 (Dravet+stiripentol),87,OK,"A 2-Part Study to Investigate the Dose-Ranging Safety and Pharmacokinetics, Foll",87,1.00,2,,,
FENFLURAMINE_SEIZURE_REVIEW.html,NCT03355209,LGS Study 1,174,OK,A Study to Investigate the Efficacy and Safety of ZX008 (Fenfluramine Hydrochlor,296,0.59,1,,,
FINERENONE_REVIEW.html,NCT02540993,FIDELIO-DKD,5674,TITLE_LOW_OVERLAP,Efficacy and Safety of Finerenone in Subjects With Type 2 Diabetes Mellitus and ,5734,0.99,0,,,
FINERENONE_REVIEW.html,NCT02545049,FIGARO-DKD,7352,TITLE_LOW_OVERLAP,Efficacy and Safety of Finerenone in Subjects With Type 2 Diabetes Mellitus and ,7352,1.00,0,,,
FINERENONE_REVIEW.html,NCT04435626,FINEARTS-HF,6001,TITLE_LOW_OVERLAP,Study to Evaluate the Efficacy (Effect on Disease) and Safety of Finerenone in P,6016,1.00,0,,,
FINERENONE_REVIEW.html,NCT01874431,ARTS-DN,821,TITLE_LOW_OVERLAP,Safety and Efficacy of Different Oral Doses of BAY94-8862 in Subjects With Type ,823,1.00,0,,,
FRAGILITY_FRACTURE_NMA_REVIEW.html,NCT01631214,ARCH,4093,TITLE_LOW_OVERLAP,Study to Determine the Efficacy and Safety of Romosozumab in the Treatment of Po,4093,1.00,0,,,
FRAGILITY_FRACTURE_NMA_REVIEW.html,NCT01575834,FRAME,7180,TITLE_LOW_OVERLAP,Efficacy and Safety of Romosozumab Treatment in Postmenopausal Women With Osteop,7180,1.00,0,,,
FRAGILITY_FRACTURE_NMA_REVIEW.html,NCT00321620,ACTIVE,1645,TITLE_LOW_OVERLAP,Study of Denosumab vs. Zoledronic Acid to Treat Bone Metastases in Men With Horm,1904,0.86,0,,,
FRAGILITY_FRACTURE_NMA_REVIEW.html,NCT00089791,FREEDOM,7808,OK,A Study to Evaluate Denosumab in the Treatment of Postmenopausal Osteoporosis,7808,1.00,1,,,
FRAGILITY_FRACTURE_NMA_REVIEW.html,LEGACY-VERT-1999,VERT,388,ISRCTN_ONLY,,,,,,,
GLP1_CVOT_NMA_REVIEW.html,NCT01179048,LEADER,9340,TITLE_LOW_OVERLAP,Liraglutide Effect and Action in Diabetes: Evaluation of Cardiovascular Outcome ,9341,1.00,0,,,
GLP1_CVOT_NMA_REVIEW.html,NCT01720446,SUSTAIN-6,3297,OK,Trial to Evaluate Cardiovascular and Other Long-term Outcomes With Semaglutide i,3297,1.00,1,,,
GLP1_CVOT_NMA_REVIEW.html,NCT01394952,REWIND,9901,OK,Researching Cardiovascular Events With a Weekly Incretin in Diabetes (REWIND),9901,1.00,1,,,
GLP1_CVOT_NMA_REVIEW.html,NCT02692716,PIONEER-6,3183,TITLE_LOW_OVERLAP,A Trial Investigating the Cardiovascular Safety of Oral Semaglutide in Subjects ,3183,1.00,0,,,
GLP1_CVOT_NMA_REVIEW.html,NCT01147250,ELIXA,6068,TITLE_LOW_OVERLAP,Evaluation of Cardiovascular Outcomes in Patients With Type 2 Diabetes After Acu,6068,1.00,0,,,
GLP1_CVOT_NMA_REVIEW.html,NCT02465515,HARMONY-Outcomes,9463,OK,"Effect of Albiglutide, When Added to Standard Blood Glucose Lowering Therapies, ",9463,1.00,1,,,
GLP1_CVOT_NMA_REVIEW.html,NCT01144338,EXSCEL,14752,OK,Exenatide Study of Cardiovascular Event Lowering Trial (EXSCEL): A Trial To Eval,14752,1.00,1,,,
GLP1_CVOT_NMA_REVIEW.html,NCT03496298,AMPLITUDE-O,4076,TITLE_LOW_OVERLAP,Effect of Efpeglenatide on Cardiovascular Outcomes,4076,1.00,0,,,
GLP1_CVOT_REVIEW.html,NCT01147250,ELIXA,6068,TITLE_LOW_OVERLAP,Evaluation of Cardiovascular Outcomes in Patients With Type 2 Diabetes After Acu,6068,1.00,0,,,
GLP1_CVOT_REVIEW.html,NCT01179048,LEADER,9340,TITLE_LOW_OVERLAP,Liraglutide Effect and Action in Diabetes: Evaluation of Cardiovascular Outcome ,9341,1.00,0,,,
GLP1_CVOT_REVIEW.html,NCT01720446,SUSTAIN-6,3297,OK,Trial to Evaluate Cardiovascular and Other Long-term Outcomes With Semaglutide i,3297,1.00,1,,,
GLP1_CVOT_REVIEW.html,NCT01144338,EXSCEL,14752,OK,Exenatide Study of Cardiovascular Event Lowering Trial (EXSCEL): A Trial To Eval,14752,1.00,1,,,
GLP1_CVOT_REVIEW.html,NCT02465515,HARMONY Outcomes,9463,OK,"Effect of Albiglutide, When Added to Standard Blood Glucose Lowering Therapies, ",9463,1.00,1,,,
GLP1_CVOT_REVIEW.html,NCT01394952,REWIND,9901,OK,Researching Cardiovascular Events With a Weekly Incretin in Diabetes (REWIND),9901,1.00,1,,,
GLP1_CVOT_REVIEW.html,NCT02692716,PIONEER 6,3183,TITLE_LOW_OVERLAP,A Trial Investigating the Cardiovascular Safety of Oral Semaglutide in Subjects ,3183,1.00,0,,,
GLP1_CVOT_REVIEW.html,NCT03574597,SELECT,17604,OK,Semaglutide Effects on Heart Disease and Stroke in Patients With Overweight or O,17604,1.00,1,,,
GLP1_CVOT_REVIEW.html,NCT03496298,AMPLITUDE-O,4076,TITLE_LOW_OVERLAP,Effect of Efpeglenatide on Cardiovascular Outcomes,4076,1.00,0,,,
GLP1_CVOT_REVIEW.html,NCT03914326,SOUL,9650,TITLE_LOW_OVERLAP,A Heart Disease Study of Semaglutide in Patients With Type 2 Diabetes,9651,1.00,0,,,
GLP1_MASH_NMA_REVIEW.html,NCT04822181,ESSENCE,1067,TITLE_LOW_OVERLAP,Research Study on Whether Semaglutide Works in People With Non-alcoholic Steatoh,1205,0.89,0,,,
GLP1_MASH_NMA_REVIEW.html,NCT04166773,SYNERGY-NASH,129,OK,A Study of Tirzepatide (LY3298176) in Participants With Nonalcoholic Steatohepat,190,0.68,1,,,
GLP1_MASH_NMA_REVIEW.html,NCT02970942,Newsome NAFLD,160,TITLE_LOW_OVERLAP,Investigation of Efficacy and Safety of Three Dose Levels of Subcutaneous Semagl,320,0.50,0,,,
HCC_1L_NMA_REVIEW.html,NCT03434379,IMbrave150,501,TITLE_LOW_OVERLAP,A Study of Atezolizumab in Combination With Bevacizumab Compared With Sorafenib ,558,0.90,0,,,
HCC_1L_NMA_REVIEW.html,NCT03298451,HIMALAYA,782,TITLE_LOW_OVERLAP,Study of Durvalumab and Tremelimumab as First-line Treatment in Patients With Ad,1324,0.59,0,,,
HCC_1L_NMA_REVIEW.html,NCT04039607,CheckMate 9DW,668,TITLE_LOW_OVERLAP,A Study of Nivolumab in Combination With Ipilimumab in Participants With Advance,732,0.91,0,,,
HCC_1L_NMA_REVIEW.html,NCT03713593,LEAP-002,794,OK,Safety and Efficacy of Lenvatinib (E7080/MK-7902) in Combination With Pembrolizu,794,1.00,2,,,
HEPATITIS_B_TAF_TDF_REVIEW.html,NCT01940341,"GS-US-320-0108 (TAF vs TDF, HBeAg-negative)",425,OK,Study to Compare Tenofovir Alafenamide (TAF) Versus Tenofovir Disoproxil Fumarat,426,1.00,4,,,
HEPATITIS_B_TAF_TDF_REVIEW.html,NCT01940471,"GS-US-320-0110 (TAF vs TDF, HBeAg-positive)",873,OK,Study to Compare Tenofovir Alafenamide (TAF) Versus Tenofovir Disoproxil Fumarat,875,1.00,4,,,
HEPATITIS_HCV_DAA_NMA_REVIEW.html,NCT02201940,ASTRAL-1,740,TITLE_LOW_OVERLAP,Sofosbuvir/Velpatasvir Fixed Dose Combination for 12 Weeks in Adults With Chroni,741,1.00,0,,,
HEPATITIS_HCV_DAA_NMA_REVIEW.html,NCT02201953,ASTRAL-3,552,TITLE_LOW_OVERLAP,Comparison of Sofosbuvir/Velpatasvir Fixed Dose Combination for 12 Weeks With So,558,0.99,0,,,
HEPATITIS_HCV_DAA_NMA_REVIEW.html,NCT02642432,EXPEDITION-1,146,OK,A Study to Evaluate the Efficacy and Safety of ABT-493/ABT-530 in Adults With Ch,146,1.00,1,,,
HER2_LOW_ADC_NMA_REVIEW.html,NCT03734029,DESTINY-Breast04,557,OK,Trastuzumab Deruxtecan (DS-8201a) Versus Investigator's Choice for HER2-low Brea,557,1.00,2,,,
HER2_LOW_ADC_NMA_REVIEW.html,NCT04494425,DESTINY-Breast06,866,OK,Study of Trastuzumab Deruxtecan (T-DXd) vs Investigator's Choice Chemotherapy in,866,1.00,2,,,
HER2_LOW_ADC_NMA_REVIEW.html,NCT03901339,TROPiCS-02,543,TITLE_LOW_OVERLAP,Study of Sacituzumab Govitecan-hziy Versus Treatment of Physician's Choice in Pa,543,1.00,0,,,
HER2_LOW_ADC_NMA_REVIEW.html,NCT05374512,TROPION-Breast01,732,OK,A Study of Dato-DXd Versus Investigator's Choice Chemotherapy in Patients With L,644,1.14,1,,,
HF_QUADRUPLE_NMA_REVIEW.html,NCT03036124,DAPA-HF,4744,TITLE_LOW_OVERLAP,Study to Evaluate the Effect of Dapagliflozin on the Incidence of Worsening Hear,4744,1.00,0,,,
HF_QUADRUPLE_NMA_REVIEW.html,NCT03057977,EMPEROR-Reduced,3730,OK,EMPagliflozin outcomE tRial in Patients With chrOnic heaRt Failure With Reduced ,3730,1.00,2,,,
HF_QUADRUPLE_NMA_REVIEW.html,NCT03619213,DELIVER,6263,TITLE_LOW_OVERLAP,Dapagliflozin Evaluation to Improve the LIVEs of Patients With PReserved Ejectio,6263,1.00,0,,,
HF_QUADRUPLE_NMA_REVIEW.html,NCT03057951,EMPEROR-Preserved,5988,OK,EMPagliflozin outcomE tRial in Patients With chrOnic heaRt Failure With Preserve,5988,1.00,2,,,
HF_QUADRUPLE_NMA_REVIEW.html,NCT01035255,PARADIGM-HF,8399,TITLE_LOW_OVERLAP,This Study Will Evaluate the Efficacy and Safety of LCZ696 Compared to Enalapril,8442,0.99,0,,,
HF_QUADRUPLE_NMA_REVIEW.html,NCT04435626,FINEARTS-HF,6004,TITLE_LOW_OVERLAP,Study to Evaluate the Efficacy (Effect on Disease) and Safety of Finerenone in P,6016,1.00,0,,,
HIFPH_CKD_ANEMIA_REVIEW.html,NCT02879305,ASCEND-D,2964,OK,Anemia Studies in Chronic Kidney Disease: Erythropoiesis Via a Novel Prolyl Hydr,2964,1.00,1,,,
HIFPH_CKD_ANEMIA_REVIEW.html,NCT02876835,ASCEND-ND,3872,OK,Anemia Studies in Chronic Kidney Disease: Erythropoiesis Via a Novel Prolyl Hydr,3872,1.00,1,,,
HIFPH_CKD_ANEMIA_REVIEW.html,NCT02648347,PRO2TECT,3476,OK,Study to Evaluate Vadadustat for the Correction of Anemia in Participants With N,1751,1.99,1,,EXEMPT,
HIFPH_CKD_ANEMIA_REVIEW.html,NCT02892149,INNO2VATE,3923,OK,Efficacy and Safety Study to Evaluate Vadadustat for the Maintenance Treatment o,3554,1.10,1,,,
HIFPH_CKD_ANEMIA_REVIEW.html,NCT02052310,HIMALAYAS,1043,TITLE_LOW_OVERLAP,Safety and Efficacy Study of Roxadustat (FG-4592) for the Treatment of Anemia in,1043,1.00,0,,,
HIGH_EFFICACY_MS_REVIEW.html,NCT01247324,OPERA-I,821,TITLE_LOW_OVERLAP,A Study of Ocrelizumab in Comparison With Interferon Beta-1a (Rebif) in Particip,821,1.00,0,,,
HIGH_EFFICACY_MS_REVIEW.html,NCT01412333,OPERA-II,835,TITLE_LOW_OVERLAP,A Study of Ocrelizumab in Comparison With Interferon Beta-1a (Rebif) in Particip,835,1.00,0,,,
HIGH_EFFICACY_MS_REVIEW.html,NCT02792218,ASCLEPIOS-I,946,TITLE_LOW_OVERLAP,Efficacy and Safety of Ofatumumab Compared to Teriflunomide in Patients With Rel,930,1.02,0,,,
HIGH_EFFICACY_MS_REVIEW.html,NCT02792231,ASCLEPIOS-II,955,TITLE_LOW_OVERLAP,Efficacy and Safety of Ofatumumab Compared to Teriflunomide in Patients With Rel,955,1.00,0,,,
HIV_ART_FIRSTLINE_NMA_REVIEW.html,NCT03122262,ADVANCE DTG/TAF,702,OK,ADVANCE Study of DTG + TAF + FTC vs DTG + TDF + FTC and EFV + TDF+FTC in First-l,1110,0.63,3,,,
HIV_ART_FIRSTLINE_NMA_REVIEW.html,NCT03122262_TDF,ADVANCE DTG/TDF,702,OK,ADVANCE Study of DTG + TAF + FTC vs DTG + TDF + FTC and EFV + TDF+FTC in First-l,1110,0.63,3,,,
HIV_ART_TIMING_NMA_REVIEW.html,NCT00867048,START (INSIGHT 2015),4685,OK,Strategic Timing of Antiretroviral Treatment,4688,1.00,1,,,
HIV_ART_TIMING_NMA_REVIEW.html,NCT00495651,TEMPRANO (ANRS 12136),2073,OK,Early Antiretroviral Treatment and/or Early Isoniazid Prophylaxis Against Tuberc,2073,1.00,3,,,
HIV_ART_TIMING_NMA_REVIEW.html,NCT00074581,HPTN 052 (Cohen 2011/2016),1763,TITLE_LOW_OVERLAP,Preventing Sexual Transmission of HIV With Anti-HIV Drugs,3526,0.50,0,,,
HIV_LA_PREP_NMA_REVIEW.html,NCT02720094,HPTN 083,4566,TITLE_LOW_OVERLAP,Injectable Cabotegravir Compared to TDF/FTC For PrEP in HIV-Uninfected Men and T,4570,1.00,0,,,
HIV_LA_PREP_NMA_REVIEW.html,NCT03164564,HPTN 084,3224,TITLE_LOW_OVERLAP,Evaluating the Safety and Efficacy of Long-Acting Injectable Cabotegravir Compar,3224,1.00,0,,,
HIV_LA_PREP_NMA_REVIEW.html,NCT04994509,PURPOSE-1,4270,TITLE_LOW_OVERLAP,Pre-Exposure Prophylaxis Study of Lenacapavir and Emtricitabine/Tenofovir Alafen,5368,0.80,0,,,
HIV_LA_PREP_NMA_REVIEW.html,NCT04925752,PURPOSE-2,3265,TITLE_LOW_OVERLAP,Study of Lenacapavir for HIV Pre-Exposure Prophylaxis in People Who Are at Risk ,3292,0.99,0,,,
HIV_PREP_INJECTABLE_NMA_REVIEW.html,NCT02720094,HPTN 083,4566,TITLE_LOW_OVERLAP,Injectable Cabotegravir Compared to TDF/FTC For PrEP in HIV-Uninfected Men and T,4570,1.00,0,,,
HIV_PREP_INJECTABLE_NMA_REVIEW.html,NCT03164564,HPTN 084,3224,TITLE_LOW_OVERLAP,Evaluating the Safety and Efficacy of Long-Acting Injectable Cabotegravir Compar,3224,1.00,0,,,
HIV_PREP_INJECTABLE_NMA_REVIEW.html,NCT02842086,DISCOVER (F/TAF vs F/TDF),5387,OK,Study to Evaluate the Safety and Efficacy of Emtricitabine and Tenofovir Alafena,5399,1.00,2,,,
HIV_TB_COINFECTION_ART_TIMING_NMA_REVIEW.html,NCT00091936,SAPiT (Karim 2010+2011),642,TITLE_LOW_OVERLAP,Effectiveness of Directly Observed Therapy in Combined HIV and Tuberculosis Trea,592,1.08,0,,,
HIV_TB_COINFECTION_ART_TIMING_NMA_REVIEW.html,NCT00108862,STRIDE / ACTG A5221 (Havlir 2011),806,TITLE_LOW_OVERLAP,Immediate Versus Deferred Start of Anti-HIV Therapy in HIV-Infected Adults Being,809,1.00,0,,,
HIV_TB_COINFECTION_ART_TIMING_NMA_REVIEW.html,NCT00226434,CAMELIA (Blanc 2011),661,OK,Early vs Late Introduction of Antiretroviral Therapy in HIV-infected Patients Wi,661,1.00,1,,,
HPV_DOSE_REDUCTION_NMA_REVIEW.html,NCT03675256,KEN-SHE bivalent,1516,OK,The KEN SHE Study on HPV-vaccine Efficacy,2275,0.67,2,,,
HPV_DOSE_REDUCTION_NMA_REVIEW.html,NCT03675256_NONAV,KEN-SHE nonavalent,1518,OK,The KEN SHE Study on HPV-vaccine Efficacy,2275,0.67,2,,,
HPV_DOSE_REDUCTION_NMA_REVIEW.html,NCT02834637,DoRIS 1d-vs-3d bivalent,310,OK,A Dose Reduction Immunobridging and Safety Study of Two HPV Vaccines in Tanzania,930,0.33,1,,,
HPV_VACCINE_SCHEDULES_NMA_REVIEW.html,NCT00122681,PATRICIA Cervarix 3-dose,14666,TITLE_LOW_OVERLAP,Human Papilloma Virus (HPV) Vaccine Efficacy Trial Against Cervical Pre-cancer i,18729,0.78,0,,,
HPV_VACCINE_SCHEDULES_NMA_REVIEW.html,NCT00092534,FUTURE II Gardasil-4 3-dose,10565,OK,Cervical Intraepithelial Neoplasm (CIN) in Women (Gardasil) (V501-015),12167,0.87,2,,,
HPV_VACCINE_SCHEDULES_NMA_REVIEW.html,NCT03675256,KEN SHE single-dose (Barnabas 2022),2251,OK,The KEN SHE Study on HPV-vaccine Efficacy,2275,0.99,3,,,
IL23_PSA_NMA_REVIEW.html,NCT03675308,KEEPsAKE-1,964,OK,A Study Comparing Risankizumab to Placebo in Participants With Active Psoriatic ,964,1.00,1,,,
IL23_PSA_NMA_REVIEW.html,NCT03671148,KEEPsAKE-2,444,OK,A Study Comparing Risankizumab to Placebo in Participants With Active Psoriatic ,444,1.00,1,,,
IL23_PSA_NMA_REVIEW.html,NCT03162796,DISCOVER-1,254,TITLE_LOW_OVERLAP,A Study Evaluating the Efficacy and Safety of Guselkumab Administered Subcutaneo,383,0.66,0,,,
IL23_PSA_NMA_REVIEW.html,NCT03158285,DISCOVER-2,492,TITLE_LOW_OVERLAP,A Study Evaluating the Efficacy and Safety of Guselkumab Administered Subcutaneo,741,0.66,0,,,
IL23_PSORIASIS_REVIEW.html,NCT02207231,VOYAGE 1,503,TITLE_LOW_OVERLAP,A Study of Guselkumab in the Treatment of Participants With Moderate to Severe P,837,0.60,0,,,
IL23_PSORIASIS_REVIEW.html,NCT02684370,UltIMMa-1,406,OK,BI 655066 (Risankizumab) Compared to Placebo and Active Comparator (Ustekinumab),560,0.72,1,,,
IL23_PSORIASIS_REVIEW.html,NCT01722331,reSURFACE 1,462,TITLE_LOW_OVERLAP,"A Study to Evaluate the Efficacy and Safety of Subcutaneous MK-3222, Followed by",772,0.60,0,,,
IL_PSORIASIS_NMA_REVIEW.html,NCT02207231,VOYAGE 1,503,TITLE_LOW_OVERLAP,A Study of Guselkumab in the Treatment of Participants With Moderate to Severe P,837,0.60,0,,,
IL_PSORIASIS_NMA_REVIEW.html,NCT02684370,UltIMMa-1,406,OK,BI 655066 (Risankizumab) Compared to Placebo and Active Comparator (Ustekinumab),560,0.72,1,,,
IL_PSORIASIS_NMA_REVIEW.html,NCT01474512,UNCOVER-1,864,TITLE_LOW_OVERLAP,A Phase 3 Study in Participants With Moderate to Severe Psoriasis,1296,0.67,0,,,
IL_PSORIASIS_NMA_REVIEW.html,NCT01597245,UNCOVER-2,709,OK,A Phase 3 Study in Participants With Moderate to Severe Psoriasis (UNCOVER-2),1224,0.58,1,,,
IL_PSORIASIS_NMA_REVIEW.html,NCT01646177,UNCOVER-3,578,OK,A Study in Participants With Moderate to Severe Psoriasis (UNCOVER-3),1346,0.43,1,,,
IL_PSORIASIS_NMA_REVIEW.html,NCT01365455,ERASURE,493,TITLE_LOW_OVERLAP,Efficacy and Safety of Subcutaneous Secukinumab for Moderate to Severe Chronic P,738,0.67,0,,,
IL_PSORIASIS_NMA_REVIEW.html,NCT01358578,FIXTURE,646,TITLE_LOW_OVERLAP,Safety and Efficacy of Secukinumab Compared to Etanercept in Subjects With Moder,1306,0.49,0,,,
IL_PSORIASIS_NMA_REVIEW.html,NCT03536884,BE RADIANT,743,TITLE_LOW_OVERLAP,A Study to Evaluate the Efficacy and Safety of Bimekizumab Compared to an Active,743,1.00,0,,,
IL_PSORIASIS_NMA_REVIEW.html,NCT03370133,BE VIVID,404,TITLE_LOW_OVERLAP,A Study to Evaluate the Efficacy and Safety of Bimekizumab Compared to Placebo a,567,0.71,0,,,
IL_PSORIASIS_NMA_REVIEW.html,NCT03412747,BE SURE,478,TITLE_LOW_OVERLAP,A Study to Evaluate the Efficacy and Safety of Bimekizumab in Adult Subjects Wit,478,1.00,0,,,
IL_PSORIASIS_NMA_REVIEW.html,NCT02207244,VOYAGE 2,483,TITLE_LOW_OVERLAP,A Study of Guselkumab in the Treatment of Participants With Moderate to Severe P,992,0.49,0,,,
IL_PSORIASIS_NMA_REVIEW.html,NCT02684357,UltIMMa-2,392,OK,BI 655066 Versus Placebo & Active Comparator (Ustekinumab) in Patients With Mode,577,0.68,1,,,
IL_PSORIASIS_NMA_REVIEW.html,NCT01708590,AMAGINE-1,442,OK,"Efficacy, Safety, and Withdrawal and Retreatment With Brodalumab in Moderate to ",661,0.67,1,,,
IL_PSORIASIS_NMA_REVIEW.html,NCT01722331,reSURFACE-1,462,TITLE_LOW_OVERLAP,"A Study to Evaluate the Efficacy and Safety of Subcutaneous MK-3222, Followed by",772,0.60,0,,,
IL_PSORIASIS_NMA_REVIEW.html,NCT01729754,reSURFACE-2,627,TITLE_LOW_OVERLAP,A Study to Evaluate the Efficacy and Safety/Tolerability of Subcutaneous Tildrak,1090,0.58,0,,,
IL_PSORIASIS_NMA_REVIEW.html,NCT01708603,AMAGINE-2,1071,OK,P3 Study Brodalumab in Treatment of Moderate to Severe Plaque Psoriasis,1831,0.58,1,,,
IL_PSORIASIS_NMA_REVIEW.html,NCT02074982,CLEAR,668,OK,Efficacy of Secukinumab Compared to Ustekinumab in Patients With Plaque-type Pso,676,0.99,1,,,
IL_PSORIASIS_NMA_REVIEW.html,NCT03410992,BE READY,435,TITLE_LOW_OVERLAP,A Study With a Initial Treatment Period Followed by a Randomized-withdrawal Peri,435,1.00,0,,,
INAVOLISIB_BC_REVIEW.html,NCT04191499,INAVO120,325,TITLE_LOW_OVERLAP,A Study Evaluating the Efficacy and Safety of Inavolisib + Palbociclib + Fulvest,325,1.00,0,,,
INCRETINS_T2D_NMA_REVIEW.html,NCT03954834,SURPASS-1,234,TITLE_LOW_OVERLAP,A Study of Tirzepatide (LY3298176) in Participants With Type 2 Diabetes Not Cont,478,0.49,0,,,
INCRETINS_T2D_NMA_REVIEW.html,NCT03987919,SURPASS-2,939,TITLE_LOW_OVERLAP,A Study of Tirzepatide (LY3298176) Versus Semaglutide Once Weekly as Add-on Ther,1879,0.50,0,,,
INCRETINS_T2D_NMA_REVIEW.html,NCT02054897,SUSTAIN-1,258,OK,Efficacy and Safety of Semaglutide Once-weekly Versus Placebo in Drug-naïve Subj,388,0.66,1,,,
INCRETINS_T2D_NMA_REVIEW.html,NCT01885208,SUSTAIN-3,809,OK,Efficacy and Safety of Semaglutide Once-weekly Versus Exenatide ER 2.0 mg Once-w,813,1.00,1,,,
INCRETINS_T2D_NMA_REVIEW.html,NCT02648204,SUSTAIN-7,600,TITLE_LOW_OVERLAP,Efficacy and Safety of Semaglutide Versus Dulaglutide as add-on to Metformin in ,1201,0.50,0,,,
INCRETINS_T2D_NMA_REVIEW.html,NCT00518882,LEAD-6,464,TITLE_LOW_OVERLAP,Effect of Liraglutide or Exenatide Added to an Ongoing Treatment on Blood Glucos,467,0.99,0,,,
INCRETINS_T2D_NMA_REVIEW.html,NCT01624259,AWARD-6,599,OK,A Study Comparing the Effect of Dulaglutide With Liraglutide in Type 2 Diabetes,599,1.00,1,,,
INCRETINS_T2D_NMA_REVIEW.html,NCT00318461,LEAD-2,364,OK,To Compare the Effect of Liraglutide When Given Together With Metformin With the,1091,0.33,1,,,
INCRETINS_T2D_NMA_REVIEW.html,NCT01720446,SUSTAIN-6,3297,OK,Trial to Evaluate Cardiovascular and Other Long-term Outcomes With Semaglutide i,3297,1.00,1,,,
INCRETINS_T2D_NMA_REVIEW.html,NCT01144338,EXSCEL,14752,OK,Exenatide Study of Cardiovascular Event Lowering Trial (EXSCEL): A Trial To Eval,14752,1.00,1,,,
INCRETINS_T2D_NMA_REVIEW.html,NCT02863419,PIONEER-4,569,TITLE_LOW_OVERLAP,Efficacy and Safety of Oral Semaglutide Versus Liraglutide and Versus Placebo in,711,0.80,0,,,
INCRETINS_T2D_NMA_REVIEW.html,NCT02607865,PIONEER-3,931,TITLE_LOW_OVERLAP,Efficacy and Long-term Safety of Oral Semaglutide Versus Sitagliptin in Subjects,1864,0.50,0,,,
INCRETINS_T2D_NMA_REVIEW.html,NCT01930188,SUSTAIN-2,815,OK,Efficacy and Safety of Semaglutide Once-weekly Versus Sitagliptin Once-daily as ,1231,0.66,1,,,
INCRETINS_T2D_NMA_REVIEW.html,NCT03882970,SURPASS-3,882,TITLE_LOW_OVERLAP,A Study of Tirzepatide (LY3298176) Versus Insulin Degludec in Participants With ,1444,0.61,0,,,
INCRETINS_T2D_NMA_REVIEW.html,NCT03730662,SURPASS-4,1471,OK,A Study of Tirzepatide (LY3298176) Once a Week Versus Insulin Glargine Once a Da,2002,0.73,1,,,
INCRETINS_T2D_NMA_REVIEW.html,NCT04039503,SURPASS-5,237,TITLE_LOW_OVERLAP,A Study of Tirzepatide (LY3298176) Versus Placebo in Participants With Type 2 Di,475,0.50,0,,,
INCRETINS_T2D_NMA_REVIEW.html,NCT04537923,SURPASS-6,488,OK,A Study of Tirzepatide (LY3298176) Versus Insulin Lispro (U100) in Participants ,1428,0.34,1,,,
INTENSIVE_BP_REVIEW.html,NCT01206062_SENIOR,SPRINT-SENIOR,2636,OK,Systolic Blood Pressure Intervention Trial,9361,0.28,1,,,
INTENSIVE_BP_REVIEW.html,NCT01206062_CKD,SPRINT-CKD,2646,OK,Systolic Blood Pressure Intervention Trial,9361,0.28,1,,,
INTENSIVE_BP_REVIEW.html,NCT00000620,ACCORD-BP,4733,OK,Action to Control Cardiovascular Risk in Diabetes (ACCORD),10251,0.46,1,,,
INTENSIVE_BP_REVIEW.html,NCT03015311,STEP,8511,OK,Strategy of Blood Pressure Intervention in the Elderly Hypertensive Patients,8000,1.06,1,,,
INTENSIVE_BP_REVIEW.html,NCT00059306,SPS3-BP,3020,OK,Secondary Prevention of Small Subcortical Strokes Trial,3020,1.00,1,,,
IO_CHEMO_NSCLC_1L_REVIEW.html,NCT02578680,KEYNOTE-189,616,OK,Study of Pemetrexed+Platinum Chemotherapy With or Without Pembrolizumab (MK-3475,616,1.00,2,,,
IO_CHEMO_NSCLC_1L_REVIEW.html,NCT02775435,KEYNOTE-407,559,OK,A Study of Carboplatin-Paclitaxel/Nab-Paclitaxel Chemotherapy With or Without Pe,559,1.00,2,,,
IO_CHEMO_NSCLC_1L_REVIEW.html,NCT02366143,IMpower150,692,TITLE_LOW_OVERLAP,A Study of Atezolizumab in Combination With Carboplatin Plus (+) Paclitaxel With,1202,0.58,0,,,
IO_CHEMO_NSCLC_1L_REVIEW.html,NCT03164616,POSEIDON,675,OK,Study of Durvalumab + Tremelimumab With Chemotherapy or Durvalumab With Chemothe,1186,0.57,1,,,
IPTACOPAN_IGAN_REVIEW.html,NCT04578834,APPLAUSE-IgAN,443,TITLE_LOW_OVERLAP,Study of Efficacy and Safety of LNP023 in Primary IgA Nephropathy Patients,518,0.86,0,,,
JAK_RA_REVIEW.html,NCT01710358,RA-BEAM,975,TITLE_LOW_OVERLAP,A Study in Moderate to Severe Rheumatoid Arthritis,1307,0.75,0,,,
JAK_RA_REVIEW.html,NCT02675426,SELECT-NEXT,442,TITLE_LOW_OVERLAP,A Study Comparing Upadacitinib (ABT-494) to Placebo in Adults With Rheumatoid Ar,661,0.67,0,,,
JAK_RA_REVIEW.html,NCT02889796,FINCH-1,950,TITLE_LOW_OVERLAP,Filgotinib in Combination With Methotrexate in Adults With Moderately to Severel,1759,0.54,0,,,
JAK_UC_REVIEW.html,NCT01465763,OCTAVE Induction 1,598,OK,"A Study Evaluating The Efficacy And Safety Of CP-690,550 In Patients With Modera",614,0.97,1,,,
JAK_UC_REVIEW.html,NCT02819635,U-ACHIEVE Induction,473,OK,A Study to Evaluate the Safety and Efficacy of Upadacitinib (ABT-494) for Induct,1302,0.36,1,,,
JAK_UC_REVIEW.html,NCT02914522,SELECTION Induction A,343,OK,Study to Evaluate the Efficacy and Safety of Filgotinib in the Induction and Mai,1351,0.25,1,,,
JAKI_AD_NMA_REVIEW.html,NCT03349060,JADE-MONO-1,232,TITLE_LOW_OVERLAP,Study to Evaluate Efficacy and Safety of PF-04965842 in Subjects Aged 12 Years A,387,0.60,0,,,
JAKI_AD_NMA_REVIEW.html,NCT03575871,JADE-MONO-2,232,TITLE_LOW_OVERLAP,Study Evaluating Efficacy and Safety of PF-04965842 in Subjects Aged 12 Years An,391,0.59,0,,,
JAKI_AD_NMA_REVIEW.html,NCT03569293,Measure Up 1,566,TITLE_LOW_OVERLAP,Evaluation of Upadacitinib in Adolescent and Adult Patients With Moderate to Sev,912,0.62,0,,,
JAKI_AD_NMA_REVIEW.html,NCT03607422,Measure Up 2,560,OK,A Study to Evaluate Upadacitinib in Adolescents and Adults With Moderate to Seve,912,0.61,1,,,
JAKI_AD_NMA_REVIEW.html,NCT03334396,BREEZE-AD1,300,TITLE_LOW_OVERLAP,A Study of Baricitinib (LY3009104) in Patients With Moderate to Severe Atopic De,660,0.45,0,,,
JAKI_AD_NMA_REVIEW.html,NCT03334422,BREEZE-AD2,307,TITLE_LOW_OVERLAP,Study of Baricitinib (LY3009104) in Patients With Moderate to Severe Atopic Derm,615,0.50,0,,,
JAKI_AD_REVIEW.html,NCT03349060,JADE MONO-1,232,TITLE_LOW_OVERLAP,Study to Evaluate Efficacy and Safety of PF-04965842 in Subjects Aged 12 Years A,387,0.60,0,,,
JAKI_AD_REVIEW.html,NCT03575871,JADE MONO-2,233,TITLE_LOW_OVERLAP,Study Evaluating Efficacy and Safety of PF-04965842 in Subjects Aged 12 Years An,391,0.60,0,,,
JAKI_AD_REVIEW.html,NCT03569293,MEASURE-UP 1,562,TITLE_LOW_OVERLAP,Evaluation of Upadacitinib in Adolescent and Adult Patients With Moderate to Sev,912,0.62,0,,,
JAKI_AD_REVIEW.html,NCT03607422,MEASURE-UP 2,554,OK,A Study to Evaluate Upadacitinib in Adolescents and Adults With Moderate to Seve,912,0.61,1,,,
JAKI_RA_NMA_REVIEW.html,NCT00853385,ORAL-Standard,306,TITLE_LOW_OVERLAP,"A Phase 3 Study Comparing 2 Doses Of CP-690,550 And The Active Comparator, Humir",717,0.43,0,,,
JAKI_RA_NMA_REVIEW.html,NCT01710358,RA-BEAM,975,TITLE_LOW_OVERLAP,A Study in Moderate to Severe Rheumatoid Arthritis,1307,0.75,0,,,
JAKI_RA_NMA_REVIEW.html,NCT02629159,SELECT-Compare,1302,TITLE_LOW_OVERLAP,A Study Comparing Upadacitinib (ABT-494) to Placebo and to Adalimumab in Adults ,1629,0.80,0,,,
JAKI_RA_NMA_REVIEW.html,NCT02889796,FINCH-1,950,TITLE_LOW_OVERLAP,Filgotinib in Combination With Methotrexate in Adults With Moderately to Severel,1759,0.54,0,,,
KRAS_G12C_NMA_REVIEW.html,NCT04303780,CodeBreaK 200,345,OK,"""Study to Compare AMG 510 Proposed INN Sotorasib With Docetaxel in Non Small Cel",345,1.00,2,,,
KRAS_G12C_NMA_REVIEW.html,NCT04685135,KRYSTAL-12,453,TITLE_LOW_OVERLAP,Phase 3 Study of MRTX849 (Adagrasib) vs Docetaxel in Patients With Advanced Non-,453,1.00,0,,,
LEBRIKIZUMAB_AD_REVIEW.html,NCT04146363,ADvocate1,352,OK,Evaluation of the Efficacy and Safety of Lebrikizumab (LY3650150) in Moderate to,424,0.83,1,,,
LEBRIKIZUMAB_AD_REVIEW.html,NCT04178967,ADvocate2,353,TITLE_LOW_OVERLAP,Evaluation of the Efficacy and Safety of Lebrikizumab (LY3650150) in Moderate to,445,0.79,0,,,
LEBRIKIZUMAB_AD_REVIEW.html,NCT04250337,ADhere,211,TITLE_LOW_OVERLAP,Safety and Efficacy of Lebrikizumab (LY3650150) in Combination With Topical Cort,228,0.93,0,,,
LENACAPAVIR_PREP_REVIEW.html,NCT04994509,PURPOSE-1,5338,TITLE_LOW_OVERLAP,Pre-Exposure Prophylaxis Study of Lenacapavir and Emtricitabine/Tenofovir Alafen,5368,0.99,0,,,
LENACAPAVIR_PREP_REVIEW.html,NCT04925752,PURPOSE-2,3267,TITLE_LOW_OVERLAP,Study of Lenacapavir for HIV Pre-Exposure Prophylaxis in People Who Are at Risk ,3292,0.99,0,,,
LIPID_HUB_REVIEW.html,NCT01492361,REDUCE-IT,8179,OK,A Study of AMR101 to Evaluate Its Ability to Reduce Cardiovascular Events in Hig,8179,1.00,1,,,
LIPID_HUB_REVIEW.html,NCT02104817,STRENGTH,13078,OK,Outcomes Study to Assess STatin Residual Risk Reduction With EpaNova in HiGh CV ,13078,1.00,1,,,
LIPID_HUB_REVIEW.html,NCT01169259,VITAL,25871,OK,Vitamin D and Omega-3 Trial (VITAL),25871,1.00,1,,,
LIPID_HUB_REVIEW.html,NCT01841944,OMEMI,1027,TITLE_LOW_OVERLAP,Omega-3 Fatty Acids in Elderly Patients With Acute Myocardial Infarction,1027,1.00,0,,,
LIPID_HUB_REVIEW.html,NCT02944682,RESPECT-EPA,3884,TITLE_LOW_OVERLAP,Household Air Pollution and Health: A Multi-country LPG Intervention Trial,3640,1.07,0,,,
LU_PSMA_MCRPC_REVIEW.html,NCT03511664,VISION,831,OK,Study of 177Lu-PSMA-617 In Metastatic Castrate-Resistant Prostate Cancer,861,0.97,1,,,
LU_PSMA_MCRPC_REVIEW.html,NCT04689828,PSMAfore,468,OK,177Lu-PSMA-617 vs. Androgen Receptor-Directed Therapy in the Treatment of Progre,469,1.00,1,,,
MALARIA_ACT_NMA_REVIEW.html,NCT01704508,Bandim AL-vs-DP,346,OK,Improving Anti-malarial Treatment Options in Guinea-Bissau - Part A,346,1.00,1,,,
MALARIA_ACT_NMA_REVIEW.html,NCT06076213,TES2022 DRC,1260,OK,Test Efficacy Study on the Recommended Antimalarial Drugs in the Democratic Repu,1260,1.00,2,,,
MALARIA_ACT_NMA_REVIEW.html,NCT04565184,Yaounde TES Cameroon,242,OK,Effectiveness and Safety of Artesunate-Amodiaquine and Artemether-Lumefantrine f,242,1.00,2,,,
MALARIA_ACT_NMA_REVIEW.html,NCT05192265,Nigeria PA-vs-AL,172,OK,Efficacy and Safety of Pyronaridine-Artesunate Versus Artemether-Lumefantrine,172,1.00,1,,,
MALARIA_ACT_NMA_REVIEW.html,NCT04767191,Siaya-Bungoma TES Kenya,400,OK,Malaria Therapeutic Efficacy Study (TES) Kenya,400,1.00,4,,,
MALARIA_VACCINE_NMA_REVIEW.html,NCT00866619,"RTS,S/AS01 Phase 3",8923,TITLE_LOW_OVERLAP,Efficacy of GSK Biologicals' Candidate Malaria Vaccine 257049 Against Malaria Di,15459,0.58,0,,,
MALARIA_VACCINE_NMA_REVIEW.html,NCT03896724,R21/Matrix-M Phase 2b (Datoo 2021),293,OK,"Safety, Immunogenicity and Efficacy of R21 Matrix-M in 5-17 Month Old Children i",450,0.65,2,,,
MALARIA_VACCINE_NMA_REVIEW.html,NCT04704830,R21/Matrix-M Phase 3 (Datoo 2024),4800,COUNTRY_NOT_IN_AACT,R21/Matrix-M in African Children Against Clinical Malaria,4800,1.00,2,"Mali,Burkina Faso,Tanzania,India,Kenya",,
MALARIA_VACCINES_NMA_REVIEW.html,NCT00866619,"RTS,S Phase 3",11899,TITLE_LOW_OVERLAP,Efficacy of GSK Biologicals' Candidate Malaria Vaccine 257049 Against Malaria Di,15459,0.77,0,,,
MALARIA_VACCINES_NMA_REVIEW.html,NCT03896724,R21 Phase 2b,300,OK,"Safety, Immunogenicity and Efficacy of R21 Matrix-M in 5-17 Month Old Children i",450,0.67,1,,,
MALARIA_VACCINES_NMA_REVIEW.html,NCT04704830,R21 Phase 3,3200,COUNTRY_NOT_IN_AACT,R21/Matrix-M in African Children Against Clinical Malaria,4800,0.67,1,"Mali,Kenya,Burkina Faso,Tanzania",,
MDR_TB_SHORTENED_NMA_REVIEW.html,NCT02589782,TB-PRACTECAL (BPaLM vs SOC),275,OK,Pragmatic Clinical Trial for a More Effective Concise and Less Toxic MDR-TB Trea,552,0.50,1,,,
MDR_TB_SHORTENED_NMA_REVIEW.html,NCT02333799,Nix-TB (BPaL single-arm XDR-TB),218,OK,A Phase 3 Trial Assessing Safety and Efficacy of B-Pa-L in Participants With DR-,109,2.00,1,,EXEMPT,
MDR_TB_SHORTENED_NMA_REVIEW.html,NCT03086486,ZeNix (BPaL dose-finding),184,TITLE_LOW_OVERLAP,Various Doses and Durations of Linezolid Plus Bedaquiline & Pretomanid in Partic,181,1.02,0,,,
MDRTB_BPAL_REVIEW.html,NCT03086486,ZeNix,91,TITLE_LOW_OVERLAP,Various Doses and Durations of Linezolid Plus Bedaquiline & Pretomanid in Partic,181,0.50,0,,,
MDRTB_BPAL_REVIEW.html,NCT02589782,TB-PRACTECAL,275,OK,Pragmatic Clinical Trial for a More Effective Concise and Less Toxic MDR-TB Trea,552,0.50,1,,,
MENTAL_HEALTH_FRIENDSHIP_BENCH_REVIEW.html,LEGACY-PACTR-FRIENDSHIP-BENCH,Friendship Bench Zimbabwe,573,ISRCTN_ONLY,,,,,,,
MHEALTH_ART_ADHERENCE_REVIEW.html,NCT00830622,WelTel Kenya 1,536,OK,Cell Phone Intervention to Support Antiretroviral Therapy (ART) Adherence in Ken,536,1.00,1,,,
MIGRAINE_ACUTE_NMA_REVIEW.html,NCT03461757,ACHIEVE I,854,TITLE_LOW_OVERLAP,Trial in Adult Subjects With Acute Migraines,1811,0.47,0,,,
MIGRAINE_ACUTE_NMA_REVIEW.html,NCT03235479,ACHIEVE II,920,TITLE_LOW_OVERLAP,Safety and Efficacy Study in Adult Subjects With Acute Migraines,1485,0.62,0,,,
MIGRAINE_ACUTE_NMA_REVIEW.html,NCT02867709,SAMURAI,1158,TITLE_LOW_OVERLAP,"Efficacy, Safety, and Tolerability of Oral Ubrogepant in the Acute Treatment of ",1686,0.69,0,,,
MIGRAINE_ACUTE_NMA_REVIEW.html,NCT03872453,Rimegepant Study 303,1084,TITLE_LOW_OVERLAP,Acute Treatment Trial in Adult Subjects With Migraines,2154,0.50,0,,,
MIRIKIZUMAB_UC_REVIEW.html,NCT03518086,LUCENT-1,1162,OK,An Induction Study of Mirikizumab in Participants With Moderately to Severely Ac,1281,0.91,1,,,
MIRIKIZUMAB_UC_REVIEW.html,NCT03524092,LUCENT-2,544,OK,A Maintenance Study of Mirikizumab in Participants With Moderately to Severely A,1177,0.46,1,,,
MIRVETUXIMAB_OVARIAN_REVIEW.html,NCT04209855,MIRASOL,453,OK,A Study of Mirvetuximab Soravtansine vs. Investigator's Choice (IC) of Chemother,453,1.00,1,,,
MITAPIVAT_THALASSEMIA_REVIEW.html,NCT04770753,ENERGIZE,194,OK,A Study Evaluating the Efficacy and Safety of Mitapivat in Participants With Non,194,1.00,1,,,
MITRAL_FUNCMR_REVIEW.html,NCT01626079,COAPT,614,OK,Cardiovascular Outcomes Assessment of the MitraClip Percutaneous Therapy for Hea,776,0.79,1,,,
MITRAL_FUNCMR_REVIEW.html,NCT01920698,MITRA-FR,307,TITLE_LOW_OVERLAP,Multicentre Study of Percutaneous Mitral Valve Repair MitraClip Device in Patien,304,1.01,0,,,
MITRAL_FUNCMR_REVIEW.html,NCT02444338,RESHAPE-HF2,505,TITLE_LOW_OVERLAP,A Clinical Evaluation of the Safety and Effectiveness of the MitraClip System in,505,1.00,0,,,
MM_1L_NMA_REVIEW.html,NCT02252172,MAIA,737,TITLE_LOW_OVERLAP,"Study Comparing Daratumumab, Lenalidomide, and Dexamethasone With Lenalidomide a",737,1.00,0,,,
MM_1L_NMA_REVIEW.html,NCT02195479,ALCYONE,706,TITLE_LOW_OVERLAP,A Study of Combination of Daratumumab and Velcade (Bortezomib) Melphalan-Prednis,706,1.00,0,,,
MM_1L_NMA_REVIEW.html,NCT02541383,CASSIOPEIA,1085,TITLE_LOW_OVERLAP,A Study to Evaluate Daratumumab in Transplant Eligible Participants With Previou,1085,1.00,0,,,
MM_1L_NMA_REVIEW.html,NCT03319667,IMROZ,530,TITLE_LOW_OVERLAP,A Study to Investigate the Clinical Benefit of Isatuximab in Combination With Bo,475,1.12,0,,,
NEOADJUVANT_IO_NSCLC_REVIEW.html,NCT02998528,CheckMate-816,358,TITLE_LOW_OVERLAP,A Neoadjuvant Study of Nivolumab Plus Ipilimumab or Nivolumab Plus Chemotherapy ,505,0.71,0,,,
NEOADJUVANT_IO_NSCLC_REVIEW.html,NCT03425643,KEYNOTE-671,797,OK,Efficacy and Safety of Pembrolizumab (MK-3475) With Platinum Doublet Chemotherap,797,1.00,2,,,
NEOADJUVANT_IO_NSCLC_REVIEW.html,NCT03800134,AEGEAN,802,OK,A Study of Neoadjuvant/Adjuvant Durvalumab for the Treatment of Patients With Re,825,0.97,1,,,
NIRSEVIMAB_INFANT_RSV_REVIEW.html,NCT02878330,Nirsevimab Phase 2b,1453,TITLE_LOW_OVERLAP,A Study to Evaluate the Safety and Efficacy of MEDI8897 for the Prevention of Me,1453,1.00,0,,,
NIRSEVIMAB_INFANT_RSV_REVIEW.html,NCT03979313,MELODY,1490,OK,A Study to Evaluate the Safety and Efficacy of MEDI8897 for the Prevention of Me,3012,0.49,1,,,
NIRSEVIMAB_INFANT_RSV_REVIEW.html,NCT05437510,HARMONIE,8058,OK,Study of a Single Intramuscular Dose of Nirsevimab in the Prevention of Hospital,8057,1.00,1,,,
OBESITY_DRUGS_NMA_REVIEW.html,NCT04184622,SURMOUNT-1,3162,OK,A Study of Tirzepatide (LY3298176) in Participants With Obesity or Overweight,2539,1.25,1,,,
OBESITY_DRUGS_NMA_REVIEW.html,NCT03548935,STEP 1,1961,OK,STEP 1: Research Study Investigating How Well Semaglutide Works in People Suffer,1961,1.00,1,,,
OBESITY_DRUGS_NMA_REVIEW.html,NCT01272219,SCALE Obesity,3731,OK,Effect of Liraglutide on Body Weight in Non-diabetic Obese Subjects or Overweigh,3731,1.00,2,,,
OSIMERTINIB_EGFR_NSCLC_REVIEW.html,NCT02151981,AURA3,419,OK,AZD9291 (Osimertinib) Versus Platinum-Based Doublet-Chemotherapy in Locally Adva,421,1.00,1,,,
OSIMERTINIB_EGFR_NSCLC_REVIEW.html,NCT02296125,FLAURA,556,TITLE_LOW_OVERLAP,AZD9291 Versus Gefitinib or Erlotinib in Patients With Locally Advanced or Metas,674,0.82,0,,,
OSIMERTINIB_EGFR_NSCLC_REVIEW.html,NCT02511106,ADAURA,682,OK,AZD9291 Versus Placebo in Patients With Stage IB-IIIA Non-small Cell Lung Carcin,682,1.00,1,,,
OSIMERTINIB_EGFR_NSCLC_REVIEW.html,NCT04035486,FLAURA2,557,OK,A Study of Osimertinib With or Without Chemotherapy as 1st Line Treatment in Pat,587,0.95,1,,,
PAH_THERAPY_NMA_REVIEW.html,NCT04576988,STELLAR,323,OK,A Study of Sotatercept for the Treatment of Pulmonary Arterial Hypertension (MK-,324,1.00,1,,,
PAH_THERAPY_NMA_REVIEW.html,NCT01106014,GRIPHON,1156,OK,Selexipag (ACT-293987) in Pulmonary Arterial Hypertension,1156,1.00,1,,,
PAH_THERAPY_NMA_REVIEW.html,NCT00810693,PATENT-1,380,TITLE_LOW_OVERLAP,A Study to Evaluate Efficacy and Safety of Oral BAY63-2521 in Patients With Pulm,445,0.85,0,,,
PAH_THERAPY_NMA_REVIEW.html,NCT00660179,SERAPHIN,492,OK,Study of Macitentan (ACT-064992) on Morbidity and Mortality in Patients With Sym,742,0.66,1,,,
PARP_ARPI_MCRPC_REVIEW.html,NCT03732820,PROpel,796,OK,Study on Olaparib Plus Abiraterone as First-line Therapy in Men With Metastatic ,895,0.89,1,,,
PARP_ARPI_MCRPC_REVIEW.html,NCT03748641,MAGNITUDE,423,TITLE_LOW_OVERLAP,A Study of Niraparib in Combination With Abiraterone Acetate and Prednisone Vers,765,0.55,0,,,
PARP_ARPI_MCRPC_REVIEW.html,NCT03395197,TALAPRO-2,805,TITLE_LOW_OVERLAP,Talazoparib + Enzalutamide vs. Enzalutamide Monotherapy in mCRPC,1054,0.76,0,,,
PARP_OVARIAN_REVIEW.html,NCT01844986,SOLO-1,391,TITLE_LOW_OVERLAP,Olaparib Maintenance Monotherapy in Patients With BRCA Mutated Ovarian Cancer Fo,450,0.87,0,,,
PARP_OVARIAN_REVIEW.html,NCT02477644,PAOLA-1,806,TITLE_LOW_OVERLAP,"Platine, Avastin and OLAparib in 1st Line",806,1.00,0,,,
PARP_OVARIAN_REVIEW.html,NCT02655016,PRIMA,733,TITLE_LOW_OVERLAP,A Study of Niraparib (GSK3985771) Maintenance Treatment in Participants With Adv,733,1.00,0,,,
PBC_PPAR_REVIEW.html,NCT04526665,ELATIVE,161,TITLE_LOW_OVERLAP,Study of Elafibranor in Patients With Primary Biliary Cholangitis (PBC),161,1.00,0,,,
PBC_PPAR_REVIEW.html,NCT04620733,RESPONSE,193,OK,RESPONSE: Response to Seladelpar in Subjects With Primary Biliary Cholangitis (P,193,1.00,1,,,
PCSK9_LIPID_NMA_REVIEW.html,NCT00202878,IMPROVE-IT,18144,OK,IMPROVE-IT: Examining Outcomes in Subjects With Acute Coronary Syndrome: Vytorin,18144,1.00,1,,,
PCSK9_LIPID_NMA_REVIEW.html,NCT01764633,FOURIER,27564,TITLE_LOW_OVERLAP,Further Cardiovascular Outcomes Research With PCSK9 Inhibition in Subjects With ,27564,1.00,0,,,
PCSK9_LIPID_NMA_REVIEW.html,NCT01663402,ODYSSEY-OUTCOMES,18924,OK,ODYSSEY Outcomes: Evaluation of Cardiovascular Outcomes After an Acute Coronary ,18924,1.00,2,,,
PCSK9_LIPID_NMA_REVIEW.html,NCT02993406,CLEAR-OUTCOMES,13970,TITLE_LOW_OVERLAP,"Evaluation of Major Cardiovascular Events in Participants With, or at High Risk ",13970,1.00,0,,,
PEDIATRIC_HIV_ART_NMA_REVIEW.html,NCT02259127,"ODYSSEY (DTG vs SOC, paeds)",707,OK,ODYSSEY (PENTA 20),792,0.89,3,,,
PEDIATRIC_HIV_ART_NMA_REVIEW.html,LEGACY-ISRCTN-69078957-CHAPAS-3,CHAPAS-3 (NRTI backbone in paeds),317,ISRCTN_ONLY,,,,,,,
PEDIATRIC_HIV_ART_NMA_REVIEW.html,LEGACY-ISRCTN-24791884-ARROW,ARROW (clinical vs lab monitoring),798,ISRCTN_ONLY,,,,,,,
PI3K_AKT_BC_REVIEW.html,NCT02437318,SOLAR-1,341,TITLE_LOW_OVERLAP,Study Assessing the Efficacy and Safety of Alpelisib Plus Fulvestrant in Men and,572,0.60,0,,,
PI3K_AKT_BC_REVIEW.html,NCT04305496,CAPItello-291,708,TITLE_LOW_OVERLAP,Capivasertib+Fulvestrant vs Placebo+Fulvestrant as Treatment for Locally Advance,818,0.87,0,,,
PI3K_AKT_BC_REVIEW.html,NCT04191499,INAVO120,325,TITLE_LOW_OVERLAP,A Study Evaluating the Efficacy and Safety of Inavolisib + Palbociclib + Fulvest,325,1.00,0,,,
PNEUMONIA_AMOXICILLIN_DURATION_REVIEW.html,LEGACY-ISRCTN-76888927-CAP-IT,CAP-IT (Bielicki 2021),814,ISRCTN_ONLY,,,,,,,
POSTPARTUM_HEMORRHAGE_NMA_REVIEW.html,NCT04341662,E-MOTIVE (PPH bundle),99659,OK,A Clinical Trial to Study the Effectiveness of a Care Bundle to Prevent Bleeding,99659,1.00,3,,,
POSTPARTUM_HEMORRHAGE_NMA_REVIEW.html,LEGACY-ISRCTN-76912190-WOMAN,WOMAN trial (TXA for PPH),20021,ISRCTN_ONLY,,,,,,,
POSTPARTUM_HEMORRHAGE_NMA_REVIEW.html,LEGACY-ISRCTN-95444399-CHAMPION,CHAMPION (heat-stable carbetocin),29065,ISRCTN_ONLY,,,,,,,
PPH_BUNDLE_NMA_REVIEW.html,NCT00872469,WOMAN,20021,OK,World Maternal Antifibrinolytic Trial,20060,1.00,1,,,
PPH_BUNDLE_NMA_REVIEW.html,NCT03475342,WOMAN-2,8403,OK,World Maternal Antifibrinolytic Trial_2,15068,0.56,1,,,
PPH_BUNDLE_NMA_REVIEW.html,NCT04341662,E-MOTIVE,105423,OK,A Clinical Trial to Study the Effectiveness of a Care Bundle to Prevent Bleeding,99659,1.06,1,,,
PREGNANCY_HIV_VESTED_REVIEW.html,NCT03048422,IMPAACT 2010 / VESTED,643,TITLE_LOW_OVERLAP,Evaluating the Efficacy and Safety of Dolutegravir-Containing Versus Efavirenz-C,643,1.00,0,,,
PREGNANCY_IRON_FCM_REVIEW.html,LEGACY-ANZCTR-12618001268235-FCM,Pasricha 2023 Malawi (FCM vs oral iron),674,ISRCTN_ONLY,,,,,,,
PRIMAQUINE_GAMETOCYTE_DR_REVIEW.html,NCT01365598,Eziefula 2014 Uganda,232,OK,Evaluation of the Gametocytocidal Efficacy and Safety of Primaquine in Uncomplic,468,0.50,1,,,
PSA_BIOLOGICS_NMA_REVIEW.html,NCT01695239,SPIRIT-P1,213,TITLE_LOW_OVERLAP,A Study of Ixekizumab in Participants With Active Psoriatic Arthritis,417,0.51,0,,,
PSA_BIOLOGICS_NMA_REVIEW.html,NCT03158285,DISCOVER-2,491,TITLE_LOW_OVERLAP,A Study Evaluating the Efficacy and Safety of Guselkumab Administered Subcutaneo,741,0.66,0,,,
PSA_BIOLOGICS_NMA_REVIEW.html,NCT03895203,BE OPTIMAL,712,TITLE_LOW_OVERLAP,A Study to Test the Efficacy and Safety of Bimekizumab in the Treatment of Subje,852,0.84,0,,,
PSA_BIOLOGICS_NMA_REVIEW.html,NCT03104400,SELECT-PsA 1,848,OK,A Study Comparing Upadacitinib (ABT-494) to Placebo and to Adalimumab in Partici,1705,0.50,2,,,
RCC_1L_NMA_REVIEW.html,NCT03141177,CheckMate 9ER,651,TITLE_LOW_OVERLAP,A Study of Nivolumab Combined With Cabozantinib Compared to Sunitinib in Previou,701,0.93,0,,,
RCC_1L_NMA_REVIEW.html,NCT02853331,KEYNOTE-426,861,OK,Study to Evaluate the Efficacy and Safety of Pembrolizumab (MK-3475) in Combinat,861,1.00,2,,,
RCC_1L_NMA_REVIEW.html,NCT02811861,CLEAR,712,OK,Lenvatinib/Everolimus or Lenvatinib/Pembrolizumab Versus Sunitinib Alone as Trea,1069,0.67,1,,,
RCC_1L_NMA_REVIEW.html,NCT02231749,CheckMate 214,847,OK,Nivolumab Combined With Ipilimumab Versus Sunitinib in Previously Untreated Adva,1390,0.61,2,,,
RESMETIROM_MASH_REVIEW.html,NCT03900429,MAESTRO-NASH,644,OK,A Phase 3 Study to Evaluate the Efficacy and Safety of MGL-3196 (Resmetirom) in ,1759,0.37,1,,,
RISANKIZUMAB_CD_REVIEW.html,NCT03105128,ADVANCE,511,TITLE_LOW_OVERLAP,A Study of the Efficacy and Safety of Risankizumab in Participants With Moderate,931,0.55,0,,,
RISANKIZUMAB_CD_REVIEW.html,NCT03104413,MOTIVATE,412,TITLE_LOW_OVERLAP,A Study to Assess the Efficacy and Safety of Risankizumab in Participants With M,618,0.67,0,,,
RISANKIZUMAB_CD_REVIEW.html,NCT03105102,FORTIFY,305,TITLE_LOW_OVERLAP,A Study of the Efficacy and Safety of Risankizumab in Participants With Crohn's ,1336,0.23,0,,,
ROMOSOZUMAB_OP_REVIEW.html,NCT01575834,FRAME,7180,TITLE_LOW_OVERLAP,Efficacy and Safety of Romosozumab Treatment in Postmenopausal Women With Osteop,7180,1.00,0,,,
ROMOSOZUMAB_OP_REVIEW.html,NCT01631214,ARCH,4093,TITLE_LOW_OVERLAP,Study to Determine the Efficacy and Safety of Romosozumab in the Treatment of Po,4093,1.00,0,,,
ROMOSOZUMAB_OP_REVIEW.html,NCT02186171,BRIDGE,245,TITLE_LOW_OVERLAP,A Study to Compare the Safety and Efficacy of Romosozumab (AMG 785) Versus Place,245,1.00,0,,,
ROTAVIRUS_VACCINE_AFRICA_NMA_REVIEW.html,NCT00241644,Rotarix Africa (Madhi 2010),2089,TITLE_LOW_OVERLAP,Vaccine Efficacy Against Rotavirus Diarrhea; Vaccine Given With Routine Childhoo,2089,1.00,0,,,
ROTAVIRUS_VACCINE_AFRICA_NMA_REVIEW.html,NCT00362648,RotaTeq Africa (Armah 2010),5468,OK,Developing World Study for RotaTeq™ (V260-015)(COMPLETED),7504,0.73,2,,,
ROTAVIRUS_VACCINE_AFRICA_NMA_REVIEW.html,NCT02145000,Rotasiil ROSE Niger (Isanaka 2017),4413,COUNTRY_NOT_IN_AACT,Efficacy and Safety of a Pentavalent Rotavirus Vaccine (BRV-PV) Against Severe R,6586,0.67,1,India,,
RSV_VACCINE_OLDER_REVIEW.html,NCT05035212,RENOIR,34284,TITLE_LOW_OVERLAP,"Study to Evaluate the Efficacy, Immunogenicity, and Safety of RSVpreF in Adults.",38861,0.88,0,,,
RSV_VACCINE_OLDER_REVIEW.html,NCT04886596,AReSVi-006,24960,TITLE_LOW_OVERLAP,Efficacy Study of GSK's Investigational Respiratory Syncytial Virus (RSV) Vaccin,26675,0.94,0,,,
RSV_VACCINE_OLDER_REVIEW.html,NCT05127434,ConquerRSV,35088,TITLE_LOW_OVERLAP,A Study to Evaluate the Safety and Efficacy of mRNA-1345 Vaccine Targeting Respi,36814,0.95,0,,,
RUSFERTIDE_PV_REVIEW.html,NCT05210790,VERIFY,293,TITLE_LOW_OVERLAP,A Phase 3 Study of Rusfertide in Patients With Polycythemia Vera,293,1.00,0,,,
SAM_SIMPLIFIED_PROTOCOL_REVIEW.html,NCT04698070,OptiMA Niger (ComPAS vs Standard),1153,OK,Optimizing Acute Malnutrition Management in Children Aged 6 to 59 Months in Nige,2304,0.50,3,,,
SCD_DISEASE_MOD_NMA_REVIEW.html,NCT01179217,L-glutamine (Endari),230,OK,A Phase III Safety and Efficacy Study of L-Glutamine to Treat Sickle Cell Diseas,230,1.00,1,,,
SCHISTOSOMIASIS_ARPRAZIQUANTEL_REVIEW.html,NCT03845140,L-PZQ ODT (arpraziquantel) phase 3,145,OK,L-PZQ ODT in Schistosoma Infected Children,288,0.50,2,,,
SEMAGLUTIDE_OBESITY_REVIEW.html,NCT03552757,STEP-2,807,TITLE_LOW_OVERLAP,Research Study Investigating How Well Semaglutide Works in People With Type 2 Di,1210,0.67,0,,,
SEVERE_ASTHMA_NMA_REVIEW.html,NCT01691521,MENSA,385,TITLE_LOW_OVERLAP,Efficacy and Safety Study of Mepolizumab Adjunctive Therapy in Subjects With Sev,580,0.66,0,,,
SEVERE_ASTHMA_NMA_REVIEW.html,NCT01287039,Castro-2015-Resliz,941,TITLE_LOW_OVERLAP,A Study to Evaluate the Efficacy and Safety of Reslizumab (3.0 mg/kg) in the Red,489,1.92,0,,EXEMPT,
SEVERE_ASTHMA_NMA_REVIEW.html,NCT01928771,SIROCCO,805,TITLE_LOW_OVERLAP,Efficacy and Safety Study of Benralizumab Added to High-dose Inhaled Corticoster,2681,0.30,0,,,
SEVERE_ASTHMA_NMA_REVIEW.html,NCT02414854,QUEST,948,OK,Evaluation of Dupilumab in Patients With Persistent Asthma (Liberty Asthma Quest,1902,0.50,1,,,
SEVERE_ASTHMA_NMA_REVIEW.html,NCT03347279,NAVIGATOR,1059,OK,Study to Evaluate Tezepelumab in Adults & Adolescents With Severe Uncontrolled A,1061,1.00,1,,,
SEVERE_PEDIATRIC_FEBRILE_AFRICA_NMA_REVIEW.html,LEGACY-ISRCTN-50258054-AQUAMAT,AQUAMAT (IV artesunate vs IV quinine),5425,ISRCTN_ONLY,,,,,,,
SEVERE_PEDIATRIC_FEBRILE_AFRICA_NMA_REVIEW.html,LEGACY-ISRCTN-69856593-FEAST,FEAST (fluid bolus severe sepsis),3141,ISRCTN_ONLY,,,,,,,
SEVERE_PEDIATRIC_FEBRILE_AFRICA_NMA_REVIEW.html,LEGACY-ISRCTN-84086586-TRACT,TRACT (transfusion threshold anaemic),3196,ISRCTN_ONLY,,,,,,,
SGLT2_HF_REVIEW.html,NCT03036124,DAPA-HF,4744,TITLE_LOW_OVERLAP,Study to Evaluate the Effect of Dapagliflozin on the Incidence of Worsening Hear,4744,1.00,0,,,
SGLT2_HF_REVIEW.html,NCT03057977,EMPEROR-Reduced,3730,OK,EMPagliflozin outcomE tRial in Patients With chrOnic heaRt Failure With Reduced ,3730,1.00,2,,,
SGLT2_HF_REVIEW.html,NCT03057951,EMPEROR-Preserved,5988,OK,EMPagliflozin outcomE tRial in Patients With chrOnic heaRt Failure With Preserve,5988,1.00,2,,,
SGLT2_HF_REVIEW.html,NCT03619213,DELIVER,6263,TITLE_LOW_OVERLAP,Dapagliflozin Evaluation to Improve the LIVEs of Patients With PReserved Ejectio,6263,1.00,0,,,
SGLT2_HF_REVIEW.html,NCT03521934,SOLOIST-WHF,1222,OK,Effect of Sotagliflozin on Cardiovascular Events in Participants With Type 2 Dia,1222,1.00,2,,,
SGLT2_MACE_CVOT_REVIEW.html,NCT01131676,EMPA-REG OUTCOME,7020,OK,BI 10773 (Empagliflozin) Cardiovascular Outcome Event Trial in Type 2 Diabetes M,7064,0.99,3,,,
SGLT2_MACE_CVOT_REVIEW.html,NCT01032629,CANVAS,10142,OK,CANVAS - CANagliflozin cardioVascular Assessment Study,4330,2.34,1,,EXEMPT,
SGLT2_MACE_CVOT_REVIEW.html,NCT01730534,DECLARE-TIMI 58,17160,TITLE_LOW_OVERLAP,Multicenter Trial to Evaluate the Effect of Dapagliflozin on the Incidence of Ca,17190,1.00,0,,,
SGLT2_MACE_CVOT_REVIEW.html,NCT01986881,VERTIS-CV,8240,OK,Cardiovascular Outcomes Following Ertugliflozin Treatment in Type 2 Diabetes Mel,8246,1.00,1,,,
SGLT2I_HF_NMA_REVIEW.html,NCT03036124,DAPA-HF,4744,TITLE_LOW_OVERLAP,Study to Evaluate the Effect of Dapagliflozin on the Incidence of Worsening Hear,4744,1.00,0,,,
SGLT2I_HF_NMA_REVIEW.html,NCT03057977,EMPEROR-Reduced,3730,OK,EMPagliflozin outcomE tRial in Patients With chrOnic heaRt Failure With Reduced ,3730,1.00,2,,,
SGLT2I_HF_NMA_REVIEW.html,NCT03057951,EMPEROR-Preserved,5988,OK,EMPagliflozin outcomE tRial in Patients With chrOnic heaRt Failure With Preserve,5988,1.00,2,,,
SGLT2I_HF_NMA_REVIEW.html,NCT03619213,DELIVER,6263,TITLE_LOW_OVERLAP,Dapagliflozin Evaluation to Improve the LIVEs of Patients With PReserved Ejectio,6263,1.00,0,,,
SGLT2I_HF_NMA_REVIEW.html,NCT03521934,SOLOIST-WHF,1222,OK,Effect of Sotagliflozin on Cardiovascular Events in Participants With Type 2 Dia,1222,1.00,2,,,
SGLT2I_HF_NMA_REVIEW.html,NCT03315143,SCORED,10584,TITLE_LOW_OVERLAP,Effect of Sotagliflozin on Cardiovascular and Renal Events in Participants With ,10584,1.00,0,,,
SOTAGLIFLOZIN_HF_REVIEW.html,NCT03521934,SOLOIST-WHF,1222,OK,Effect of Sotagliflozin on Cardiovascular Events in Participants With Type 2 Dia,1222,1.00,2,,,
SOTAGLIFLOZIN_HF_REVIEW.html,NCT03315143,SCORED,10584,TITLE_LOW_OVERLAP,Effect of Sotagliflozin on Cardiovascular and Renal Events in Participants With ,10584,1.00,0,,,
SOTATERCEPT_PAH_REVIEW.html,NCT04576988,STELLAR,323,OK,A Study of Sotatercept for the Treatment of Pulmonary Arterial Hypertension (MK-,324,1.00,1,,,
SPARSENTAN_IGAN_REVIEW.html,NCT03762850,PROTECT,402,TITLE_LOW_OVERLAP,A Study of the Effect and Safety of Sparsentan in the Treatment of Patients With,406,0.99,0,,,
SPONDYLOARTHRITIS_NMA_REVIEW.html,NCT02696785,MEASURE 4,233,TITLE_LOW_OVERLAP,A Study of Ixekizumab (LY2439821) in bDMARD-Naive Participants With Radiographic,341,0.68,0,,,
SPONDYLOARTHRITIS_NMA_REVIEW.html,NCT03928704,BE MOBILE 1,386,TITLE_LOW_OVERLAP,A Study to Evaluate the Efficacy and Safety of Bimekizumab in Subjects With Acti,274,1.41,0,,EXEMPT,
SPONDYLOARTHRITIS_NMA_REVIEW.html,NCT03928743,BE MOBILE 2,442,TITLE_LOW_OVERLAP,A Study to Evaluate the Efficacy and Safety of Bimekizumab in Subjects With Acti,332,1.33,0,,EXEMPT,
SPONDYLOARTHRITIS_NMA_REVIEW.html,NCT04169373,SELECT-AXIS 2,420,TITLE_LOW_OVERLAP,A Study to Evaluate Efficacy and Safety of Upadacitinib in Adults With Axial Spo,734,0.57,0,,,
TAVR_LOWRISK_REVIEW.html,NCT02675114,PARTNER 3,950,OK,PARTNER 3 Trial: Safety and Effectiveness of the SAPIEN 3 Transcatheter Heart Va,1000,0.95,1,,,
TAVR_LOWRISK_REVIEW.html,NCT02701283,Evolut Low Risk,1403,OK,Medtronic Evolut Transcatheter Aortic Valve Replacement in Low Risk Patients,2223,0.63,3,,,
TAVR_LOWRISK_REVIEW.html,NCT01057173,NOTION,280,TITLE_LOW_OVERLAP,The Nordic Aortic Valve Intervention Trial,280,1.00,0,,,
TB_DRUG_SUSCEPTIBLE_4MO_REVIEW.html,NCT02410772,Study 31 / A5349 (4-month rifapentine-moxifloxacin),1559,OK,TBTC Study 31: Rifapentine-containing Tuberculosis Treatment Shortening Regimens,2516,0.62,4,,,
TB_PREVENTION_NMA_REVIEW.html,NCT01404312,BRIEF-TB / A5279 (1HP),2986,OK,Brief Rifapentine-Isoniazid Evaluation for TB Prevention (BRIEF TB),3000,1.00,1,,,
TB_PREVENTION_NMA_REVIEW.html,NCT00023452,TBTC Study 26 / PREVENT TB (3HP),7731,OK,Three Months of Weekly Rifapentine and Isoniazid for M. Tuberculosis Infection,8053,0.96,2,,,
TB_PREVENTION_NMA_REVIEW.html,NCT01582711,iAdhere / TBTC Study 33 (3HP SAT vs DOT),1002,OK,Study 33: Adherence to Latent Tuberculosis Infection Treatment 3HP SAT Versus 3H,1002,1.00,5,,,
TB_PREVENTION_REVIEW.html,NCT01404312,BRIEF-TB / A5279,2986,OK,Brief Rifapentine-Isoniazid Evaluation for TB Prevention (BRIEF TB),3000,1.00,1,,,
TDXD_HER2LOW_BC_REVIEW.html,NCT03734029,DESTINY-Breast04,557,OK,Trastuzumab Deruxtecan (DS-8201a) Versus Investigator's Choice for HER2-low Brea,557,1.00,2,,,
TDXD_HER2LOW_BC_REVIEW.html,NCT04494425,DESTINY-Breast06,866,OK,Study of Trastuzumab Deruxtecan (T-DXd) vs Investigator's Choice Chemotherapy in,866,1.00,2,,,
TEPLIZUMAB_T1D_REVIEW.html,NCT01030861,TN-10,76,OK,"""Teplizumab for Prevention of Type 1 Diabetes In Relatives At-Risk""",76,1.00,0,,,
TIRZEPATIDE_T2D_REVIEW.html,NCT03987919,SURPASS-2,939,TITLE_LOW_OVERLAP,A Study of Tirzepatide (LY3298176) Versus Semaglutide Once Weekly as Add-on Ther,1879,0.50,0,,,
TIRZEPATIDE_T2D_REVIEW.html,NCT03730662,SURPASS-4,1997,OK,A Study of Tirzepatide (LY3298176) Once a Week Versus Insulin Glargine Once a Da,2002,1.00,1,,,
TNK_VS_TPA_STROKE_REVIEW.html,NCT01949948,NOR-TEST,1091,TITLE_LOW_OVERLAP,Study of Tenecteplase Versus Alteplase for Thrombolysis (Clot Dissolving) in Acu,1050,1.04,0,,,
TNK_VS_TPA_STROKE_REVIEW.html,NCT03889249,AcT,1567,TITLE_LOW_OVERLAP,Alteplase Compared to Tenecteplase in Patients With Acute Ischemic Stroke,1600,0.98,0,,,
TNK_VS_TPA_STROKE_REVIEW.html,NCT04797013,TRACE-2,1408,TITLE_LOW_OVERLAP,Tenecteplase Reperfusion Therapy in Acute Ischemic Cerebrovascular Events-Ⅱ,1430,0.98,0,,,
TNK_VS_TPA_STROKE_REVIEW.html,NCT02388061,EXTEND-IA TNK,202,TITLE_LOW_OVERLAP,Tenecteplase Versus Alteplase Before Endovascular Therapy for Ischemic Stroke,202,1.00,0,,,
TNK_VS_TPA_STROKE_REVIEW.html,NCT03854500,NOR-TEST 2 Part A,203,OK,The Norwegian Tenecteplase Stroke Trial 2,201,1.01,2,,,
TNK_VS_TPA_STROKE_REVIEW.html,NCT02814409,ATTEST-2,1466,OK,Alteplase-Tenecteplase Trial Evaluation for Stroke Thrombolysis,1858,0.79,1,,,
TOFACITINIB_UC_REVIEW.html,NCT01465763,OCTAVE Induction 1,598,OK,"A Study Evaluating The Efficacy And Safety Of CP-690,550 In Patients With Modera",614,0.97,1,,,
TOFACITINIB_UC_REVIEW.html,NCT01458951,OCTAVE Induction 2,541,OK,"A Study To Evaluate Both The Efficacy and Safety Profile of CP-690,550 In Patien",547,0.99,1,,,
TOFACITINIB_UC_REVIEW.html,NCT01458574,OCTAVE Sustain,395,TITLE_LOW_OVERLAP,"A Study Of Oral CP-690,550 As A Maintenance Therapy For Ulcerative Colitis",593,0.67,0,,,
TYVAC_TYPHOID_REVIEW.html,NCT03299426,TyVAC Malawi,28130,OK,Clinical Efficacy of Typhoid Conjugate Vaccine (Vi-TCV) Among Children Age 9 Mon,30000,0.94,1,,,
UC_BIOLOGICS_NMA_REVIEW.html,NCT00036439,ACT-1,242,TITLE_LOW_OVERLAP,A Safety and Efficacy Study for Infliximab (Remicade) in Patients With Active Ul,364,0.66,0,,,
UC_BIOLOGICS_NMA_REVIEW.html,NCT00408629,ULTRA-2,494,TITLE_LOW_OVERLAP,Efficacy and Safety of Adalimumab in Subjects With Moderately to Severely Active,518,0.95,0,,,
UC_BIOLOGICS_NMA_REVIEW.html,NCT00488774,PURSUIT-SC,662,TITLE_LOW_OVERLAP,An Efficacy and Safety Study of Golimumab in Participants With Ulcerative Coliti,291,2.27,0,,EXEMPT,
UC_BIOLOGICS_NMA_REVIEW.html,NCT00783718,GEMINI-1,374,TITLE_LOW_OVERLAP,Study of Vedolizumab (MLN0002) in Patients With Moderate to Severe Ulcerative Co,895,0.42,0,,,
UC_BIOLOGICS_NMA_REVIEW.html,NCT02407236,UNIFI-induction,641,OK,A Study to Evaluate the Safety and Efficacy of Ustekinumab Induction and Mainten,961,0.67,1,,,
UC_BIOLOGICS_NMA_REVIEW.html,NCT01465763,OCTAVE-1,598,TITLE_LOW_OVERLAP,"A Study Evaluating The Efficacy And Safety Of CP-690,550 In Patients With Modera",614,0.97,0,,,
UC_BIOLOGICS_NMA_REVIEW.html,NCT02819635,U-ACHIEVE,473,TITLE_LOW_OVERLAP,A Study to Evaluate the Safety and Efficacy of Upadacitinib (ABT-494) for Induct,1302,0.36,0,,,
UC_BIOLOGICS_NMA_REVIEW.html,NCT02435992,TRUE-NORTH,645,TITLE_LOW_OVERLAP,Safety and Efficacy Trial of RPC1063 for Moderate to Severe Ulcerative Colitis,1012,0.64,0,,,
UC_BIOLOGICS_NMA_REVIEW.html,NCT03518086,LUCENT-1,1162,OK,An Induction Study of Mirikizumab in Participants With Moderately to Severely Ac,1281,0.91,1,,,
UPADACITINIB_CD_REVIEW.html,NCT03345849,U-EXCEL,526,TITLE_LOW_OVERLAP,A Study of the Efficacy and Safety of Upadacitinib in Participants With Moderate,526,1.00,0,,,
UPADACITINIB_CD_REVIEW.html,NCT03345836,U-EXCEED,495,TITLE_LOW_OVERLAP,A Study of the Efficacy and Safety of Upadacitinib (ABT-494) in Participants Wit,624,0.79,0,,,
UPADACITINIB_CD_REVIEW.html,NCT03345823,U-ENDURE,502,TITLE_LOW_OVERLAP,A Maintenance and Long-Term Extension Study of the Efficacy and Safety of Upadac,747,0.67,0,,,
VENETOCLAX_AML_REVIEW.html,NCT02993523,VIALE-A,431,TITLE_LOW_OVERLAP,A Study of Venetoclax in Combination With Azacitidine Versus Azacitidine in Trea,443,0.97,0,,,
VENETOCLAX_AML_REVIEW.html,NCT03069352,VIALE-C,211,TITLE_LOW_OVERLAP,A Study of Venetoclax in Combination With Low Dose Cytarabine Versus Low Dose Cy,211,1.00,0,,,
VENETOCLAX_CLL_REVIEW.html,NCT02242942,CLL14,432,TITLE_LOW_OVERLAP,Comparison of the Treatments of Obinutuzumab + Venetoclax Versus Obinutuzumab + ,445,0.97,0,,,
VENETOCLAX_CLL_REVIEW.html,NCT02005471,MURANO,389,TITLE_LOW_OVERLAP,A Study to Evaluate the Benefit of Venetoclax Plus Rituximab Compared With Benda,389,1.00,0,,,
VENETOCLAX_CLL_REVIEW.html,NCT02950051,CLL13/GAIA,458,TITLE_LOW_OVERLAP,Standard Chemoimmunotherapy (FCR/BR) Versus Rituximab + Venetoclax (RVe) Versus ,926,0.49,0,,,
VOCLOSPORIN_LN_REVIEW.html,NCT03021499,AURORA 1,357,TITLE_LOW_OVERLAP,Aurinia Renal Response in Active Lupus With Voclosporin,358,1.00,0,,,
VORASIDENIB_GLIOMA_REVIEW.html,NCT04164901,INDIGO,331,OK,Study of Vorasidenib (AG-881) in Participants With Residual or Recurrent Grade 2,331,1.00,1,,,
VUTRISIRAN_ATTR_REVIEW.html,NCT04153149,HELIOS-B,655,OK,HELIOS-B: A Study to Evaluate Vutrisiran in Patients With Transthyretin Amyloido,655,1.00,1,,,
YELLOW_FEVER_FRACTIONAL_REVIEW.html,LEGACY-NONNCT-CASEY-2019-YF,Casey 2019 Kinshasa (1/5 fractional 17DD),493,ISRCTN_ONLY,,,,,,,
ZOLBETUXIMAB_GASTRIC_REVIEW.html,NCT03504397,SPOTLIGHT,565,TITLE_LOW_OVERLAP,A Study to Compare Zolbetuximab (IMAB362) and Chemotherapy With Placebo and Chem,565,1.00,0,,,
ZOLBETUXIMAB_GASTRIC_REVIEW.html,NCT03653507,GLOW,507,OK,A Study of Zolbetuximab (IMAB362) Plus CAPOX Compared With Placebo Plus CAPOX as,507,1.00,1,,,
