file,nct,action
ABLATION_AF_REVIEW.html,NCT01420393,ALREADY_POPULATED
ABLATION_AF_REVIEW.html,NCT01288352,ALREADY_POPULATED
ABLATION_AF_REVIEW.html,NCT00911508,ALREADY_POPULATED
ABLATION_AF_REVIEW.html,NCT00643188,ALREADY_POPULATED
ACALABRUTINIB_CLL_REVIEW.html,NCT02970318,ALREADY_POPULATED
ACALABRUTINIB_CLL_REVIEW.html,NCT02475681,ALREADY_POPULATED
ACORAMIDIS_ATTR_CM_REVIEW.html,NCT03860935,ALREADY_POPULATED
ACS_ANTIPLATELET_NMA_REVIEW.html,NCT02270242,ALREADY_POPULATED
ACS_ANTIPLATELET_NMA_REVIEW.html,NCT01944800,ALREADY_POPULATED
ACS_ANTIPLATELET_NMA_REVIEW.html,NCT00097591,ALREADY_POPULATED
ACS_ANTIPLATELET_NMA_REVIEW.html,NCT00391872,ALREADY_POPULATED
ADC_HER2_ADJUVANT_NMA_REVIEW.html,NCT01772472,ALREADY_POPULATED
ADC_HER2_LOW_NMA_REVIEW.html,NCT04494425,ALREADY_POPULATED
ADC_HER2_LOW_NMA_REVIEW.html,NCT03734029,ALREADY_POPULATED
ADC_HER2_NMA_REVIEW.html,NCT03523585,ALREADY_POPULATED
ADC_HER2_NMA_REVIEW.html,NCT01419197,ALREADY_POPULATED
ADC_HER2_NMA_REVIEW.html,NCT00829166,ALREADY_POPULATED
ADC_HER2_NMA_REVIEW.html,NCT03529110,ALREADY_POPULATED
ADJUVANT_IO_MELANOMA_REVIEW.html,NCT01682083,ALREADY_POPULATED
ADJUVANT_IO_MELANOMA_REVIEW.html,NCT02388906,ALREADY_POPULATED
ADJUVANT_IO_MELANOMA_REVIEW.html,NCT02362594,ALREADY_POPULATED
AFICAMTEN_HCM_REVIEW.html,NCT05186818,ALREADY_POPULATED
AFLIBERCEPT_HD_REVIEW.html,NCT04429503,ALREADY_POPULATED
AFLIBERCEPT_HD_REVIEW.html,NCT04423718,ALREADY_POPULATED
AGYW_HIV_PREP_NMA_REVIEW.html,NCT01386294,ALREADY_POPULATED
AGYW_HIV_PREP_NMA_REVIEW.html,NCT02732730,ALREADY_POPULATED
ALDO_SYNTHASE_NMA_REVIEW.html,NCT05001945,ALREADY_POPULATED
ALDO_SYNTHASE_NMA_REVIEW.html,NCT05137002,ALREADY_POPULATED
ALK_NSCLC_NMA_REVIEW.html,NCT02767804,ALREADY_POPULATED
ALK_NSCLC_NMA_REVIEW.html,NCT03052608,ALREADY_POPULATED
ALK_NSCLC_NMA_REVIEW.html,NCT02737501,ALREADY_POPULATED
ALK_NSCLC_NMA_REVIEW.html,NCT02075840,ALREADY_POPULATED
ALOPECIA_JAKI_NMA_REVIEW.html,NCT04797650,ALREADY_POPULATED
ALOPECIA_JAKI_NMA_REVIEW.html,NCT04518995,ALREADY_POPULATED
ALOPECIA_JAKI_NMA_REVIEW.html,NCT03732807,ALREADY_POPULATED
ALOPECIA_JAKI_NMA_REVIEW.html,NCT03899259,ALREADY_POPULATED
ALOPECIA_JAKI_NMA_REVIEW.html,NCT03570749,ALREADY_POPULATED
ANIFROLUMAB_SLE_REVIEW.html,NCT02446899,ALREADY_POPULATED
ANIFROLUMAB_SLE_REVIEW.html,NCT02446912,ALREADY_POPULATED
ANTI_CD20_MS_NMA_REVIEW.html,NCT03277248,ALREADY_POPULATED
ANTI_CD20_MS_NMA_REVIEW.html,NCT03277261,ALREADY_POPULATED
ANTI_CD20_MS_NMA_REVIEW.html,NCT02792231,ALREADY_POPULATED
ANTI_CD20_MS_NMA_REVIEW.html,NCT02792218,ALREADY_POPULATED
ANTI_CD20_MS_NMA_REVIEW.html,NCT01412333,ALREADY_POPULATED
ANTI_CD20_MS_NMA_REVIEW.html,NCT01247324,ALREADY_POPULATED
ANTIAMYLOID_AD_NMA_REVIEW.html,NCT01900665,ALREADY_POPULATED
ANTIAMYLOID_AD_NMA_REVIEW.html,NCT03443973,ALREADY_POPULATED
ANTIAMYLOID_AD_NMA_REVIEW.html,NCT03444870,ALREADY_POPULATED
ANTIAMYLOID_AD_NMA_REVIEW.html,NCT02484547,ALREADY_POPULATED
ANTIAMYLOID_AD_NMA_REVIEW.html,NCT02477800,ALREADY_POPULATED
ANTIAMYLOID_AD_NMA_REVIEW.html,NCT04437511,ALREADY_POPULATED
ANTIAMYLOID_AD_NMA_REVIEW.html,NCT03887455,ALREADY_POPULATED
ANTIAMYLOID_AD_REVIEW.html,NCT02484547,ALREADY_POPULATED
ANTIAMYLOID_AD_REVIEW.html,NCT02477800,ALREADY_POPULATED
ANTIAMYLOID_AD_REVIEW.html,NCT04437511,ALREADY_POPULATED
ANTIAMYLOID_AD_REVIEW.html,NCT03887455,ALREADY_POPULATED
ANTIVEGF_NAMD_NMA_REVIEW.html,NCT00061594,ALREADY_POPULATED
ANTIVEGF_NAMD_NMA_REVIEW.html,NCT00056836,ALREADY_POPULATED
ANTIVEGF_NAMD_NMA_REVIEW.html,NCT00593450,ALREADY_POPULATED
ANTIVEGF_NAMD_NMA_REVIEW.html,NCT02434328,ALREADY_POPULATED
ANTIVEGF_NAMD_NMA_REVIEW.html,NCT02307682,ALREADY_POPULATED
ANTIVEGF_NAMD_NMA_REVIEW.html,NCT04423718,ALREADY_POPULATED
ANTIVEGF_NAMD_NMA_REVIEW.html,NCT03823300,ALREADY_POPULATED
ANTIVEGF_NAMD_NMA_REVIEW.html,NCT03823287,ALREADY_POPULATED
ANTIVEGF_NAMD_NMA_REVIEW.html,NCT00637377,ALREADY_POPULATED
ANTIVEGF_NAMD_NMA_REVIEW.html,NCT00509795,ALREADY_POPULATED
ARNI_HF_REVIEW.html,NCT03988634,ALREADY_POPULATED
ARNI_HF_REVIEW.html,NCT02924727,ALREADY_POPULATED
ARNI_HF_REVIEW.html,NCT01920711,ALREADY_POPULATED
ARNI_HF_REVIEW.html,NCT01035255,ALREADY_POPULATED
ARPI_mHSPC_REVIEW.html,NCT01715285,ALREADY_POPULATED
ARPI_mHSPC_REVIEW.html,NCT02799602,ALREADY_POPULATED
ARPI_mHSPC_REVIEW.html,NCT02489318,ALREADY_POPULATED
ARPI_mHSPC_REVIEW.html,NCT02446405,ALREADY_POPULATED
ARPI_mHSPC_REVIEW.html,NCT02677896,ALREADY_POPULATED
ARPI_NMCRPC_REVIEW.html,NCT02200614,ALREADY_POPULATED
ARPI_NMCRPC_REVIEW.html,NCT02003924,ALREADY_POPULATED
ARPI_NMCRPC_REVIEW.html,NCT01946204,ALREADY_POPULATED
ATOPIC_DERM_NMA_REVIEW.html,NCT03334396,ALREADY_POPULATED
ATOPIC_DERM_NMA_REVIEW.html,NCT03569293,ALREADY_POPULATED
ATOPIC_DERM_NMA_REVIEW.html,NCT03349060,ALREADY_POPULATED
ATOPIC_DERM_NMA_REVIEW.html,NCT03985943,ALREADY_POPULATED
ATOPIC_DERM_NMA_REVIEW.html,NCT04146363,ALREADY_POPULATED
ATOPIC_DERM_NMA_REVIEW.html,NCT03131648,ALREADY_POPULATED
ATOPIC_DERM_NMA_REVIEW.html,NCT02277743,ALREADY_POPULATED
ATTR_CM_NMA_REVIEW.html,NCT03860935,ALREADY_POPULATED
ATTR_CM_NMA_REVIEW.html,NCT04153149,ALREADY_POPULATED
ATTR_CM_NMA_REVIEW.html,NCT01994889,ALREADY_POPULATED
ATTR_CM_REVIEW.html,NCT03997383,ALREADY_POPULATED
ATTR_CM_REVIEW.html,NCT05534659,ALREADY_POPULATED
ATTR_CM_REVIEW.html,NCT03860935,ALREADY_POPULATED
ATTR_CM_REVIEW.html,NCT01994889,ALREADY_POPULATED
ATTR_PN_NMA_REVIEW.html,NCT04136184,ALREADY_POPULATED
ATTR_PN_NMA_REVIEW.html,NCT03759379,ALREADY_POPULATED
ATTR_PN_NMA_REVIEW.html,NCT01960348,ALREADY_POPULATED
AVACINCAPTAD_GA_REVIEW.html,NCT04435366,ALREADY_POPULATED
AVACINCAPTAD_GA_REVIEW.html,NCT02686658,ALREADY_POPULATED
AVACINCAPTAD_GA_REVIEW.html,NCT05536557,NO_EVIDENCE_ARRAY
AZITHROMYCIN_CHILD_MORTALITY_REVIEW.html,NCT04224987,ALREADY_POPULATED
AZITHROMYCIN_CHILD_MORTALITY_REVIEW.html,NCT02048007,ALREADY_POPULATED
AZITHROMYCIN_CHILD_MORTALITY_REVIEW.html,NCT02047981,ALREADY_POPULATED
BELIMUMAB_SLE_REVIEW.html,NCT01639339,ALREADY_POPULATED
BELIMUMAB_SLE_REVIEW.html,NCT01484496,ALREADY_POPULATED
BELIMUMAB_SLE_REVIEW.html,NCT00410384,ALREADY_POPULATED
BELIMUMAB_SLE_REVIEW.html,NCT00424476,ALREADY_POPULATED
BEMPEDOIC_ACID_REVIEW.html,NCT02988115,NO_EVIDENCE_ARRAY
BEMPEDOIC_ACID_REVIEW.html,NCT02973841,ALREADY_POPULATED
BEMPEDOIC_ACID_REVIEW.html,NCT02666664,ALREADY_POPULATED
BEMPEDOIC_ACID_REVIEW.html,NCT02993406,ALREADY_POPULATED
BIMEKIZUMAB_PSORIASIS_REVIEW.html,NCT03412747,ALREADY_POPULATED
BIMEKIZUMAB_PSORIASIS_REVIEW.html,NCT03410992,ALREADY_POPULATED
BIMEKIZUMAB_PSORIASIS_REVIEW.html,NCT03370133,ALREADY_POPULATED
BIOLOGIC_ASTHMA_REVIEW.html,NCT03347279,ALREADY_POPULATED
BIOLOGIC_ASTHMA_REVIEW.html,NCT02414854,ALREADY_POPULATED
BIOLOGIC_ASTHMA_REVIEW.html,NCT01914757,ALREADY_POPULATED
BIOLOGIC_ASTHMA_REVIEW.html,NCT01691521,ALREADY_POPULATED
BPAL_MDRTB_REVIEW.html,NCT02754765,ALREADY_POPULATED
BPAL_MDRTB_REVIEW.html,NCT02409290,ALREADY_POPULATED
BPAL_MDRTB_REVIEW.html,NCT02589782,ALREADY_POPULATED
BTKI_CLL_NMA_REVIEW.html,NCT02970318,ALREADY_POPULATED
BTKI_CLL_NMA_REVIEW.html,NCT01578707,ALREADY_POPULATED
BTKI_CLL_NMA_REVIEW.html,NCT03336333,ALREADY_POPULATED
BTKI_CLL_NMA_REVIEW.html,NCT01722487,ALREADY_POPULATED
BTKI_CLL_NMA_REVIEW.html,NCT03734016,ALREADY_POPULATED
BTKI_CLL_NMA_REVIEW.html,NCT02477696,ALREADY_POPULATED
BTKI_CLL_NMA_REVIEW.html,NCT02475681,ALREADY_POPULATED
CAB_PREP_HIV_REVIEW.html,NCT03164564,ALREADY_POPULATED
CAB_PREP_HIV_REVIEW.html,NCT02720094,ALREADY_POPULATED
CABOTEGRAVIR_HIV_ART_REVIEW.html,NCT03299049,ALREADY_POPULATED
CABOTEGRAVIR_HIV_ART_REVIEW.html,NCT02938520,ALREADY_POPULATED
CABOTEGRAVIR_HIV_ART_REVIEW.html,NCT02951052,ALREADY_POPULATED
CANGRELOR_PCI_REVIEW.html,NCT01156571,ALREADY_POPULATED
CANGRELOR_PCI_REVIEW.html,NCT00385138,ALREADY_POPULATED
CANGRELOR_PCI_REVIEW.html,NCT00305162,ALREADY_POPULATED
CAPIVASERTIB_BC_REVIEW.html,NCT04305496,ALREADY_POPULATED
CARDIORENAL_DKD_NMA_REVIEW.html,NCT03819153,ALREADY_POPULATED
CARDIORENAL_DKD_NMA_REVIEW.html,NCT03594110,ALREADY_POPULATED
CARDIORENAL_DKD_NMA_REVIEW.html,NCT03036150,ALREADY_POPULATED
CARDIORENAL_DKD_NMA_REVIEW.html,NCT02065791,ALREADY_POPULATED
CARDIORENAL_DKD_NMA_REVIEW.html,NCT02545049,ALREADY_POPULATED
CARDIORENAL_DKD_NMA_REVIEW.html,NCT02540993,ALREADY_POPULATED
CART_DLBCL_REVIEW.html,NCT03570892,ALREADY_POPULATED
CART_DLBCL_REVIEW.html,NCT03575351,ALREADY_POPULATED
CART_DLBCL_REVIEW.html,NCT03391466,ALREADY_POPULATED
CART_MM_REVIEW.html,NCT03651128,ALREADY_POPULATED
CART_MM_REVIEW.html,NCT04181827,ALREADY_POPULATED
CBD_SEIZURE_REVIEW.html,NCT02224703,ALREADY_POPULATED
CBD_SEIZURE_REVIEW.html,NCT02224560,ALREADY_POPULATED
CBD_SEIZURE_REVIEW.html,NCT02224690,ALREADY_POPULATED
CBD_SEIZURE_REVIEW.html,NCT02091375,ALREADY_POPULATED
CD_BIOLOGICS_NMA_REVIEW.html,NCT03345849,ALREADY_POPULATED
CD_BIOLOGICS_NMA_REVIEW.html,NCT03105128,ALREADY_POPULATED
CD_BIOLOGICS_NMA_REVIEW.html,NCT01369329,ALREADY_POPULATED
CD_BIOLOGICS_NMA_REVIEW.html,NCT01224171,ALREADY_POPULATED
CD_BIOLOGICS_NMA_REVIEW.html,NCT00152490,ALREADY_POPULATED
CDK46_MBC_REVIEW.html,NCT02246621,ALREADY_POPULATED
CDK46_MBC_REVIEW.html,NCT01958021,ALREADY_POPULATED
CDK46_MBC_REVIEW.html,NCT01740427,ALREADY_POPULATED
CFTR_CF_REVIEW.html,NCT03525548,ALREADY_POPULATED
CFTR_CF_REVIEW.html,NCT03525444,ALREADY_POPULATED
CFTR_CF_REVIEW.html,NCT00909532,ALREADY_POPULATED
CFTR_MODULATORS_NMA_REVIEW.html,NCT03525444,ALREADY_POPULATED
CFTR_MODULATORS_NMA_REVIEW.html,NCT02347657,ALREADY_POPULATED
CFTR_MODULATORS_NMA_REVIEW.html,NCT01807923,ALREADY_POPULATED
CGRP_MIGRAINE_NMA_REVIEW.html,NCT02559895,ALREADY_POPULATED
CGRP_MIGRAINE_NMA_REVIEW.html,NCT02614183,ALREADY_POPULATED
CGRP_MIGRAINE_NMA_REVIEW.html,NCT02629861,ALREADY_POPULATED
CGRP_MIGRAINE_NMA_REVIEW.html,NCT02456740,ALREADY_POPULATED
CGRP_MIGRAINE_REVIEW.html,NCT02629861,ALREADY_POPULATED
CGRP_MIGRAINE_REVIEW.html,NCT02614183,ALREADY_POPULATED
CGRP_MIGRAINE_REVIEW.html,NCT02456740,ALREADY_POPULATED
CHOLERA_OCV_REVIEW.html,NCT02027207,ALREADY_POPULATED
COLCHICINE_CVD_REVIEW.html,NCT02898610,ALREADY_POPULATED
COLCHICINE_CVD_REVIEW.html,NCT03048825,ALREADY_POPULATED
COLCHICINE_CVD_REVIEW.html,NCT02551094,ALREADY_POPULATED
COPD_TRIPLE_REVIEW.html,NCT02497001,ALREADY_POPULATED
COPD_TRIPLE_REVIEW.html,NCT02465567,ALREADY_POPULATED
COPD_TRIPLE_REVIEW.html,NCT02164513,ALREADY_POPULATED
COVID_ORAL_ANTIVIRALS_REVIEW.html,NCT04575597,ALREADY_POPULATED
COVID_ORAL_ANTIVIRALS_REVIEW.html,NCT04960202,ALREADY_POPULATED
CRYPTOCOCCAL_MENINGITIS_AFRICA_NMA_REVIEW.html,NCT01075152,NO_EVIDENCE_ARRAY
DELANDISTROGENE_DMD_REVIEW.html,NCT05096221,ALREADY_POPULATED
DIABETIC_MACULAR_EDEMA_NMA_REVIEW.html,NCT03622593,NO_EVIDENCE_ARRAY
DIABETIC_MACULAR_EDEMA_NMA_REVIEW.html,NCT03622580,NO_EVIDENCE_ARRAY
DIABETIC_MACULAR_EDEMA_NMA_REVIEW.html,NCT01627249,NO_EVIDENCE_ARRAY
DIABETIC_RETINOPATHY_NMA_REVIEW.html,NCT02634333,NO_EVIDENCE_ARRAY
DIABETIC_RETINOPATHY_NMA_REVIEW.html,NCT02718326,NO_EVIDENCE_ARRAY
DIABETIC_RETINOPATHY_NMA_REVIEW.html,NCT01489189,NO_EVIDENCE_ARRAY
DOAC_AF_NMA_REVIEW.html,NCT00781391,ALREADY_POPULATED
DOAC_AF_NMA_REVIEW.html,NCT00412984,ALREADY_POPULATED
DOAC_AF_NMA_REVIEW.html,NCT00403767,ALREADY_POPULATED
DOAC_AF_NMA_REVIEW.html,NCT00262600,ALREADY_POPULATED
DOAC_AF_REVIEW.html,NCT00781391,ALREADY_POPULATED
DOAC_AF_REVIEW.html,NCT00412984,ALREADY_POPULATED
DOAC_AF_REVIEW.html,NCT00403767,ALREADY_POPULATED
DOAC_AF_REVIEW.html,NCT00262600,ALREADY_POPULATED
DOAC_CANCER_VTE_REVIEW.html,NCT03045406,ALREADY_POPULATED
DOAC_CANCER_VTE_REVIEW.html,NCT02585713,ALREADY_POPULATED
DOAC_CANCER_VTE_REVIEW.html,NCT02583191,ALREADY_POPULATED
DOAC_CANCER_VTE_REVIEW.html,NCT02073682,ALREADY_POPULATED
DOAC_VTE_NMA_REVIEW.html,NCT00986154,ALREADY_POPULATED
DOAC_VTE_NMA_REVIEW.html,NCT00643201,ALREADY_POPULATED
DOAC_VTE_NMA_REVIEW.html,NCT00440193,ALREADY_POPULATED
DOAC_VTE_NMA_REVIEW.html,NCT00291330,ALREADY_POPULATED
DOLUTEGRAVIR_ART_SSA_REVIEW.html,NCT03048422,ALREADY_POPULATED
DOLUTEGRAVIR_ART_SSA_REVIEW.html,NCT02777229,ALREADY_POPULATED
DOLUTEGRAVIR_ART_SSA_REVIEW.html,NCT03122262,ALREADY_POPULATED
DONANEMAB_AD_SOLO_REVIEW.html,NCT04437511,ALREADY_POPULATED
DORAVIRINE_HIV_REVIEW.html,NCT02397096,ALREADY_POPULATED
DORAVIRINE_HIV_REVIEW.html,NCT02275780,ALREADY_POPULATED
DORAVIRINE_HIV_REVIEW.html,NCT02403674,ALREADY_POPULATED
DUPILUMAB_AD_REVIEW.html,NCT02260986,ALREADY_POPULATED
DUPILUMAB_AD_REVIEW.html,NCT02277769,ALREADY_POPULATED
DUPILUMAB_AD_REVIEW.html,NCT02277743,ALREADY_POPULATED
DUPILUMAB_COPD_REVIEW.html,NCT04456673,ALREADY_POPULATED
DUPILUMAB_COPD_REVIEW.html,NCT03930732,ALREADY_POPULATED
EBOLA_VACCINE_REVIEW.html,NCT02378753,ALREADY_POPULATED
EFGARTIGIMOD_MG_REVIEW.html,NCT03669588,ALREADY_POPULATED
ELACESTRANT_BC_REVIEW.html,NCT03778931,ALREADY_POPULATED
ENSIFENTRINE_COPD_REVIEW.html,NCT04542057,ALREADY_POPULATED
ENSIFENTRINE_COPD_REVIEW.html,NCT04535986,ALREADY_POPULATED
ESKETAMINE_TRD_REVIEW.html,NCT02422186,ALREADY_POPULATED
ESKETAMINE_TRD_REVIEW.html,NCT02418585,ALREADY_POPULATED
ETRASIMOD_UC_REVIEW.html,NCT03996369,ALREADY_POPULATED
ETRASIMOD_UC_REVIEW.html,NCT03945188,ALREADY_POPULATED
EVT_BASILAR_REVIEW.html,NCT01717755,ALREADY_POPULATED
EVT_BASILAR_REVIEW.html,NCT02737189,ALREADY_POPULATED
EVT_BASILAR_REVIEW.html,NCT04751708,ALREADY_POPULATED
EVT_EXTENDED_WINDOW_REVIEW.html,NCT03098355,ALREADY_POPULATED
EVT_EXTENDED_WINDOW_REVIEW.html,NCT02586415,ALREADY_POPULATED
EVT_EXTENDED_WINDOW_REVIEW.html,NCT02142283,ALREADY_POPULATED
EVT_LARGECORE_REVIEW.html,NCT03805308,ALREADY_POPULATED
EVT_LARGECORE_REVIEW.html,NCT03811769,ALREADY_POPULATED
EVT_LARGECORE_REVIEW.html,NCT03094715,ALREADY_POPULATED
EVT_LARGECORE_REVIEW.html,NCT03876457,ALREADY_POPULATED
EVT_LARGECORE_REVIEW.html,NCT04551664,ALREADY_POPULATED
EVT_LARGECORE_REVIEW.html,NCT03702413,ALREADY_POPULATED
FARICIMAB_NAMD_REVIEW.html,NCT03823300,ALREADY_POPULATED
FARICIMAB_NAMD_REVIEW.html,NCT03823287,ALREADY_POPULATED
FENFLURAMINE_SEIZURE_REVIEW.html,NCT03355209,ALREADY_POPULATED
FENFLURAMINE_SEIZURE_REVIEW.html,NCT02926898,ALREADY_POPULATED
FENFLURAMINE_SEIZURE_REVIEW.html,NCT02682927,ALREADY_POPULATED
FEZOLINETANT_VMS_REVIEW.html,NCT04003142,ALREADY_POPULATED
FEZOLINETANT_VMS_REVIEW.html,NCT04003155,ALREADY_POPULATED
FINERENONE_REVIEW.html,NCT01874431,ALREADY_POPULATED
FINERENONE_REVIEW.html,NCT04435626,ALREADY_POPULATED
FINERENONE_REVIEW.html,NCT02545049,ALREADY_POPULATED
FINERENONE_REVIEW.html,NCT02540993,ALREADY_POPULATED
FRAGILITY_FRACTURE_NMA_REVIEW.html,NCT00089791,ALREADY_POPULATED
FRAGILITY_FRACTURE_NMA_REVIEW.html,NCT00321620,ALREADY_POPULATED
FRAGILITY_FRACTURE_NMA_REVIEW.html,NCT01575834,ALREADY_POPULATED
FRAGILITY_FRACTURE_NMA_REVIEW.html,NCT01631214,ALREADY_POPULATED
GLP1_CVOT_NMA_REVIEW.html,NCT03496298,ALREADY_POPULATED
GLP1_CVOT_NMA_REVIEW.html,NCT01144338,ALREADY_POPULATED
GLP1_CVOT_NMA_REVIEW.html,NCT02465515,ALREADY_POPULATED
GLP1_CVOT_NMA_REVIEW.html,NCT01147250,ALREADY_POPULATED
GLP1_CVOT_NMA_REVIEW.html,NCT02692716,ALREADY_POPULATED
GLP1_CVOT_NMA_REVIEW.html,NCT01394952,ALREADY_POPULATED
GLP1_CVOT_NMA_REVIEW.html,NCT01720446,ALREADY_POPULATED
GLP1_CVOT_NMA_REVIEW.html,NCT01179048,ALREADY_POPULATED
GLP1_CVOT_REVIEW.html,NCT03574597,NO_EVIDENCE_ARRAY
GLP1_CVOT_REVIEW.html,NCT03914728,NO_EVIDENCE_ARRAY
GLP1_CVOT_REVIEW.html,NCT02692716,NO_EVIDENCE_ARRAY
GLP1_CVOT_REVIEW.html,NCT03496298,NO_EVIDENCE_ARRAY
GLP1_CVOT_REVIEW.html,NCT01394952,NO_EVIDENCE_ARRAY
GLP1_CVOT_REVIEW.html,NCT02465515,NO_EVIDENCE_ARRAY
GLP1_CVOT_REVIEW.html,NCT01144338,NO_EVIDENCE_ARRAY
GLP1_CVOT_REVIEW.html,NCT01720446,NO_EVIDENCE_ARRAY
GLP1_CVOT_REVIEW.html,NCT01179048,NO_EVIDENCE_ARRAY
GLP1_CVOT_REVIEW.html,NCT01147250,NO_EVIDENCE_ARRAY
GLP1_CVOT_REVIEW.html,NCT03914326,NO_EVIDENCE_ARRAY
GLP1_CVOT_REVIEW.html,NCT03496298,NO_EVIDENCE_ARRAY
GLP1_CVOT_REVIEW.html,NCT03574597,NO_EVIDENCE_ARRAY
GLP1_CVOT_REVIEW.html,NCT02692716,NO_EVIDENCE_ARRAY
GLP1_CVOT_REVIEW.html,NCT01394952,NO_EVIDENCE_ARRAY
GLP1_CVOT_REVIEW.html,NCT02465515,NO_EVIDENCE_ARRAY
GLP1_CVOT_REVIEW.html,NCT01144338,NO_EVIDENCE_ARRAY
GLP1_CVOT_REVIEW.html,NCT01720446,NO_EVIDENCE_ARRAY
GLP1_CVOT_REVIEW.html,NCT01179048,NO_EVIDENCE_ARRAY
GLP1_CVOT_REVIEW.html,NCT01147250,NO_EVIDENCE_ARRAY
GLP1_CVOT_REVIEW.html,NCT03914326,ALREADY_POPULATED
GLP1_CVOT_REVIEW.html,NCT03496298,ALREADY_POPULATED
GLP1_CVOT_REVIEW.html,NCT03574597,ALREADY_POPULATED
GLP1_CVOT_REVIEW.html,NCT02692716,ALREADY_POPULATED
GLP1_CVOT_REVIEW.html,NCT01394952,ALREADY_POPULATED
GLP1_CVOT_REVIEW.html,NCT02465515,ALREADY_POPULATED
GLP1_CVOT_REVIEW.html,NCT01144338,ALREADY_POPULATED
GLP1_CVOT_REVIEW.html,NCT01720446,ALREADY_POPULATED
GLP1_CVOT_REVIEW.html,NCT01179048,ALREADY_POPULATED
GLP1_CVOT_REVIEW.html,NCT01147250,ALREADY_POPULATED
GLP1_MASH_NMA_REVIEW.html,NCT02970942,ALREADY_POPULATED
GLP1_MASH_NMA_REVIEW.html,NCT04166773,ALREADY_POPULATED
GLP1_MASH_NMA_REVIEW.html,NCT04822181,ALREADY_POPULATED
HCC_1L_NMA_REVIEW.html,NCT03713593,ALREADY_POPULATED
HCC_1L_NMA_REVIEW.html,NCT04039607,ALREADY_POPULATED
HCC_1L_NMA_REVIEW.html,NCT03298451,ALREADY_POPULATED
HCC_1L_NMA_REVIEW.html,NCT03434379,ALREADY_POPULATED
HEMOPHILIA_GENE_THERAPY_NMA_REVIEW.html,NCT04370054,NO_EVIDENCE_ARRAY
HEMOPHILIA_GENE_THERAPY_NMA_REVIEW.html,NCT03569891,NO_EVIDENCE_ARRAY
HEMOPHILIA_GENE_THERAPY_NMA_REVIEW.html,NCT03392974,NO_EVIDENCE_ARRAY
HEPATITIS_B_TAF_TDF_REVIEW.html,NCT01940471,NO_EVIDENCE_ARRAY
HEPATITIS_B_TAF_TDF_REVIEW.html,NCT01940341,NO_EVIDENCE_ARRAY
HEPATITIS_HCV_DAA_NMA_REVIEW.html,NCT02642432,ALREADY_POPULATED
HEPATITIS_HCV_DAA_NMA_REVIEW.html,NCT02201953,ALREADY_POPULATED
HEPATITIS_HCV_DAA_NMA_REVIEW.html,NCT02201940,ALREADY_POPULATED
HER2_LOW_ADC_NMA_REVIEW.html,NCT05374512,ALREADY_POPULATED
HER2_LOW_ADC_NMA_REVIEW.html,NCT03901339,ALREADY_POPULATED
HER2_LOW_ADC_NMA_REVIEW.html,NCT04494425,ALREADY_POPULATED
HER2_LOW_ADC_NMA_REVIEW.html,NCT03734029,ALREADY_POPULATED
HF_QUADRUPLE_NMA_REVIEW.html,NCT04435626,ALREADY_POPULATED
HF_QUADRUPLE_NMA_REVIEW.html,NCT01035255,ALREADY_POPULATED
HF_QUADRUPLE_NMA_REVIEW.html,NCT03057951,ALREADY_POPULATED
HF_QUADRUPLE_NMA_REVIEW.html,NCT03619213,ALREADY_POPULATED
HF_QUADRUPLE_NMA_REVIEW.html,NCT03057977,ALREADY_POPULATED
HF_QUADRUPLE_NMA_REVIEW.html,NCT03036124,ALREADY_POPULATED
HIDRADENITIS_SUPPURATIVA_NMA_REVIEW.html,NCT04242446,NO_EVIDENCE_ARRAY
HIDRADENITIS_SUPPURATIVA_NMA_REVIEW.html,NCT01468233,NO_EVIDENCE_ARRAY
HIDRADENITIS_SUPPURATIVA_NMA_REVIEW.html,NCT01468207,NO_EVIDENCE_ARRAY
HIFPH_CKD_ANEMIA_REVIEW.html,NCT02052310,ALREADY_POPULATED
HIFPH_CKD_ANEMIA_REVIEW.html,NCT02892149,ALREADY_POPULATED
HIFPH_CKD_ANEMIA_REVIEW.html,NCT02648347,ALREADY_POPULATED
HIFPH_CKD_ANEMIA_REVIEW.html,NCT02876835,ALREADY_POPULATED
HIFPH_CKD_ANEMIA_REVIEW.html,NCT02879305,ALREADY_POPULATED
HIGH_EFFICACY_MS_REVIEW.html,NCT02792231,ALREADY_POPULATED
HIGH_EFFICACY_MS_REVIEW.html,NCT02792218,ALREADY_POPULATED
HIGH_EFFICACY_MS_REVIEW.html,NCT01412333,ALREADY_POPULATED
HIGH_EFFICACY_MS_REVIEW.html,NCT01247324,ALREADY_POPULATED
HIV_ART_FIRSTLINE_NMA_REVIEW.html,NCT03122262_TDF,ALREADY_POPULATED
HIV_ART_FIRSTLINE_NMA_REVIEW.html,NCT03122262,ALREADY_POPULATED
HIV_ART_TIMING_NMA_REVIEW.html,NCT00074581,NO_EVIDENCE_ARRAY
HIV_ART_TIMING_NMA_REVIEW.html,NCT00495651,NO_EVIDENCE_ARRAY
HIV_ART_TIMING_NMA_REVIEW.html,NCT00867048,NO_EVIDENCE_ARRAY
HIV_LA_PREP_NMA_REVIEW.html,NCT04925752,ALREADY_POPULATED
HIV_LA_PREP_NMA_REVIEW.html,NCT04994509,ALREADY_POPULATED
HIV_LA_PREP_NMA_REVIEW.html,NCT03164564,ALREADY_POPULATED
HIV_LA_PREP_NMA_REVIEW.html,NCT02720094,ALREADY_POPULATED
HIV_PREP_INJECTABLE_NMA_REVIEW.html,NCT02842086,NO_EVIDENCE_ARRAY
HIV_PREP_INJECTABLE_NMA_REVIEW.html,NCT03164564,NO_EVIDENCE_ARRAY
HIV_PREP_INJECTABLE_NMA_REVIEW.html,NCT02720094,NO_EVIDENCE_ARRAY
HIV_TB_COINFECTION_ART_TIMING_NMA_REVIEW.html,NCT00226434,NO_EVIDENCE_ARRAY
HIV_TB_COINFECTION_ART_TIMING_NMA_REVIEW.html,NCT00108862,NO_EVIDENCE_ARRAY
HIV_TB_COINFECTION_ART_TIMING_NMA_REVIEW.html,NCT00091936,NO_EVIDENCE_ARRAY
HPV_DOSE_REDUCTION_NMA_REVIEW.html,NCT02834637,ALREADY_POPULATED
HPV_DOSE_REDUCTION_NMA_REVIEW.html,NCT03675256_NONAV,ALREADY_POPULATED
HPV_DOSE_REDUCTION_NMA_REVIEW.html,NCT03675256,ALREADY_POPULATED
HPV_VACCINE_SCHEDULES_NMA_REVIEW.html,NCT03675256,NO_EVIDENCE_ARRAY
HPV_VACCINE_SCHEDULES_NMA_REVIEW.html,NCT00092534,NO_EVIDENCE_ARRAY
HPV_VACCINE_SCHEDULES_NMA_REVIEW.html,NCT00122681,NO_EVIDENCE_ARRAY
HYDROCORTISONE_SEPTIC_SHOCK_NMA_REVIEW.html,NCT00670254,NO_EVIDENCE_ARRAY
HYDROCORTISONE_SEPTIC_SHOCK_NMA_REVIEW.html,NCT00625209,NO_EVIDENCE_ARRAY
HYDROCORTISONE_SEPTIC_SHOCK_NMA_REVIEW.html,NCT01448109,NO_EVIDENCE_ARRAY
IL23_PSA_NMA_REVIEW.html,NCT03158285,ALREADY_POPULATED
IL23_PSA_NMA_REVIEW.html,NCT03162796,ALREADY_POPULATED
IL23_PSA_NMA_REVIEW.html,NCT03671148,ALREADY_POPULATED
IL23_PSA_NMA_REVIEW.html,NCT03675308,ALREADY_POPULATED
IL23_PSORIASIS_REVIEW.html,NCT01722331,ALREADY_POPULATED
IL23_PSORIASIS_REVIEW.html,NCT02684370,ALREADY_POPULATED
IL23_PSORIASIS_REVIEW.html,NCT02207231,ALREADY_POPULATED
IL_PSORIASIS_NMA_REVIEW.html,NCT03410992,ALREADY_POPULATED
IL_PSORIASIS_NMA_REVIEW.html,NCT02074982,ALREADY_POPULATED
IL_PSORIASIS_NMA_REVIEW.html,NCT01708603,ALREADY_POPULATED
IL_PSORIASIS_NMA_REVIEW.html,NCT01729754,ALREADY_POPULATED
IL_PSORIASIS_NMA_REVIEW.html,NCT01722331,ALREADY_POPULATED
IL_PSORIASIS_NMA_REVIEW.html,NCT01708590,ALREADY_POPULATED
IL_PSORIASIS_NMA_REVIEW.html,NCT02684357,ALREADY_POPULATED
IL_PSORIASIS_NMA_REVIEW.html,NCT02207244,ALREADY_POPULATED
IL_PSORIASIS_NMA_REVIEW.html,NCT03412747,ALREADY_POPULATED
IL_PSORIASIS_NMA_REVIEW.html,NCT03370133,ALREADY_POPULATED
IL_PSORIASIS_NMA_REVIEW.html,NCT03536884,ALREADY_POPULATED
IL_PSORIASIS_NMA_REVIEW.html,NCT01358578,ALREADY_POPULATED
IL_PSORIASIS_NMA_REVIEW.html,NCT01365455,ALREADY_POPULATED
IL_PSORIASIS_NMA_REVIEW.html,NCT01646177,ALREADY_POPULATED
IL_PSORIASIS_NMA_REVIEW.html,NCT01597245,ALREADY_POPULATED
IL_PSORIASIS_NMA_REVIEW.html,NCT01474512,ALREADY_POPULATED
IL_PSORIASIS_NMA_REVIEW.html,NCT02684370,ALREADY_POPULATED
IL_PSORIASIS_NMA_REVIEW.html,NCT02207231,ALREADY_POPULATED
INAVOLISIB_BC_REVIEW.html,NCT04191499,ALREADY_POPULATED
INCLISIRAN_REVIEW.html,NCT03400800,ALREADY_POPULATED
INCLISIRAN_REVIEW.html,NCT03399370,ALREADY_POPULATED
INCLISIRAN_REVIEW.html,NCT03397121,ALREADY_POPULATED
INCRETIN_HFpEF_REVIEW.html,NCT04847557,ALREADY_POPULATED
INCRETIN_HFpEF_REVIEW.html,NCT04916470,ALREADY_POPULATED
INCRETIN_HFpEF_REVIEW.html,NCT04788511,ALREADY_POPULATED
INCRETINS_T2D_NMA_REVIEW.html,NCT04537923,ALREADY_POPULATED
INCRETINS_T2D_NMA_REVIEW.html,NCT04039503,ALREADY_POPULATED
INCRETINS_T2D_NMA_REVIEW.html,NCT03730662,ALREADY_POPULATED
INCRETINS_T2D_NMA_REVIEW.html,NCT03882970,ALREADY_POPULATED
INCRETINS_T2D_NMA_REVIEW.html,NCT01930188,ALREADY_POPULATED
INCRETINS_T2D_NMA_REVIEW.html,NCT02607865,ALREADY_POPULATED
INCRETINS_T2D_NMA_REVIEW.html,NCT02863419,ALREADY_POPULATED
INCRETINS_T2D_NMA_REVIEW.html,NCT01144338,ALREADY_POPULATED
INCRETINS_T2D_NMA_REVIEW.html,NCT01720446,ALREADY_POPULATED
INCRETINS_T2D_NMA_REVIEW.html,NCT00318461,ALREADY_POPULATED
INCRETINS_T2D_NMA_REVIEW.html,NCT01624259,ALREADY_POPULATED
INCRETINS_T2D_NMA_REVIEW.html,NCT00518882,ALREADY_POPULATED
INCRETINS_T2D_NMA_REVIEW.html,NCT02648204,ALREADY_POPULATED
INCRETINS_T2D_NMA_REVIEW.html,NCT01885208,ALREADY_POPULATED
INCRETINS_T2D_NMA_REVIEW.html,NCT02054897,ALREADY_POPULATED
INCRETINS_T2D_NMA_REVIEW.html,NCT03987919,ALREADY_POPULATED
INCRETINS_T2D_NMA_REVIEW.html,NCT03954834,ALREADY_POPULATED
INSULIN_ICODEC_REVIEW.html,NCT04795531,ALREADY_POPULATED
INSULIN_ICODEC_REVIEW.html,NCT04770532,ALREADY_POPULATED
INSULIN_ICODEC_REVIEW.html,NCT04460885,ALREADY_POPULATED
INTENSIVE_BP_REVIEW.html,NCT00059306,ALREADY_POPULATED
INTENSIVE_BP_REVIEW.html,NCT03015311,ALREADY_POPULATED
INTENSIVE_BP_REVIEW.html,NCT00000620,ALREADY_POPULATED
INTENSIVE_BP_REVIEW.html,NCT01206062_CKD,ALREADY_POPULATED
INTENSIVE_BP_REVIEW.html,NCT01206062_SENIOR,ALREADY_POPULATED
INTENSIVE_BP_REVIEW.html,NCT03015311,NO_EVIDENCE_ARRAY
INTENSIVE_BP_REVIEW.html,NCT00000620,NO_EVIDENCE_ARRAY
INTENSIVE_BP_REVIEW.html,NCT01206062,NO_EVIDENCE_ARRAY
INTENSIVE_BP_REVIEW.html,NCT03643796,NO_EVIDENCE_ARRAY
INTENSIVE_BP_REVIEW.html,NCT04030234,NO_EVIDENCE_ARRAY
IO_CHEMO_NSCLC_1L_REVIEW.html,NCT03164616,ALREADY_POPULATED
IO_CHEMO_NSCLC_1L_REVIEW.html,NCT02366143,ALREADY_POPULATED
IO_CHEMO_NSCLC_1L_REVIEW.html,NCT02775435,ALREADY_POPULATED
IO_CHEMO_NSCLC_1L_REVIEW.html,NCT02578680,ALREADY_POPULATED
IPTACOPAN_IGAN_REVIEW.html,NCT04578834,ALREADY_POPULATED
IV_IRON_HF_REVIEW.html,NCT03037931,ALREADY_POPULATED
IV_IRON_HF_REVIEW.html,NCT02642562,ALREADY_POPULATED
IV_IRON_HF_REVIEW.html,NCT02937454,ALREADY_POPULATED
IV_IRON_HF_REVIEW.html,NCT01453608,ALREADY_POPULATED
JAK_RA_REVIEW.html,NCT02889796,ALREADY_POPULATED
JAK_RA_REVIEW.html,NCT02675426,ALREADY_POPULATED
JAK_RA_REVIEW.html,NCT01710358,ALREADY_POPULATED
JAK_UC_REVIEW.html,NCT02914522,ALREADY_POPULATED
JAK_UC_REVIEW.html,NCT02819635,ALREADY_POPULATED
JAK_UC_REVIEW.html,NCT01465763,ALREADY_POPULATED
JAKI_AD_NMA_REVIEW.html,NCT03334422,ALREADY_POPULATED
JAKI_AD_NMA_REVIEW.html,NCT03334396,ALREADY_POPULATED
JAKI_AD_NMA_REVIEW.html,NCT03607422,ALREADY_POPULATED
JAKI_AD_NMA_REVIEW.html,NCT03569293,ALREADY_POPULATED
JAKI_AD_NMA_REVIEW.html,NCT03575871,ALREADY_POPULATED
JAKI_AD_NMA_REVIEW.html,NCT03349060,ALREADY_POPULATED
JAKI_AD_REVIEW.html,NCT03607422,ALREADY_POPULATED
JAKI_AD_REVIEW.html,NCT03569293,ALREADY_POPULATED
JAKI_AD_REVIEW.html,NCT03575871,ALREADY_POPULATED
JAKI_AD_REVIEW.html,NCT03349060,ALREADY_POPULATED
JAKI_RA_NMA_REVIEW.html,NCT02889796,ALREADY_POPULATED
JAKI_RA_NMA_REVIEW.html,NCT02629159,ALREADY_POPULATED
JAKI_RA_NMA_REVIEW.html,NCT01710358,ALREADY_POPULATED
JAKI_RA_NMA_REVIEW.html,NCT00853385,ALREADY_POPULATED
KARXT_SCZ_REVIEW.html,NCT04738123,ALREADY_POPULATED
KARXT_SCZ_REVIEW.html,NCT04659161,ALREADY_POPULATED
KRAS_G12C_NMA_REVIEW.html,NCT04685135,ALREADY_POPULATED
KRAS_G12C_NMA_REVIEW.html,NCT04303780,ALREADY_POPULATED
LEBRIKIZUMAB_AD_REVIEW.html,NCT04250337,ALREADY_POPULATED
LEBRIKIZUMAB_AD_REVIEW.html,NCT04178967,ALREADY_POPULATED
LEBRIKIZUMAB_AD_REVIEW.html,NCT04146363,ALREADY_POPULATED
LENACAPAVIR_PREP_REVIEW.html,NCT04925752,ALREADY_POPULATED
LENACAPAVIR_PREP_REVIEW.html,NCT04994509,ALREADY_POPULATED
LIPID_HUB_REVIEW.html,NCT02944682,NO_EVIDENCE_ARRAY
LIPID_HUB_REVIEW.html,NCT01841944,NO_EVIDENCE_ARRAY
LIPID_HUB_REVIEW.html,NCT01169259,NO_EVIDENCE_ARRAY
LIPID_HUB_REVIEW.html,NCT02104817,NO_EVIDENCE_ARRAY
LIPID_HUB_REVIEW.html,NCT01492361,NO_EVIDENCE_ARRAY
LU_PSMA_MCRPC_REVIEW.html,NCT04689828,ALREADY_POPULATED
LU_PSMA_MCRPC_REVIEW.html,NCT03511664,ALREADY_POPULATED
MALARIA_ACT_NMA_REVIEW.html,NCT04767191,ALREADY_POPULATED
MALARIA_ACT_NMA_REVIEW.html,NCT05192265,ALREADY_POPULATED
MALARIA_ACT_NMA_REVIEW.html,NCT04565184,ALREADY_POPULATED
MALARIA_ACT_NMA_REVIEW.html,NCT06076213,ALREADY_POPULATED
MALARIA_ACT_NMA_REVIEW.html,NCT01704508,ALREADY_POPULATED
MALARIA_VACCINE_NMA_REVIEW.html,NCT04704830,NO_EVIDENCE_ARRAY
MALARIA_VACCINE_NMA_REVIEW.html,NCT03896724,NO_EVIDENCE_ARRAY
MALARIA_VACCINE_NMA_REVIEW.html,NCT00866619,NO_EVIDENCE_ARRAY
MALARIA_VACCINES_NMA_REVIEW.html,NCT04704830,ALREADY_POPULATED
MALARIA_VACCINES_NMA_REVIEW.html,NCT03896724,ALREADY_POPULATED
MALARIA_VACCINES_NMA_REVIEW.html,NCT00866619,ALREADY_POPULATED
MAVACAMTEN_HCM_REVIEW.html,NCT05174416,ALREADY_POPULATED
MAVACAMTEN_HCM_REVIEW.html,NCT03723655,ALREADY_POPULATED
MAVACAMTEN_HCM_REVIEW.html,NCT04349072,ALREADY_POPULATED
MAVACAMTEN_HCM_REVIEW.html,NCT03470545,ALREADY_POPULATED
MDR_TB_SHORTENED_NMA_REVIEW.html,NCT03086486,NO_EVIDENCE_ARRAY
MDR_TB_SHORTENED_NMA_REVIEW.html,NCT02333799,NO_EVIDENCE_ARRAY
MDR_TB_SHORTENED_NMA_REVIEW.html,NCT02589782,NO_EVIDENCE_ARRAY
MDRTB_BPAL_REVIEW.html,NCT02589782,ALREADY_POPULATED
MDRTB_BPAL_REVIEW.html,NCT03086486,ALREADY_POPULATED
MDRTB_BPAL_REVIEW.html,NCT02333799,ALREADY_POPULATED
MEDITERRANEAN_DIET_CV_NMA_REVIEW.html,NCT00924937,NO_EVIDENCE_ARRAY
MHEALTH_ART_ADHERENCE_REVIEW.html,NCT00830622,ALREADY_POPULATED
MIGRAINE_ACUTE_NMA_REVIEW.html,NCT03872453,ALREADY_POPULATED
MIGRAINE_ACUTE_NMA_REVIEW.html,NCT02867709,ALREADY_POPULATED
MIGRAINE_ACUTE_NMA_REVIEW.html,NCT03235479,ALREADY_POPULATED
MIGRAINE_ACUTE_NMA_REVIEW.html,NCT03461757,ALREADY_POPULATED
MIRIKIZUMAB_UC_REVIEW.html,NCT03524092,ALREADY_POPULATED
MIRIKIZUMAB_UC_REVIEW.html,NCT03518086,ALREADY_POPULATED
MIRVETUXIMAB_OVARIAN_REVIEW.html,NCT04209855,ALREADY_POPULATED
MITAPIVAT_THALASSEMIA_REVIEW.html,NCT04770753,ALREADY_POPULATED
MITRAL_FUNCMR_REVIEW.html,NCT02444338,ALREADY_POPULATED
MITRAL_FUNCMR_REVIEW.html,NCT01920698,ALREADY_POPULATED
MITRAL_FUNCMR_REVIEW.html,NCT01626079,ALREADY_POPULATED
MM_1L_NMA_REVIEW.html,NCT03319667,ALREADY_POPULATED
MM_1L_NMA_REVIEW.html,NCT02541383,ALREADY_POPULATED
MM_1L_NMA_REVIEW.html,NCT02195479,ALREADY_POPULATED
MM_1L_NMA_REVIEW.html,NCT02252172,ALREADY_POPULATED
NEOADJUVANT_IO_NSCLC_REVIEW.html,NCT03800134,ALREADY_POPULATED
NEOADJUVANT_IO_NSCLC_REVIEW.html,NCT03425643,ALREADY_POPULATED
NEOADJUVANT_IO_NSCLC_REVIEW.html,NCT02998528,ALREADY_POPULATED
NIRSEVIMAB_INFANT_RSV_REVIEW.html,NCT05437510,ALREADY_POPULATED
NIRSEVIMAB_INFANT_RSV_REVIEW.html,NCT03979313,ALREADY_POPULATED
NIRSEVIMAB_INFANT_RSV_REVIEW.html,NCT02878330,ALREADY_POPULATED
OBESITY_DRUGS_NMA_REVIEW.html,NCT01272219,ALREADY_POPULATED
OBESITY_DRUGS_NMA_REVIEW.html,NCT03548935,ALREADY_POPULATED
OBESITY_DRUGS_NMA_REVIEW.html,NCT04184622,ALREADY_POPULATED
OSIMERTINIB_EGFR_NSCLC_REVIEW.html,NCT04035486,ALREADY_POPULATED
OSIMERTINIB_EGFR_NSCLC_REVIEW.html,NCT02511106,ALREADY_POPULATED
OSIMERTINIB_EGFR_NSCLC_REVIEW.html,NCT02296125,ALREADY_POPULATED
OSIMERTINIB_EGFR_NSCLC_REVIEW.html,NCT02151981,ALREADY_POPULATED
PAH_THERAPY_NMA_REVIEW.html,NCT00660179,ALREADY_POPULATED
PAH_THERAPY_NMA_REVIEW.html,NCT00810693,ALREADY_POPULATED
PAH_THERAPY_NMA_REVIEW.html,NCT01106014,ALREADY_POPULATED
PAH_THERAPY_NMA_REVIEW.html,NCT04576988,ALREADY_POPULATED
PARP_ARPI_MCRPC_REVIEW.html,NCT03395197,ALREADY_POPULATED
PARP_ARPI_MCRPC_REVIEW.html,NCT03748641,ALREADY_POPULATED
PARP_ARPI_MCRPC_REVIEW.html,NCT03732820,ALREADY_POPULATED
PARP_OVARIAN_REVIEW.html,NCT02655016,ALREADY_POPULATED
PARP_OVARIAN_REVIEW.html,NCT02477644,ALREADY_POPULATED
PARP_OVARIAN_REVIEW.html,NCT01844986,ALREADY_POPULATED
PATISIRAN_POLYNEUROPATHY_REVIEW.html,NCT03759379,ALREADY_POPULATED
PATISIRAN_POLYNEUROPATHY_REVIEW.html,NCT01960348,ALREADY_POPULATED
PBC_PPAR_REVIEW.html,NCT04620733,ALREADY_POPULATED
PBC_PPAR_REVIEW.html,NCT04526665,ALREADY_POPULATED
PCSK9_LIPID_NMA_REVIEW.html,NCT02993406,ALREADY_POPULATED
PCSK9_LIPID_NMA_REVIEW.html,NCT01663402,ALREADY_POPULATED
PCSK9_LIPID_NMA_REVIEW.html,NCT01764633,ALREADY_POPULATED
PCSK9_LIPID_NMA_REVIEW.html,NCT00202878,ALREADY_POPULATED
PCSK9_REVIEW.html,NCT01663402,ALREADY_POPULATED
PCSK9_REVIEW.html,NCT01764633,ALREADY_POPULATED
PEDIATRIC_HIV_ART_NMA_REVIEW.html,NCT02259127,NO_EVIDENCE_ARRAY
PEGCETACOPLAN_GA_REVIEW.html,NCT03525600_PEOM,ALREADY_POPULATED
PEGCETACOPLAN_GA_REVIEW.html,NCT03525613_PEOM,ALREADY_POPULATED
PEGCETACOPLAN_GA_REVIEW.html,NCT03525600,ALREADY_POPULATED
PEGCETACOPLAN_GA_REVIEW.html,NCT03525613,ALREADY_POPULATED
PEGCETACOPLAN_GA_REVIEW.html,NCT04770545,NO_EVIDENCE_ARRAY
PHYSICAL_REHAB_OLDER_NMA_REVIEW.html,NCT00871715,NO_EVIDENCE_ARRAY
PHYSICAL_REHAB_OLDER_NMA_REVIEW.html,NCT01072500,NO_EVIDENCE_ARRAY
PHYSICAL_REHAB_OLDER_NMA_REVIEW.html,NCT02196038,NO_EVIDENCE_ARRAY
PI3K_AKT_BC_REVIEW.html,NCT04191499,ALREADY_POPULATED
PI3K_AKT_BC_REVIEW.html,NCT04305496,ALREADY_POPULATED
PI3K_AKT_BC_REVIEW.html,NCT02437318,ALREADY_POPULATED
POLYCYTHEMIA_VERA_NMA_REVIEW.html,NCT01949805,NO_EVIDENCE_ARRAY
POLYCYTHEMIA_VERA_NMA_REVIEW.html,NCT02038036,NO_EVIDENCE_ARRAY
POLYCYTHEMIA_VERA_NMA_REVIEW.html,NCT01243944,NO_EVIDENCE_ARRAY
POSTPARTUM_HEMORRHAGE_NMA_REVIEW.html,NCT04341662,NO_EVIDENCE_ARRAY
PPH_BUNDLE_NMA_REVIEW.html,NCT04341662,ALREADY_POPULATED
PPH_BUNDLE_NMA_REVIEW.html,NCT03475342,ALREADY_POPULATED
PPH_BUNDLE_NMA_REVIEW.html,NCT00872469,ALREADY_POPULATED
PREGNANCY_HIV_VESTED_REVIEW.html,NCT03048422,ALREADY_POPULATED
PRIMAQUINE_GAMETOCYTE_DR_REVIEW.html,NCT02174900,ALREADY_POPULATED
PRIMAQUINE_GAMETOCYTE_DR_REVIEW.html,NCT01365598,ALREADY_POPULATED
PSA_BIOLOGICS_NMA_REVIEW.html,NCT03104400,ALREADY_POPULATED
PSA_BIOLOGICS_NMA_REVIEW.html,NCT03895203,ALREADY_POPULATED
PSA_BIOLOGICS_NMA_REVIEW.html,NCT03158285,ALREADY_POPULATED
PSA_BIOLOGICS_NMA_REVIEW.html,NCT01695239,ALREADY_POPULATED
RCC_1L_NMA_REVIEW.html,NCT02231749,ALREADY_POPULATED
RCC_1L_NMA_REVIEW.html,NCT02811861,ALREADY_POPULATED
RCC_1L_NMA_REVIEW.html,NCT02853331,ALREADY_POPULATED
RCC_1L_NMA_REVIEW.html,NCT03141177,ALREADY_POPULATED
RENAL_DENERV_REVIEW.html,NCT01418261,ALREADY_POPULATED
RENAL_DENERV_REVIEW.html,NCT02918305,ALREADY_POPULATED
RENAL_DENERV_REVIEW.html,NCT03614260,ALREADY_POPULATED
RENAL_DENERV_REVIEW.html,NCT02439749_OFF,ALREADY_POPULATED
RENAL_DENERV_REVIEW.html,NCT02649426,ALREADY_POPULATED
RENAL_DENERV_REVIEW.html,NCT02439749_ON,ALREADY_POPULATED
RESMETIROM_MASH_REVIEW.html,NCT03900429,ALREADY_POPULATED
RISANKIZUMAB_CD_REVIEW.html,NCT03105102,ALREADY_POPULATED
RISANKIZUMAB_CD_REVIEW.html,NCT03104413,ALREADY_POPULATED
RISANKIZUMAB_CD_REVIEW.html,NCT03105128,ALREADY_POPULATED
RIVAROXABAN_VASC_REVIEW.html,NCT00809965,ALREADY_POPULATED
RIVAROXABAN_VASC_REVIEW.html,NCT01877915,ALREADY_POPULATED
RIVAROXABAN_VASC_REVIEW.html,NCT02504216,ALREADY_POPULATED
RIVAROXABAN_VASC_REVIEW.html,NCT01776424,ALREADY_POPULATED
ROMOSOZUMAB_OP_REVIEW.html,NCT02186171,ALREADY_POPULATED
ROMOSOZUMAB_OP_REVIEW.html,NCT01631214,ALREADY_POPULATED
ROMOSOZUMAB_OP_REVIEW.html,NCT01575834,ALREADY_POPULATED
ROTAVIRUS_VACCINE_AFRICA_NMA_REVIEW.html,NCT02145000,NO_EVIDENCE_ARRAY
ROTAVIRUS_VACCINE_AFRICA_NMA_REVIEW.html,NCT00362648,NO_EVIDENCE_ARRAY
ROTAVIRUS_VACCINE_AFRICA_NMA_REVIEW.html,NCT00241644,NO_EVIDENCE_ARRAY
RSV_VACCINE_OLDER_REVIEW.html,NCT05127434,ALREADY_POPULATED
RSV_VACCINE_OLDER_REVIEW.html,NCT04886596,ALREADY_POPULATED
RSV_VACCINE_OLDER_REVIEW.html,NCT05035212,ALREADY_POPULATED
RUSFERTIDE_PV_REVIEW.html,NCT05210790,ALREADY_POPULATED
SAM_SIMPLIFIED_PROTOCOL_REVIEW.html,NCT04698070,ALREADY_POPULATED
SCD_DISEASE_MOD_NMA_REVIEW.html,NCT03745287,ALREADY_POPULATED
SCD_DISEASE_MOD_NMA_REVIEW.html,NCT01179217,ALREADY_POPULATED
SCD_DISEASE_MOD_NMA_REVIEW.html,NCT01966731,ALREADY_POPULATED
SCHISTOSOMIASIS_ARPRAZIQUANTEL_REVIEW.html,NCT03845140,ALREADY_POPULATED
SEMAGLUTIDE_OBESITY_REVIEW.html,NCT03552757,ALREADY_POPULATED
SEMAGLUTIDE_OBESITY_REVIEW.html,NCT03693430,ALREADY_POPULATED
SEMAGLUTIDE_OBESITY_REVIEW.html,NCT03611582,ALREADY_POPULATED
SEMAGLUTIDE_OBESITY_REVIEW.html,NCT03548935,ALREADY_POPULATED
SEVERE_ASTHMA_NMA_REVIEW.html,NCT03347279,ALREADY_POPULATED
SEVERE_ASTHMA_NMA_REVIEW.html,NCT02414854,ALREADY_POPULATED
SEVERE_ASTHMA_NMA_REVIEW.html,NCT01928771,ALREADY_POPULATED
SEVERE_ASTHMA_NMA_REVIEW.html,NCT01287039,ALREADY_POPULATED
SEVERE_ASTHMA_NMA_REVIEW.html,NCT01691521,ALREADY_POPULATED
SGLT2_CKD_REVIEW.html,NCT03594110,ALREADY_POPULATED
SGLT2_CKD_REVIEW.html,NCT03036150,ALREADY_POPULATED
SGLT2_CKD_REVIEW.html,NCT02065791,ALREADY_POPULATED
SGLT2_HF_REVIEW.html,NCT03521934,ALREADY_POPULATED
SGLT2_HF_REVIEW.html,NCT03619213,ALREADY_POPULATED
SGLT2_HF_REVIEW.html,NCT03057951,ALREADY_POPULATED
SGLT2_HF_REVIEW.html,NCT03057977,ALREADY_POPULATED
SGLT2_HF_REVIEW.html,NCT03036124,ALREADY_POPULATED
SGLT2_MACE_CVOT_REVIEW.html,NCT01986881,ALREADY_POPULATED
SGLT2_MACE_CVOT_REVIEW.html,NCT01730534,ALREADY_POPULATED
SGLT2_MACE_CVOT_REVIEW.html,NCT01032629,ALREADY_POPULATED
SGLT2_MACE_CVOT_REVIEW.html,NCT01131676,ALREADY_POPULATED
SGLT2I_HF_NMA_REVIEW.html,NCT03315143,ALREADY_POPULATED
SGLT2I_HF_NMA_REVIEW.html,NCT03521934,ALREADY_POPULATED
SGLT2I_HF_NMA_REVIEW.html,NCT03619213,ALREADY_POPULATED
SGLT2I_HF_NMA_REVIEW.html,NCT03057951,ALREADY_POPULATED
SGLT2I_HF_NMA_REVIEW.html,NCT03057977,ALREADY_POPULATED
SGLT2I_HF_NMA_REVIEW.html,NCT03036124,ALREADY_POPULATED
SOTAGLIFLOZIN_HF_REVIEW.html,NCT03315143,ALREADY_POPULATED
SOTAGLIFLOZIN_HF_REVIEW.html,NCT03521934,ALREADY_POPULATED
SOTATERCEPT_PAH_REVIEW.html,NCT04576988,ALREADY_POPULATED
SPARSENTAN_IGAN_REVIEW.html,NCT03762850,ALREADY_POPULATED
SPONDYLOARTHRITIS_NMA_REVIEW.html,NCT04169373,ALREADY_POPULATED
SPONDYLOARTHRITIS_NMA_REVIEW.html,NCT03928743,ALREADY_POPULATED
SPONDYLOARTHRITIS_NMA_REVIEW.html,NCT03928704,ALREADY_POPULATED
SPONDYLOARTHRITIS_NMA_REVIEW.html,NCT02696785,ALREADY_POPULATED
TARLATAMAB_SCLC_REVIEW.html,NCT05060016,ALREADY_POPULATED
TAVR_LOWRISK_REVIEW.html,NCT01057173,ALREADY_POPULATED
TAVR_LOWRISK_REVIEW.html,NCT02701283,ALREADY_POPULATED
TAVR_LOWRISK_REVIEW.html,NCT02675114,ALREADY_POPULATED
TB_DRUG_SUSCEPTIBLE_4MO_REVIEW.html,NCT02410772,ALREADY_POPULATED
TB_PREVENTION_NMA_REVIEW.html,NCT01582711,NO_EVIDENCE_ARRAY
TB_PREVENTION_NMA_REVIEW.html,NCT00023452,NO_EVIDENCE_ARRAY
TB_PREVENTION_NMA_REVIEW.html,NCT01404312,NO_EVIDENCE_ARRAY
TB_PREVENTION_REVIEW.html,NCT01404312,ALREADY_POPULATED
TDXD_HER2LOW_BC_REVIEW.html,NCT04494425,ALREADY_POPULATED
TDXD_HER2LOW_BC_REVIEW.html,NCT03734029,ALREADY_POPULATED
TEPLIZUMAB_T1D_REVIEW.html,NCT01030861,ALREADY_POPULATED
TIRZEPATIDE_OBESITY_REVIEW.html,NCT04657016,ALREADY_POPULATED
TIRZEPATIDE_OBESITY_REVIEW.html,NCT04657003,ALREADY_POPULATED
TIRZEPATIDE_OBESITY_REVIEW.html,NCT04184622,ALREADY_POPULATED
TIRZEPATIDE_T2D_REVIEW.html,NCT03730662,ALREADY_POPULATED
TIRZEPATIDE_T2D_REVIEW.html,NCT03987919,ALREADY_POPULATED
TIRZEPATIDE_T2D_REVIEW.html,NCT04039503,ALREADY_POPULATED
TIRZEPATIDE_T2D_REVIEW.html,NCT03882970,ALREADY_POPULATED
TIRZEPATIDE_T2D_REVIEW.html,NCT03954834,ALREADY_POPULATED
TNK_VS_TPA_STROKE_REVIEW.html,NCT02814409,ALREADY_POPULATED
TNK_VS_TPA_STROKE_REVIEW.html,NCT03854500,ALREADY_POPULATED
TNK_VS_TPA_STROKE_REVIEW.html,NCT02388061,ALREADY_POPULATED
TNK_VS_TPA_STROKE_REVIEW.html,NCT04797013,ALREADY_POPULATED
TNK_VS_TPA_STROKE_REVIEW.html,NCT03889249,ALREADY_POPULATED
TNK_VS_TPA_STROKE_REVIEW.html,NCT01949948,ALREADY_POPULATED
TOFACITINIB_UC_REVIEW.html,NCT01458574,ALREADY_POPULATED
TOFACITINIB_UC_REVIEW.html,NCT01458951,ALREADY_POPULATED
TOFACITINIB_UC_REVIEW.html,NCT01465763,ALREADY_POPULATED
TYVAC_TYPHOID_REVIEW.html,NCT03299426,ALREADY_POPULATED
UC_BIOLOGICS_NMA_REVIEW.html,NCT03518086,ALREADY_POPULATED
UC_BIOLOGICS_NMA_REVIEW.html,NCT02435992,ALREADY_POPULATED
UC_BIOLOGICS_NMA_REVIEW.html,NCT02819635,ALREADY_POPULATED
UC_BIOLOGICS_NMA_REVIEW.html,NCT01465763,ALREADY_POPULATED
UC_BIOLOGICS_NMA_REVIEW.html,NCT02407236,ALREADY_POPULATED
UC_BIOLOGICS_NMA_REVIEW.html,NCT00783718,ALREADY_POPULATED
UC_BIOLOGICS_NMA_REVIEW.html,NCT00488774,ALREADY_POPULATED
UC_BIOLOGICS_NMA_REVIEW.html,NCT00408629,ALREADY_POPULATED
UC_BIOLOGICS_NMA_REVIEW.html,NCT00036439,ALREADY_POPULATED
UPADACITINIB_CD_REVIEW.html,NCT03345823,ALREADY_POPULATED
UPADACITINIB_CD_REVIEW.html,NCT03345836,ALREADY_POPULATED
UPADACITINIB_CD_REVIEW.html,NCT03345849,ALREADY_POPULATED
VENETOCLAX_AML_REVIEW.html,NCT03069352,ALREADY_POPULATED
VENETOCLAX_AML_REVIEW.html,NCT02993523,ALREADY_POPULATED
VENETOCLAX_CLL_REVIEW.html,NCT02950051,ALREADY_POPULATED
VENETOCLAX_CLL_REVIEW.html,NCT02005471,ALREADY_POPULATED
VENETOCLAX_CLL_REVIEW.html,NCT02242942,ALREADY_POPULATED
VITAMIN_D_FRACTURE_FALL_NMA_REVIEW.html,NCT01169259,NO_EVIDENCE_ARRAY
VITILIGO_NMA_REVIEW.html,NCT04927975,NO_EVIDENCE_ARRAY
VITILIGO_NMA_REVIEW.html,NCT04057573,NO_EVIDENCE_ARRAY
VITILIGO_NMA_REVIEW.html,NCT04052425,NO_EVIDENCE_ARRAY
VOCLOSPORIN_LN_REVIEW.html,NCT03021499,ALREADY_POPULATED
VORASIDENIB_GLIOMA_REVIEW.html,NCT04164901,ALREADY_POPULATED
VUTRISIRAN_ATTR_REVIEW.html,NCT04153149,ALREADY_POPULATED
ZOLBETUXIMAB_GASTRIC_REVIEW.html,NCT03653507,ALREADY_POPULATED
ZOLBETUXIMAB_GASTRIC_REVIEW.html,NCT03504397,ALREADY_POPULATED
ZURANOLONE_PPD_REVIEW.html,NCT02978326,ALREADY_POPULATED
ZURANOLONE_PPD_REVIEW.html,NCT04442503,ALREADY_POPULATED
