file,name,n,age,pct_female,followup
ACALABRUTINIB_CLL_REVIEW.html,ELEVATE-TN,356,,,
ACALABRUTINIB_CLL_REVIEW.html,ASCEND,310,,,
ACORAMIDIS_ATTR_CM_REVIEW.html,ATTRibute-CM,632,,,
ACS_ANTIPLATELET_REVIEW.html,PLATO,18624,,,
ACS_ANTIPLATELET_REVIEW.html,TRITON-TIMI 38,13608,,,
ACS_ANTIPLATELET_REVIEW.html,ISAR-REACT 5,4018,,,
ACS_ANTIPLATELET_REVIEW.html,TWILIGHT,7119,,,12.0
ADC_HER2_ADJUVANT_REVIEW.html,KATHERINE,1486,,,
ADC_HER2_LOW_REVIEW.html,DESTINY-Breast04,557,,,
ADC_HER2_LOW_REVIEW.html,DESTINY-Breast06,866,,,
ADC_HER2_NMA_REVIEW.html,DESTINY-Breast03,524,,,
ADC_HER2_NMA_REVIEW.html,EMILIA,991,,,
ADC_HER2_NMA_REVIEW.html,TH3RESA,602,,,
ADC_HER2_NMA_REVIEW.html,DESTINY-Breast02,608,,,
ADJUVANT_IO_MELANOMA_REVIEW.html,KEYNOTE-054,1019,,,
ADJUVANT_IO_MELANOMA_REVIEW.html,CheckMate-238,906,,,
ADJUVANT_IO_MELANOMA_REVIEW.html,COMBI-AD,870,,,
AFICAMTEN_HCM_REVIEW.html,SEQUOIA-HCM,282,,,5.5
AFLIBERCEPT_HD_REVIEW.html,PULSAR,671,,,11.0
AFLIBERCEPT_HD_REVIEW.html,PHOTON,495,,,11.0
AGYW_HIV_PREP_REVIEW.html,"HPTN 082 (oral PrEP, AGYW)",451,,,6.0
AGYW_HIV_PREP_REVIEW.html,"FACTS-001 (vaginal tenofovir gel, AGYW)",2024,,,
ALDO_SYNTHASE_REVIEW.html,BrigHTN,248,,,
ALDO_SYNTHASE_REVIEW.html,Target-HTN,200,,,5.5
ALK_NSCLC_REVIEW.html,ALEX,303,,,
ALK_NSCLC_REVIEW.html,ALTA-1L,275,,,
ALK_NSCLC_REVIEW.html,CROWN,296,,,
ALK_NSCLC_REVIEW.html,eXalt3,290,,,
ALOPECIA_JAKI_REVIEW.html,BRAVE-AA1,470,,,8.3
ALOPECIA_JAKI_REVIEW.html,BRAVE-AA2,390,,,8.3
ALOPECIA_JAKI_REVIEW.html,ALLEGRO-2b/3,261,,,5.5
ALOPECIA_JAKI_REVIEW.html,THRIVE-AA1,352,,,5.5
ALOPECIA_JAKI_REVIEW.html,THRIVE-AA2,261,,,5.5
ANIFROLUMAB_SLE_REVIEW.html,TULIP-1,364,,,12.0
ANIFROLUMAB_SLE_REVIEW.html,TULIP-2,362,,,12.0
ANTI_CD20_MS_REVIEW.html,OPERA I,821,,,
ANTI_CD20_MS_REVIEW.html,OPERA II,835,,,
ANTI_CD20_MS_REVIEW.html,ASCLEPIOS I,927,,,30.0
ANTI_CD20_MS_REVIEW.html,ASCLEPIOS II,955,,,30.0
ANTI_CD20_MS_REVIEW.html,ULTIMATE I,549,,,
ANTI_CD20_MS_REVIEW.html,ULTIMATE II,544,,,
ANTIAMYLOID_AD_NMA_REVIEW.html,Clarity AD,1734,,,
ANTIAMYLOID_AD_NMA_REVIEW.html,TRAILBLAZER-ALZ 2,1736,,,
ANTIAMYLOID_AD_NMA_REVIEW.html,EMERGE,1092,,,
ANTIAMYLOID_AD_NMA_REVIEW.html,ENGAGE,1103,,,
ANTIAMYLOID_AD_NMA_REVIEW.html,GRADUATE I,985,,,26.7
ANTIAMYLOID_AD_NMA_REVIEW.html,GRADUATE II,980,,,26.7
ANTIAMYLOID_AD_NMA_REVIEW.html,EXPEDITION 3,2129,,,
ANTIAMYLOID_AD_REVIEW.html,Clarity-AD,1795,,,
ANTIAMYLOID_AD_REVIEW.html,TRAILBLAZER-ALZ2,1736,,,
ANTIAMYLOID_AD_REVIEW.html,EMERGE,1092,,,18.0
ANTIAMYLOID_AD_REVIEW.html,ENGAGE,1103,,,
ANTIVEGF_NAMD_NMA_REVIEW.html,VIEW-1,608,,,
ANTIVEGF_NAMD_NMA_REVIEW.html,VIEW-2,597,,,
ANTIVEGF_NAMD_NMA_REVIEW.html,TENAYA,671,,,
ANTIVEGF_NAMD_NMA_REVIEW.html,LUCERNE,658,,,
ANTIVEGF_NAMD_NMA_REVIEW.html,PULSAR,671,,,
ANTIVEGF_NAMD_NMA_REVIEW.html,HAWK,720,,,
ANTIVEGF_NAMD_NMA_REVIEW.html,HARRIER,739,,,
ANTIVEGF_NAMD_NMA_REVIEW.html,CATT,570,,,
ANTIVEGF_NAMD_NMA_REVIEW.html,MARINA,478,,,
ANTIVEGF_NAMD_NMA_REVIEW.html,ANCHOR,283,,,
ARPI_mHSPC_REVIEW.html,ARCHES,1150,,,
ARPI_mHSPC_REVIEW.html,ENZAMET,1125,,,
ARPI_mHSPC_REVIEW.html,TITAN,1052,,,
ARPI_mHSPC_REVIEW.html,ARASENS,1305,,,
ARPI_mHSPC_REVIEW.html,LATITUDE,1199,,,
ARPI_NMCRPC_REVIEW.html,SPARTAN,1207,,,
ARPI_NMCRPC_REVIEW.html,PROSPER,1401,,,
ARPI_NMCRPC_REVIEW.html,ARAMIS,1509,,,
ATOPIC_DERM_NMA_REVIEW.html,SOLO-1-Dupi,448,,,3.7
ATOPIC_DERM_NMA_REVIEW.html,ECZTRA-1,500,,,3.7
ATOPIC_DERM_NMA_REVIEW.html,ADvocate1,424,,,3.7
ATOPIC_DERM_NMA_REVIEW.html,ARCADIA-1,614,,,3.7
ATOPIC_DERM_NMA_REVIEW.html,JADE-MONO-1,231,,,2.8
ATOPIC_DERM_NMA_REVIEW.html,MeasureUp-1,422,,,3.7
ATOPIC_DERM_NMA_REVIEW.html,BREEZE-AD1,498,,,3.7
ATTR_PN_REVIEW.html,APOLLO,225,,,
ATTR_PN_REVIEW.html,HELIOS-A,199,,,
ATTR_PN_REVIEW.html,NEURO-TTRansform,204,,,15.0
AVACINCAPTAD_GA_REVIEW.html,GATHER-1,177,,,
AVACINCAPTAD_GA_REVIEW.html,GATHER-2,448,,,
AZITHROMYCIN_CHILD_MORTALITY_REVIEW.html,MORDOR-I,190000,,,24.0
AZITHROMYCIN_CHILD_MORTALITY_REVIEW.html,MORDOR-II,100000,,,
AZITHROMYCIN_CHILD_MORTALITY_REVIEW.html,AVENIR,90000,,,24.0
BELIMUMAB_SLE_REVIEW.html,BLISS-52,418,,,12.0
BELIMUMAB_SLE_REVIEW.html,BLISS-76,392,,,12.0
BELIMUMAB_SLE_REVIEW.html,BLISS-SC,836,,,12.0
BELIMUMAB_SLE_REVIEW.html,BLISS-LN,446,,,23.9
BIMEKIZUMAB_PSORIASIS_REVIEW.html,BE-VIVID,404,,,
BIMEKIZUMAB_PSORIASIS_REVIEW.html,BE-READY,435,,,
BIMEKIZUMAB_PSORIASIS_REVIEW.html,BE-SURE,478,,,
BIOLOGIC_ASTHMA_REVIEW.html,MENSA,576,,,
BIOLOGIC_ASTHMA_REVIEW.html,CALIMA,487,,,
BIOLOGIC_ASTHMA_REVIEW.html,QUEST,952,,,
BIOLOGIC_ASTHMA_REVIEW.html,NAVIGATOR,1059,,,
BPAL_MDRTB_REVIEW.html,TB-PRACTECAL,251,,,
BPAL_MDRTB_REVIEW.html,STREAM-2,409,,,
BPAL_MDRTB_REVIEW.html,endTB-MDR,306,,,
BTKI_CLL_NMA_REVIEW.html,ELEVATE-TN,356,,,
BTKI_CLL_NMA_REVIEW.html,ELEVATE-RR,533,,,
BTKI_CLL_NMA_REVIEW.html,ALPINE,652,,,
BTKI_CLL_NMA_REVIEW.html,RESONATE-2,269,,,
BTKI_CLL_NMA_REVIEW.html,SEQUOIA,479,,,
BTKI_CLL_NMA_REVIEW.html,RESONATE,391,,,
BTKI_CLL_NMA_REVIEW.html,ASCEND,310,,,
CAB_PREP_HIV_REVIEW.html,HPTN 083,4566,,,
CAB_PREP_HIV_REVIEW.html,HPTN 084,3224,,,
CABOTEGRAVIR_HIV_ART_REVIEW.html,ATLAS,616,,,11.0
CABOTEGRAVIR_HIV_ART_REVIEW.html,FLAIR,566,,,11.0
CABOTEGRAVIR_HIV_ART_REVIEW.html,ATLAS-2M,1045,,,11.0
CANGRELOR_PCI_REVIEW.html,CHAMPION-PCI,8925,,,
CANGRELOR_PCI_REVIEW.html,CHAMPION-PLATFORM,5295,,,
CANGRELOR_PCI_REVIEW.html,CHAMPION-PHOENIX,10942,,,
CAPIVASERTIB_BC_REVIEW.html,CAPItello-291,708,,,
CARDIORENAL_DKD_NMA_REVIEW.html,FIDELIO-DKD,5674,,,
CARDIORENAL_DKD_NMA_REVIEW.html,FIGARO-DKD,7352,,,
CARDIORENAL_DKD_NMA_REVIEW.html,CREDENCE,4401,,,
CARDIORENAL_DKD_NMA_REVIEW.html,DAPA-CKD,4304,,,
CARDIORENAL_DKD_NMA_REVIEW.html,EMPA-KIDNEY,6609,,,
CARDIORENAL_DKD_NMA_REVIEW.html,FLOW,3533,,,
CART_DLBCL_REVIEW.html,ZUMA-7,359,,,
CART_DLBCL_REVIEW.html,TRANSFORM,184,,,
CART_DLBCL_REVIEW.html,BELINDA,322,,,
CART_MM_REVIEW.html,CARTITUDE-4,419,,,
CART_MM_REVIEW.html,KarMMa-3,386,,,
CBD_SEIZURE_REVIEW.html,GWPCARE1,120,,,3.2
CBD_SEIZURE_REVIEW.html,GWPCARE2,132,,,3.2
CBD_SEIZURE_REVIEW.html,GWPCARE3,149,,,3.2
CBD_SEIZURE_REVIEW.html,GWPCARE4,171,,,3.2
CD_BIOLOGICS_NMA_REVIEW.html,PRECiSE-1,662,,,0.0
CD_BIOLOGICS_NMA_REVIEW.html,GEMINI-2,368,,,0.0
CD_BIOLOGICS_NMA_REVIEW.html,UNITI-1,496,,,1.8
CD_BIOLOGICS_NMA_REVIEW.html,ADVANCE,547,,,0.0
CD_BIOLOGICS_NMA_REVIEW.html,U-EXCEL,483,,,2.8
CDK46_MBC_REVIEW.html,PALOMA-2,666,,,
CDK46_MBC_REVIEW.html,MONALEESA-2,668,,,
CDK46_MBC_REVIEW.html,MONARCH-3,493,,,
CFTR_CF_REVIEW.html,STRIVE-CF,161,,,
CFTR_CF_REVIEW.html,VX17-445-102,403,,,
CFTR_CF_REVIEW.html,VX17-445-103,403,,,
CFTR_MODULATORS_NMA_REVIEW.html,TRAFFIC,553,,,
CFTR_MODULATORS_NMA_REVIEW.html,EVOLVE,499,,,
CFTR_MODULATORS_NMA_REVIEW.html,VX18-445-102,403,,,
CGRP_MIGRAINE_NMA_REVIEW.html,STRIVE,635,,,
CGRP_MIGRAINE_NMA_REVIEW.html,HALO-EM,584,,,
CGRP_MIGRAINE_NMA_REVIEW.html,EVOLVE-1,638,,,
CGRP_MIGRAINE_NMA_REVIEW.html,PROMISE-1,444,,,0.2
CGRP_MIGRAINE_REVIEW.html,STRIVE,953,,,
CGRP_MIGRAINE_REVIEW.html,EVOLVE-1,858,,,
CGRP_MIGRAINE_REVIEW.html,HALO-EM,875,,,
CHOLERA_OCV_REVIEW.html,Single-Dose Shanchol Bangladesh,204438,,,6.0
COLCHICINE_CVD_REVIEW.html,COLCOT,4745,,,
COLCHICINE_CVD_REVIEW.html,CLEAR SYNERGY,7062,,,
COLCHICINE_CVD_REVIEW.html,CONVINCE,3144,,,
COPD_TRIPLE_REVIEW.html,IMPACT,8285,,,
COPD_TRIPLE_REVIEW.html,ETHOS,4257,,,
COPD_TRIPLE_REVIEW.html,KRONOS,1264,,,
COVID_ORAL_ANTIVIRALS_REVIEW.html,EPIC-HR,1379,,,
COVID_ORAL_ANTIVIRALS_REVIEW.html,MOVe-OUT,1408,,,
CRYPTOCOCCAL_MENINGITIS_AFRICA_REVIEW.html,COAT (ART timing in CM),177,,,
DELANDISTROGENE_DMD_REVIEW.html,EMBARK,125,,,
DIABETIC_MACULAR_EDEMA_REVIEW.html,Protocol T DRCR (Wells 2015),442,,,
DIABETIC_MACULAR_EDEMA_REVIEW.html,YOSEMITE (Wykoff 2022),627,,,
DIABETIC_MACULAR_EDEMA_REVIEW.html,RHINE (Wykoff 2022),632,,,
DIABETIC_RETINOPATHY_REVIEW.html,Protocol S DRCR (Gross 2015),394,,,
DIABETIC_RETINOPATHY_REVIEW.html,PANORAMA (Brown 2021),402,,,12.0
DIABETIC_RETINOPATHY_REVIEW.html,Protocol W DRCR (Maturi 2021),399,,,48.0
DOAC_AF_NMA_REVIEW.html,RE-LY,12098,,,
DOAC_AF_NMA_REVIEW.html,ROCKET-AF,14171,,,
DOAC_AF_NMA_REVIEW.html,ARISTOTLE,18201,,,
DOAC_AF_NMA_REVIEW.html,ENGAGE-AF-TIMI-48,14071,,,
DOAC_AF_REVIEW.html,RE-LY,12098,,,
DOAC_AF_REVIEW.html,ROCKET-AF,14171,,,
DOAC_AF_REVIEW.html,ARISTOTLE,18201,,,
DOAC_AF_REVIEW.html,ENGAGE AF-TIMI 48,14071,,,
DOAC_VTE_NMA_REVIEW.html,RE-COVER,2539,,,
DOAC_VTE_NMA_REVIEW.html,EINSTEIN-DVT,3449,,,
DOAC_VTE_NMA_REVIEW.html,AMPLIFY,5395,,,
DOAC_VTE_NMA_REVIEW.html,HOKUSAI-VTE,8240,,,
DOLUTEGRAVIR_ART_SSA_REVIEW.html,ADVANCE,702,,,11.0
DOLUTEGRAVIR_ART_SSA_REVIEW.html,NAMSAL,613,,,11.0
DOLUTEGRAVIR_ART_SSA_REVIEW.html,IMPAACT 2010,428,,,
DONANEMAB_AD_SOLO_REVIEW.html,TRAILBLAZER-ALZ 2,1736,,,
DORAVIRINE_HIV_REVIEW.html,DRIVE-AHEAD,728,,,11.0
DORAVIRINE_HIV_REVIEW.html,DRIVE-FORWARD,766,,,11.0
DORAVIRINE_HIV_REVIEW.html,DRIVE-SHIFT,670,,,11.0
DUPILUMAB_AD_REVIEW.html,SOLO-1,448,,,
DUPILUMAB_AD_REVIEW.html,SOLO-2,469,,,
DUPILUMAB_AD_REVIEW.html,CHRONOS,634,,,
DUPILUMAB_COPD_REVIEW.html,BOREAS,939,,,
DUPILUMAB_COPD_REVIEW.html,NOTUS,935,,,
EBOLA_VACCINE_REVIEW.html,STRIVE Sierra Leone (rVSV\u0394G-ZEBOV),8651,,,6.0
EFGARTIGIMOD_MG_REVIEW.html,ADAPT,167,,,
ELACESTRANT_BC_REVIEW.html,EMERALD,478,,,
ENSIFENTRINE_COPD_REVIEW.html,ENHANCE-1,760,,,
ENSIFENTRINE_COPD_REVIEW.html,ENHANCE-2,789,,,
ESKETAMINE_TRD_REVIEW.html,TRANSFORM-2,223,,,
ESKETAMINE_TRD_REVIEW.html,TRANSFORM-3,137,,,
ETRASIMOD_UC_REVIEW.html,ELEVATE UC 52,433,,,2.8
ETRASIMOD_UC_REVIEW.html,ELEVATE UC 12,354,,,2.8
EVT_BASILAR_REVIEW.html,ATTENTION,340,,,
EVT_BASILAR_REVIEW.html,BAOCHE,217,,,
EVT_BASILAR_REVIEW.html,BASICS,300,,,
EVT_EXTENDED_WINDOW_REVIEW.html,DAWN,206,,,
EVT_EXTENDED_WINDOW_REVIEW.html,DEFUSE 3,207,,,
EVT_EXTENDED_WINDOW_REVIEW.html,MR CLEAN-LATE,502,,,
EVT_LARGECORE_REVIEW.html,RESCUE-Japan LIMIT,202,,,
EVT_LARGECORE_REVIEW.html,ANGEL-ASPECT,455,,,
EVT_LARGECORE_REVIEW.html,SELECT2,350,,,
EVT_LARGECORE_REVIEW.html,TENSION,253,,,
EVT_LARGECORE_REVIEW.html,LASTE,333,,,
EVT_LARGECORE_REVIEW.html,TESLA,300,,,
FARICIMAB_NAMD_REVIEW.html,TENAYA,671,,,11.0
FARICIMAB_NAMD_REVIEW.html,LUCERNE,658,,,11.0
FENFLURAMINE_SEIZURE_REVIEW.html,Study 1 (Dravet),80,,,3.2
FENFLURAMINE_SEIZURE_REVIEW.html,Study 2 (Dravet+stiripentol),87,,,3.2
FENFLURAMINE_SEIZURE_REVIEW.html,LGS Study 1,174,,,3.2
FEZOLINETANT_VMS_REVIEW.html,SKYLIGHT-1,349,,,2.8
FEZOLINETANT_VMS_REVIEW.html,SKYLIGHT-2,334,,,2.8
FINERENONE_REVIEW.html,FIDELIO-DKD,5674,,,
FINERENONE_REVIEW.html,FIGARO-DKD,7352,,,
FINERENONE_REVIEW.html,FINEARTS-HF,6001,,,
FINERENONE_REVIEW.html,ARTS-DN,821,,,
FRAGILITY_FRACTURE_REVIEW.html,ARCH,4093,,,
FRAGILITY_FRACTURE_REVIEW.html,FRAME,7180,,,
FRAGILITY_FRACTURE_REVIEW.html,ACTIVE,1645,,,
FRAGILITY_FRACTURE_REVIEW.html,FREEDOM,7808,,,
GLP1_CVOT_NMA_REVIEW.html,LEADER,9340,,,
GLP1_CVOT_NMA_REVIEW.html,SUSTAIN-6,3297,,,
GLP1_CVOT_NMA_REVIEW.html,REWIND,9901,,,
GLP1_CVOT_NMA_REVIEW.html,PIONEER-6,3183,,,
GLP1_CVOT_NMA_REVIEW.html,ELIXA,6068,,,
GLP1_CVOT_NMA_REVIEW.html,HARMONY-Outcomes,9463,,,
GLP1_CVOT_NMA_REVIEW.html,EXSCEL,14752,,,
GLP1_CVOT_NMA_REVIEW.html,AMPLITUDE-O,4076,,,
GLP1_CVOT_REVIEW.html,ELIXA,6068,,,
GLP1_CVOT_REVIEW.html,LEADER,9340,,,
GLP1_CVOT_REVIEW.html,SUSTAIN-6,3297,,,
GLP1_CVOT_REVIEW.html,EXSCEL,14752,,,
GLP1_CVOT_REVIEW.html,HARMONY Outcomes,9463,,,
GLP1_CVOT_REVIEW.html,REWIND,9901,,,
GLP1_CVOT_REVIEW.html,PIONEER 6,3183,,,
GLP1_CVOT_REVIEW.html,SELECT,17604,,,
GLP1_CVOT_REVIEW.html,AMPLITUDE-O,4076,,,
GLP1_CVOT_REVIEW.html,SOUL,9650,,,
GLP1_MASH_REVIEW.html,ESSENCE,1067,,,
GLP1_MASH_REVIEW.html,SYNERGY-NASH,129,,,
GLP1_MASH_REVIEW.html,Newsome NAFLD,160,,,
HCC_1L_REVIEW.html,IMbrave150,501,,,
HCC_1L_REVIEW.html,HIMALAYA,782,,,
HCC_1L_REVIEW.html,CheckMate 9DW,668,,,
HCC_1L_REVIEW.html,LEAP-002,794,,,
HEMOPHILIA_GENE_THERAPY_REVIEW.html,GENEr8-1 (Ozelo 2022),246,,,11.3
HEMOPHILIA_GENE_THERAPY_REVIEW.html,HOPE-B (Pipe 2023),106,,,
HEMOPHILIA_GENE_THERAPY_REVIEW.html,"AFFINE (giroctocogene fitelparvovec, 2024)",157,,,12.0
HEPATITIS_B_TAF_TDF_REVIEW.html,"GS-US-320-0108 (TAF vs TDF, HBeAg-negative)",425,,,11.0
HEPATITIS_B_TAF_TDF_REVIEW.html,"GS-US-320-0110 (TAF vs TDF, HBeAg-positive)",873,,,24.0
HEPATITIS_HCV_DAA_REVIEW.html,ASTRAL-1,740,,,
HEPATITIS_HCV_DAA_REVIEW.html,ASTRAL-3,552,,,
HEPATITIS_HCV_DAA_REVIEW.html,EXPEDITION-1,146,,,
HER2_LOW_ADC_REVIEW.html,DESTINY-Breast04,557,,,
HER2_LOW_ADC_REVIEW.html,DESTINY-Breast06,866,,,
HER2_LOW_ADC_REVIEW.html,TROPiCS-02,543,,,
HER2_LOW_ADC_REVIEW.html,TROPION-Breast01,732,,,
HF_QUADRUPLE_NMA_REVIEW.html,DAPA-HF,4744,,,
HF_QUADRUPLE_NMA_REVIEW.html,EMPEROR-Reduced,3730,,,
HF_QUADRUPLE_NMA_REVIEW.html,DELIVER,6263,,,
HF_QUADRUPLE_NMA_REVIEW.html,EMPEROR-Preserved,5988,,,
HF_QUADRUPLE_NMA_REVIEW.html,PARADIGM-HF,8399,,,
HF_QUADRUPLE_NMA_REVIEW.html,FINEARTS-HF,6004,,,
HIDRADENITIS_SUPPURATIVA_REVIEW.html,PIONEER I (Kimball 2016),307,,,2.8
HIDRADENITIS_SUPPURATIVA_REVIEW.html,PIONEER II (Kimball 2016),326,,,2.8
HIDRADENITIS_SUPPURATIVA_REVIEW.html,BE HEARD I (Kimball 2024),431,,,3.7
HIFPH_CKD_ANEMIA_REVIEW.html,ASCEND-D,2964,,,
HIFPH_CKD_ANEMIA_REVIEW.html,ASCEND-ND,3872,,,
HIFPH_CKD_ANEMIA_REVIEW.html,PRO2TECT,3476,,,
HIFPH_CKD_ANEMIA_REVIEW.html,INNO2VATE,3923,,,
HIFPH_CKD_ANEMIA_REVIEW.html,HIMALAYAS,1043,,,
HIGH_EFFICACY_MS_REVIEW.html,OPERA-I,821,,,
HIGH_EFFICACY_MS_REVIEW.html,OPERA-II,835,,,
HIGH_EFFICACY_MS_REVIEW.html,ASCLEPIOS-I,946,,,
HIGH_EFFICACY_MS_REVIEW.html,ASCLEPIOS-II,955,,,
HIV_ART_FIRSTLINE_REVIEW.html,ADVANCE DTG/TAF,702,,,11.0
HIV_ART_FIRSTLINE_REVIEW.html,ADVANCE DTG/TDF,702,,,11.0
HIV_ART_TIMING_REVIEW.html,START (INSIGHT 2015),4685,,,
HIV_ART_TIMING_REVIEW.html,TEMPRANO (ANRS 12136),2073,,,
HIV_ART_TIMING_REVIEW.html,HPTN 052 (Cohen 2011/2016),1763,,,
HIV_LA_PREP_REVIEW.html,HPTN 083,4566,,,
HIV_LA_PREP_REVIEW.html,HPTN 084,3224,,,
HIV_LA_PREP_REVIEW.html,PURPOSE-1,4270,,,
HIV_LA_PREP_REVIEW.html,PURPOSE-2,3265,,,
HIV_PREP_INJECTABLE_REVIEW.html,HPTN 083,4566,,,
HIV_PREP_INJECTABLE_REVIEW.html,HPTN 084,3224,,,
HIV_PREP_INJECTABLE_REVIEW.html,DISCOVER (F/TAF vs F/TDF),5387,,,
HIV_TB_COINFECTION_ART_TIMING_REVIEW.html,SAPiT (Karim 2010+2011),642,,,
HIV_TB_COINFECTION_ART_TIMING_REVIEW.html,STRIDE / ACTG A5221 (Havlir 2011),806,,,
HIV_TB_COINFECTION_ART_TIMING_REVIEW.html,CAMELIA (Blanc 2011),661,,,
HPV_DOSE_REDUCTION_REVIEW.html,KEN-SHE bivalent,1516,,,18.0
HPV_DOSE_REDUCTION_REVIEW.html,KEN-SHE nonavalent,1518,,,18.0
HPV_DOSE_REDUCTION_REVIEW.html,DoRIS 1d-vs-3d bivalent,310,,,
HPV_VACCINE_SCHEDULES_REVIEW.html,PATRICIA Cervarix 3-dose,14666,,,34.9
HPV_VACCINE_SCHEDULES_REVIEW.html,FUTURE II Gardasil-4 3-dose,10565,,,
HPV_VACCINE_SCHEDULES_REVIEW.html,KEN SHE single-dose (Barnabas 2022),2251,,,18.0
HYDROCORTISONE_SEPTIC_SHOCK_REVIEW.html,ADRENAL (Venkatesh 2018),3658,,,
HYDROCORTISONE_SEPTIC_SHOCK_REVIEW.html,APROCCHSS (Annane 2018),1241,,,
HYDROCORTISONE_SEPTIC_SHOCK_REVIEW.html,HYPRESS (Keh 2016),380,,,
ICU_SEDATION_REVIEW.html,SPICE-III (Shehabi 2019),3904,,,
ICU_SEDATION_REVIEW.html,Strom 2010 no-sedation,113,,,
ICU_SEDATION_REVIEW.html,A2B Trial (Lewis 2025),1040,,,
IL23_PSA_REVIEW.html,KEEPsAKE-1,964,,,5.5
IL23_PSA_REVIEW.html,KEEPsAKE-2,444,,,5.5
IL23_PSA_REVIEW.html,DISCOVER-1,254,,,5.5
IL23_PSA_REVIEW.html,DISCOVER-2,492,,,5.5
IL23_PSORIASIS_REVIEW.html,VOYAGE 1,503,,,3.7
IL23_PSORIASIS_REVIEW.html,UltIMMa-1,406,,,3.7
IL23_PSORIASIS_REVIEW.html,reSURFACE 1,462,,,2.8
IL_PSORIASIS_NMA_REVIEW.html,VOYAGE 1,503,,,
IL_PSORIASIS_NMA_REVIEW.html,UltIMMa-1,406,,,
IL_PSORIASIS_NMA_REVIEW.html,UNCOVER-1,864,,,
IL_PSORIASIS_NMA_REVIEW.html,UNCOVER-2,709,,,
IL_PSORIASIS_NMA_REVIEW.html,UNCOVER-3,578,,,
IL_PSORIASIS_NMA_REVIEW.html,ERASURE,493,,,
IL_PSORIASIS_NMA_REVIEW.html,FIXTURE,646,,,
IL_PSORIASIS_NMA_REVIEW.html,BE RADIANT,743,,,
IL_PSORIASIS_NMA_REVIEW.html,BE VIVID,404,,,
IL_PSORIASIS_NMA_REVIEW.html,BE SURE,478,,,
IL_PSORIASIS_NMA_REVIEW.html,VOYAGE 2,483,,,3.7
IL_PSORIASIS_NMA_REVIEW.html,UltIMMa-2,392,,,3.7
IL_PSORIASIS_NMA_REVIEW.html,AMAGINE-1,442,,,2.8
IL_PSORIASIS_NMA_REVIEW.html,reSURFACE-1,462,,,2.8
IL_PSORIASIS_NMA_REVIEW.html,reSURFACE-2,627,,,2.8
IL_PSORIASIS_NMA_REVIEW.html,AMAGINE-2,1071,,,2.8
IL_PSORIASIS_NMA_REVIEW.html,CLEAR,668,,,3.7
IL_PSORIASIS_NMA_REVIEW.html,BE READY,435,,,
INAVOLISIB_BC_REVIEW.html,INAVO120,325,,,
INCLISIRAN_REVIEW.html,ORION-9,482,,,
INCLISIRAN_REVIEW.html,ORION-10,1561,,,
INCLISIRAN_REVIEW.html,ORION-11,1617,,,
INCRETINS_T2D_NMA_REVIEW.html,SURPASS-1,234,,,
INCRETINS_T2D_NMA_REVIEW.html,SURPASS-2,939,,,
INCRETINS_T2D_NMA_REVIEW.html,SUSTAIN-1,258,,,
INCRETINS_T2D_NMA_REVIEW.html,SUSTAIN-3,809,,,
INCRETINS_T2D_NMA_REVIEW.html,SUSTAIN-7,600,,,
INCRETINS_T2D_NMA_REVIEW.html,LEAD-6,464,,,
INCRETINS_T2D_NMA_REVIEW.html,AWARD-6,599,,,
INCRETINS_T2D_NMA_REVIEW.html,LEAD-2,364,,,6.0
INCRETINS_T2D_NMA_REVIEW.html,SUSTAIN-6,3297,,,
INCRETINS_T2D_NMA_REVIEW.html,EXSCEL,14752,,,
INCRETINS_T2D_NMA_REVIEW.html,PIONEER-4,569,,,6.0
INCRETINS_T2D_NMA_REVIEW.html,PIONEER-3,931,,,6.0
INCRETINS_T2D_NMA_REVIEW.html,SUSTAIN-2,815,,,12.9
INCRETINS_T2D_NMA_REVIEW.html,SURPASS-3,882,,,
INCRETINS_T2D_NMA_REVIEW.html,SURPASS-4,1471,,,
INCRETINS_T2D_NMA_REVIEW.html,SURPASS-5,237,,,
INCRETINS_T2D_NMA_REVIEW.html,SURPASS-6,488,,,
INSULIN_ICODEC_REVIEW.html,ONWARDS-1,984,,,12.0
INSULIN_ICODEC_REVIEW.html,ONWARDS-2,526,,,6.0
INSULIN_ICODEC_REVIEW.html,ONWARDS-3,588,,,6.0
INTENSIVE_BP_REVIEW.html,SPRINT-SENIOR,2636,,,
INTENSIVE_BP_REVIEW.html,SPRINT-CKD,2646,,,
INTENSIVE_BP_REVIEW.html,ACCORD-BP,4733,,,
INTENSIVE_BP_REVIEW.html,STEP,8511,,,
INTENSIVE_BP_REVIEW.html,SPS3-BP,3020,,,
IO_CHEMO_NSCLC_1L_REVIEW.html,KEYNOTE-189,616,,,
IO_CHEMO_NSCLC_1L_REVIEW.html,KEYNOTE-407,559,,,
IO_CHEMO_NSCLC_1L_REVIEW.html,IMpower150,692,,,
IO_CHEMO_NSCLC_1L_REVIEW.html,POSEIDON,675,,,
IPTACOPAN_IGAN_REVIEW.html,APPLAUSE-IgAN,443,,,
JAK_RA_REVIEW.html,RA-BEAM,975,,,2.8
JAK_RA_REVIEW.html,SELECT-NEXT,442,,,2.8
JAK_RA_REVIEW.html,FINCH-1,950,,,2.8
JAK_UC_REVIEW.html,OCTAVE Induction 1,598,,,
JAK_UC_REVIEW.html,U-ACHIEVE Induction,473,,,
JAK_UC_REVIEW.html,SELECTION Induction A,343,,,
JAKI_AD_REVIEW.html,JADE MONO-1,232,,,2.8
JAKI_AD_REVIEW.html,JADE MONO-2,233,,,2.8
JAKI_AD_REVIEW.html,MEASURE-UP 1,562,,,3.7
JAKI_AD_REVIEW.html,MEASURE-UP 2,554,,,3.7
JAKI_RA_NMA_REVIEW.html,ORAL-Standard,306,,,1.4
JAKI_RA_NMA_REVIEW.html,RA-BEAM,975,,,2.8
JAKI_RA_NMA_REVIEW.html,SELECT-Compare,1302,,,2.8
JAKI_RA_NMA_REVIEW.html,FINCH-1,950,,,2.8
JAKI_RA_NMA_REVIEW.html,FINCH-1 (Ada arm),800,,,2.8
KARXT_SCZ_REVIEW.html,EMERGENT-2,252,,,
KARXT_SCZ_REVIEW.html,EMERGENT-3,256,,,
KRAS_G12C_REVIEW.html,CodeBreaK 200,345,,,
KRAS_G12C_REVIEW.html,KRYSTAL-12,453,,,
LEBRIKIZUMAB_AD_REVIEW.html,ADvocate1,352,,,
LEBRIKIZUMAB_AD_REVIEW.html,ADvocate2,353,,,
LEBRIKIZUMAB_AD_REVIEW.html,ADhere,211,,,
LENACAPAVIR_PREP_REVIEW.html,PURPOSE-1,5338,,,
LENACAPAVIR_PREP_REVIEW.html,PURPOSE-2,3267,,,
LIPID_HUB_REVIEW.html,REDUCE-IT,8179,,,
LIPID_HUB_REVIEW.html,STRENGTH,13078,,,
LIPID_HUB_REVIEW.html,VITAL,25871,,,
LIPID_HUB_REVIEW.html,OMEMI,1027,,,
LIPID_HUB_REVIEW.html,RESPECT-EPA,3884,,,
LU_PSMA_MCRPC_REVIEW.html,VISION,831,,,
LU_PSMA_MCRPC_REVIEW.html,PSMAfore,468,,,
MALARIA_ACT_REVIEW.html,Bandim AL-vs-DP,346,,,
MALARIA_ACT_REVIEW.html,TES2022 DRC,1260,,,
MALARIA_ACT_REVIEW.html,Yaounde TES Cameroon,242,,,
MALARIA_ACT_REVIEW.html,Nigeria PA-vs-AL,172,,,
MALARIA_ACT_REVIEW.html,Siaya-Bungoma TES Kenya,400,,,
MALARIA_VACCINE_REVIEW.html,"RTS,S/AS01 Phase 3",8923,,,48.0
MALARIA_VACCINE_REVIEW.html,R21/Matrix-M Phase 2b (Datoo 2021),293,,,12.0
MALARIA_VACCINE_REVIEW.html,R21/Matrix-M Phase 3 (Datoo 2024),4800,,,12.0
MALARIA_VACCINES_REVIEW.html,"RTS,S Phase 3",11899,,,
MALARIA_VACCINES_REVIEW.html,R21 Phase 2b,300,,,12.0
MALARIA_VACCINES_REVIEW.html,R21 Phase 3,3200,,,
MDR_TB_SHORTENED_REVIEW.html,TB-PRACTECAL (BPaLM vs SOC),275,,,
MDR_TB_SHORTENED_REVIEW.html,Nix-TB (BPaL single-arm XDR-TB),218,,,
MDR_TB_SHORTENED_REVIEW.html,ZeNix (BPaL dose-finding),184,,,
MDRTB_BPAL_REVIEW.html,Nix-TB,109,,,6.0
MDRTB_BPAL_REVIEW.html,ZeNix,91,,,
MDRTB_BPAL_REVIEW.html,TB-PRACTECAL,275,,,
MEDITERRANEAN_DIET_CV_REVIEW.html,CORDIOPREV (Delgado-Lista 2022),1002,,,84.0
MHEALTH_ART_ADHERENCE_REVIEW.html,WelTel Kenya 1,536,,,12.0
MIGRAINE_ACUTE_REVIEW.html,ACHIEVE I,854,,,
MIGRAINE_ACUTE_REVIEW.html,ACHIEVE II,920,,,
MIGRAINE_ACUTE_REVIEW.html,SAMURAI,1158,,,
MIGRAINE_ACUTE_REVIEW.html,Rimegepant Study 303,1084,,,
MIRIKIZUMAB_UC_REVIEW.html,LUCENT-1,1162,,,0.0
MIRIKIZUMAB_UC_REVIEW.html,LUCENT-2,544,,,9.2
MIRVETUXIMAB_OVARIAN_REVIEW.html,MIRASOL,453,,,
MITAPIVAT_THALASSEMIA_REVIEW.html,ENERGIZE,194,,,2.8
MITRAL_FUNCMR_REVIEW.html,COAPT,614,,,
MITRAL_FUNCMR_REVIEW.html,MITRA-FR,307,,,
MITRAL_FUNCMR_REVIEW.html,RESHAPE-HF2,505,,,
MM_1L_REVIEW.html,MAIA,737,,,
MM_1L_REVIEW.html,ALCYONE,706,,,
MM_1L_REVIEW.html,CASSIOPEIA,1085,,,
MM_1L_REVIEW.html,IMROZ,530,,,
NEOADJUVANT_IO_NSCLC_REVIEW.html,CheckMate-816,358,,,
NEOADJUVANT_IO_NSCLC_REVIEW.html,KEYNOTE-671,797,,,
NEOADJUVANT_IO_NSCLC_REVIEW.html,AEGEAN,802,,,
NIRSEVIMAB_INFANT_RSV_REVIEW.html,Nirsevimab Phase 2b,1453,,,
NIRSEVIMAB_INFANT_RSV_REVIEW.html,MELODY,1490,,,
NIRSEVIMAB_INFANT_RSV_REVIEW.html,HARMONIE,8058,,,
OBESITY_DRUGS_REVIEW.html,SURMOUNT-1,3162,,,
OBESITY_DRUGS_REVIEW.html,STEP 1,1961,,,
OBESITY_DRUGS_REVIEW.html,SCALE Obesity,3731,,,
OSIMERTINIB_EGFR_NSCLC_REVIEW.html,AURA3,419,,,
OSIMERTINIB_EGFR_NSCLC_REVIEW.html,FLAURA,556,,,
OSIMERTINIB_EGFR_NSCLC_REVIEW.html,ADAURA,682,,,
OSIMERTINIB_EGFR_NSCLC_REVIEW.html,FLAURA2,557,,,
PAH_THERAPY_REVIEW.html,STELLAR,323,,,
PAH_THERAPY_REVIEW.html,GRIPHON,1156,,,
PAH_THERAPY_REVIEW.html,PATENT-1,380,,,
PAH_THERAPY_REVIEW.html,SERAPHIN,492,,,
PARP_ARPI_MCRPC_REVIEW.html,PROpel,796,,,
PARP_ARPI_MCRPC_REVIEW.html,MAGNITUDE,423,,,
PARP_ARPI_MCRPC_REVIEW.html,TALAPRO-2,805,,,
PARP_OVARIAN_REVIEW.html,SOLO-1,391,,,
PARP_OVARIAN_REVIEW.html,PAOLA-1,806,,,
PARP_OVARIAN_REVIEW.html,PRIMA,733,,,
PATISIRAN_POLYNEUROPATHY_REVIEW.html,APOLLO,225,,,
PATISIRAN_POLYNEUROPATHY_REVIEW.html,HELIOS-A,199,,,
PBC_PPAR_REVIEW.html,ELATIVE,161,,,12.0
PBC_PPAR_REVIEW.html,RESPONSE,193,,,
PCSK9_LIPID_NMA_REVIEW.html,IMPROVE-IT,18144,,,
PCSK9_LIPID_NMA_REVIEW.html,FOURIER,27564,,,
PCSK9_LIPID_NMA_REVIEW.html,ODYSSEY-OUTCOMES,18924,,,
PCSK9_LIPID_NMA_REVIEW.html,CLEAR-OUTCOMES,13970,,,
PEDIATRIC_HIV_ART_REVIEW.html,"ODYSSEY (DTG vs SOC, paeds)",707,,,
PEGCETACOPLAN_GA_REVIEW.html,OAKS-PM,409,,,
PEGCETACOPLAN_GA_REVIEW.html,DERBY-PM,396,,,
PEGCETACOPLAN_GA_REVIEW.html,OAKS-PEOM,412,,,
PEGCETACOPLAN_GA_REVIEW.html,DERBY-PEOM,396,,,
PHYSICAL_REHAB_OLDER_REVIEW.html,REHAB-HF (Kitzman 2021),349,,,3.0
PHYSICAL_REHAB_OLDER_REVIEW.html,LIFE (Pahor 2014),1635,,,
PHYSICAL_REHAB_OLDER_REVIEW.html,ICARE (Winstein 2016),238,,,
PI3K_AKT_BC_REVIEW.html,SOLAR-1,341,,,
PI3K_AKT_BC_REVIEW.html,CAPItello-291,708,,,
PI3K_AKT_BC_REVIEW.html,INAVO120,325,,,
POLYCYTHEMIA_VERA_REVIEW.html,RESPONSE (Vannucchi 2015),222,,,7.4
POLYCYTHEMIA_VERA_REVIEW.html,RESPONSE-2 (Passamonti 2017),149,,,1.8
POLYCYTHEMIA_VERA_REVIEW.html,PROUD-PV (Gisslinger 2020),249,,,
POSTPARTUM_HEMORRHAGE_REVIEW.html,E-MOTIVE (PPH bundle),99659,,,
PPH_BUNDLE_REVIEW.html,WOMAN,20021,,,
PPH_BUNDLE_REVIEW.html,WOMAN-2,8403,,,
PPH_BUNDLE_REVIEW.html,E-MOTIVE,105423,,,
PREGNANCY_HIV_VESTED_REVIEW.html,IMPAACT 2010 / VESTED,643,,,
PRIMAQUINE_GAMETOCYTE_DR_REVIEW.html,Eziefula 2014 Uganda,232,,,
PRIMAQUINE_GAMETOCYTE_DR_REVIEW.html,SAFEPRIM Burkina Faso,50,,,
PSA_BIOLOGICS_REVIEW.html,SPIRIT-P1,213,,,5.5
PSA_BIOLOGICS_REVIEW.html,DISCOVER-2,491,,,5.5
PSA_BIOLOGICS_REVIEW.html,BE OPTIMAL,712,,,3.7
PSA_BIOLOGICS_REVIEW.html,SELECT-PsA 1,848,,,2.8
RCC_1L_REVIEW.html,CheckMate 9ER,651,,,
RCC_1L_REVIEW.html,KEYNOTE-426,861,,,
RCC_1L_REVIEW.html,CLEAR,712,,,
RCC_1L_REVIEW.html,CheckMate 214,847,,,
RESMETIROM_MASH_REVIEW.html,MAESTRO-NASH,644,,,12.0
RISANKIZUMAB_CD_REVIEW.html,ADVANCE,511,,,
RISANKIZUMAB_CD_REVIEW.html,MOTIVATE,412,,,
RISANKIZUMAB_CD_REVIEW.html,FORTIFY,305,,,
ROMOSOZUMAB_OP_REVIEW.html,FRAME,7180,,,
ROMOSOZUMAB_OP_REVIEW.html,ARCH,4093,,,
ROMOSOZUMAB_OP_REVIEW.html,BRIDGE,245,,,
ROTAVIRUS_VACCINE_AFRICA_REVIEW.html,Rotarix Africa (Madhi 2010),2089,,,
ROTAVIRUS_VACCINE_AFRICA_REVIEW.html,RotaTeq Africa (Armah 2010),5468,,,24.0
ROTAVIRUS_VACCINE_AFRICA_REVIEW.html,Rotasiil ROSE Niger (Isanaka 2017),4413,,,
RSV_VACCINE_OLDER_REVIEW.html,RENOIR,34284,,,
RSV_VACCINE_OLDER_REVIEW.html,AReSVi-006,24960,,,
RSV_VACCINE_OLDER_REVIEW.html,ConquerRSV,35088,,,
RUSFERTIDE_PV_REVIEW.html,VERIFY,293,,,7.4
SAM_SIMPLIFIED_PROTOCOL_REVIEW.html,OptiMA Niger (ComPAS vs Standard),1153,,,
SCD_DISEASE_MOD_REVIEW.html,"REACH (hydroxyurea, Africa)",606,,,3.0
SCD_DISEASE_MOD_REVIEW.html,L-glutamine (Endari),230,,,
SCD_DISEASE_MOD_REVIEW.html,CLIMB-121 (exa-cel/Casgevy),30,,,12.0
SCHISTOSOMIASIS_ARPRAZIQUANTEL_REVIEW.html,L-PZQ ODT (arpraziquantel) phase 3,145,,,0.7
SEMAGLUTIDE_OBESITY_REVIEW.html,STEP-1,1961,,,
SEMAGLUTIDE_OBESITY_REVIEW.html,STEP-3,611,,,
SEMAGLUTIDE_OBESITY_REVIEW.html,STEP-5,304,,,
SEMAGLUTIDE_OBESITY_REVIEW.html,STEP-2,807,,,
SEPSIS_RESUSCITATION_REVIEW.html,CENSER (Permpikul 2019),310,,,
SEPSIS_RESUSCITATION_REVIEW.html,CLOVERS (Shapiro 2023),1563,,,
SEPSIS_RESUSCITATION_REVIEW.html,CLASSIC (Meyhoff 2022),1554,,,
SEVERE_ASTHMA_NMA_REVIEW.html,MENSA,385,,,
SEVERE_ASTHMA_NMA_REVIEW.html,Castro-2015-Resliz,941,,,
SEVERE_ASTHMA_NMA_REVIEW.html,SIROCCO,805,,,
SEVERE_ASTHMA_NMA_REVIEW.html,QUEST,948,,,
SEVERE_ASTHMA_NMA_REVIEW.html,NAVIGATOR,1059,,,
SGLT2_HF_REVIEW.html,DAPA-HF,4744,,,
SGLT2_HF_REVIEW.html,EMPEROR-Reduced,3730,,,
SGLT2_HF_REVIEW.html,EMPEROR-Preserved,5988,,,
SGLT2_HF_REVIEW.html,DELIVER,6263,,,
SGLT2_MACE_CVOT_REVIEW.html,EMPA-REG OUTCOME,7020,,,
SGLT2_MACE_CVOT_REVIEW.html,CANVAS,10142,,,
SGLT2_MACE_CVOT_REVIEW.html,DECLARE-TIMI 58,17160,,,
SGLT2_MACE_CVOT_REVIEW.html,VERTIS-CV,8240,,,
SGLT2I_HF_NMA_REVIEW.html,DAPA-HF,4744,,,
SGLT2I_HF_NMA_REVIEW.html,EMPEROR-Reduced,3730,,,
SGLT2I_HF_NMA_REVIEW.html,EMPEROR-Preserved,5988,,,
SGLT2I_HF_NMA_REVIEW.html,DELIVER,6263,,,
SGLT2I_HF_NMA_REVIEW.html,SOLOIST-WHF,1222,,,
SGLT2I_HF_NMA_REVIEW.html,SCORED,10584,,,
SOTAGLIFLOZIN_HF_REVIEW.html,SOLOIST-WHF,1222,,,
SOTAGLIFLOZIN_HF_REVIEW.html,SCORED,10584,,,
SOTATERCEPT_PAH_REVIEW.html,STELLAR,323,,,
SPARSENTAN_IGAN_REVIEW.html,PROTECT,402,,,8.3
SPONDYLOARTHRITIS_REVIEW.html,MEASURE 4,233,,,3.7
SPONDYLOARTHRITIS_REVIEW.html,BE MOBILE 1,386,,,3.7
SPONDYLOARTHRITIS_REVIEW.html,BE MOBILE 2,442,,,3.7
SPONDYLOARTHRITIS_REVIEW.html,SELECT-AXIS 2,420,,,3.2
TARLATAMAB_SCLC_REVIEW.html,DeLLphi-301,100,,,
TAVR_LOWRISK_REVIEW.html,PARTNER 3,950,,,
TAVR_LOWRISK_REVIEW.html,Evolut Low Risk,1403,,,
TAVR_LOWRISK_REVIEW.html,NOTION,280,,,
TB_DRUG_SUSCEPTIBLE_4MO_REVIEW.html,Study 31 / A5349 (4-month rifapentine-moxifloxacin),1559,,,12.0
TB_PREVENTION_REVIEW.html,BRIEF-TB / A5279,2986,,,
TDXD_HER2LOW_BC_REVIEW.html,DESTINY-Breast04,557,,,
TDXD_HER2LOW_BC_REVIEW.html,DESTINY-Breast06,866,,,
TEPLIZUMAB_T1D_REVIEW.html,TN-10,76,,,
TIRZEPATIDE_OBESITY_REVIEW.html,SURMOUNT-1,1273,,,16.6
TIRZEPATIDE_OBESITY_REVIEW.html,SURMOUNT-2,627,,,16.6
TIRZEPATIDE_OBESITY_REVIEW.html,SURMOUNT-3,579,,,0.0
TIRZEPATIDE_T2D_REVIEW.html,SURPASS-1,236,,,
TIRZEPATIDE_T2D_REVIEW.html,SURPASS-3,718,,,
TIRZEPATIDE_T2D_REVIEW.html,SURPASS-5,237,,,
TIRZEPATIDE_T2D_REVIEW.html,SURPASS-2,939,,,
TIRZEPATIDE_T2D_REVIEW.html,SURPASS-4,1997,,,
TNK_VS_TPA_STROKE_REVIEW.html,NOR-TEST,1091,,,
TNK_VS_TPA_STROKE_REVIEW.html,AcT,1567,,,
TNK_VS_TPA_STROKE_REVIEW.html,TRACE-2,1408,,,
TNK_VS_TPA_STROKE_REVIEW.html,EXTEND-IA TNK,202,,,
TNK_VS_TPA_STROKE_REVIEW.html,NOR-TEST 2 Part A,203,,,
TNK_VS_TPA_STROKE_REVIEW.html,ATTEST-2,1466,,,
TOFACITINIB_UC_REVIEW.html,OCTAVE Induction 1,598,,,1.8
TOFACITINIB_UC_REVIEW.html,OCTAVE Induction 2,541,,,1.8
TOFACITINIB_UC_REVIEW.html,OCTAVE Sustain,395,,,12.0
TYVAC_TYPHOID_REVIEW.html,TyVAC Malawi,28130,,,
UC_BIOLOGICS_NMA_REVIEW.html,ACT-1,242,,,1.8
UC_BIOLOGICS_NMA_REVIEW.html,ULTRA-2,494,,,1.8
UC_BIOLOGICS_NMA_REVIEW.html,PURSUIT-SC,662,,,1.4
UC_BIOLOGICS_NMA_REVIEW.html,GEMINI-1,374,,,0.0
UC_BIOLOGICS_NMA_REVIEW.html,UNIFI-induction,641,,,1.8
UC_BIOLOGICS_NMA_REVIEW.html,OCTAVE-1,598,,,1.8
UC_BIOLOGICS_NMA_REVIEW.html,U-ACHIEVE,473,,,1.8
UC_BIOLOGICS_NMA_REVIEW.html,TRUE-NORTH,645,,,2.3
UC_BIOLOGICS_NMA_REVIEW.html,LUCENT-1,1162,,,0.0
UPADACITINIB_CD_REVIEW.html,U-EXCEL,526,,,2.8
UPADACITINIB_CD_REVIEW.html,U-EXCEED,495,,,2.8
UPADACITINIB_CD_REVIEW.html,U-ENDURE,502,,,12.0
VENETOCLAX_AML_REVIEW.html,VIALE-A,431,,,
VENETOCLAX_AML_REVIEW.html,VIALE-C,211,,,
VENETOCLAX_CLL_REVIEW.html,CLL14,432,,,
VENETOCLAX_CLL_REVIEW.html,MURANO,389,,,
VENETOCLAX_CLL_REVIEW.html,CLL13/GAIA,458,,,
VITAMIN_D_FRACTURE_FALL_REVIEW.html,VITAL (Manson 2019),25871,,,
VITILIGO_REVIEW.html,TRuE-V1 (Rosmarin 2022),331,,,5.5
VITILIGO_REVIEW.html,TRuE-V2 (Rosmarin 2022),334,,,5.5
VITILIGO_REVIEW.html,UpA-Vitiligo Phase 2/3 (Passeron 2024),125,,,
VOCLOSPORIN_LN_REVIEW.html,AURORA 1,357,,,
VORASIDENIB_GLIOMA_REVIEW.html,INDIGO,331,,,
VUTRISIRAN_ATTR_REVIEW.html,HELIOS-B,655,,,
ZOLBETUXIMAB_GASTRIC_REVIEW.html,SPOTLIGHT,565,,,
ZOLBETUXIMAB_GASTRIC_REVIEW.html,GLOW,507,,,
ZURANOLONE_PPD_REVIEW.html,SKYLARK,170,,,
ZURANOLONE_PPD_REVIEW.html,ROBIN,153,,,
