file,base_nct,names,total,ctg_enrollment,ctg_acronym,ctg_title,ratio,category
ACALABRUTINIB_CLL_REVIEW.html,NCT02475681,ELEVATE-TN,356,535,ElevateTN,"Acalabrutinib, Obinutuzumab and Chlorambucil in Treatment naïve CLL",0.665,OK
ACALABRUTINIB_CLL_REVIEW.html,NCT02970318,ASCEND,310,310,,A Study of Acalabrutinib vs Investigator's Choice of Idelalisib Plus Rituximab o,1.0,OK
ACORAMIDIS_ATTR_CM_REVIEW.html,NCT03860935,ATTRibute-CM,632,632,ATTRibute-CM,Efficacy and Safety of AG10 in Subjects With Transthyretin Amyloid Cardiomyopath,1.0,OK
ACS_ANTIPLATELET_NMA_REVIEW.html,NCT00391872,PLATO,18624,18624,PLATO,A Comparison of Ticagrelor (AZD6140) and Clopidogrel in Patients With Acute Coro,1.0,OK
ACS_ANTIPLATELET_NMA_REVIEW.html,NCT00097591,TRITON-TIMI 38,13608,13619,,A Comparison of Prasugrel (CS-747) and Clopidogrel in Acute Coronary Syndrome Su,0.999,OK
ACS_ANTIPLATELET_NMA_REVIEW.html,NCT01944800,ISAR-REACT 5,4018,4018,ISAR-REACT 5,"Prospective, Randomized Trial of Ticagrelor Versus Prasugrel in Patients With Ac",1.0,OK
ACS_ANTIPLATELET_NMA_REVIEW.html,NCT02270242,TWILIGHT,7119,9006,TWILIGHT,Ticagrelor With Aspirin or Alone in High-Risk Patients After Coronary Interventi,0.79,OK
ADC_HER2_ADJUVANT_NMA_REVIEW.html,NCT01772472,KATHERINE,1486,1486,,A Study of Trastuzumab Emtansine Versus Trastuzumab as Adjuvant Therapy in Patie,1.0,OK
ADC_HER2_LOW_NMA_REVIEW.html,NCT03734029,DESTINY-Breast04,557,557,,Trastuzumab Deruxtecan (DS-8201a) Versus Investigator's Choice for HER2-low Brea,1.0,OK
ADC_HER2_LOW_NMA_REVIEW.html,NCT04494425,DESTINY-Breast06,866,866,DB-06,Study of Trastuzumab Deruxtecan (T-DXd) vs Investigator's Choice Chemotherapy in,1.0,OK
ADC_HER2_NMA_REVIEW.html,NCT03529110,DESTINY-Breast03,524,524,,DS-8201a Versus T-DM1 for Human Epidermal Growth Factor Receptor 2 (HER2)-Positi,1.0,OK
ADC_HER2_NMA_REVIEW.html,NCT00829166,EMILIA,991,991,EMILIA,A Study of Trastuzumab Emtansine Versus Capecitabine + Lapatinib in Participants,1.0,OK
ADC_HER2_NMA_REVIEW.html,NCT01419197,TH3RESA,602,602,TH3RESA,A Study of Trastuzumab Emtansine in Comparison With Treatment of Physician's Cho,1.0,OK
ADC_HER2_NMA_REVIEW.html,NCT03523585,DESTINY-Breast02,608,608,,DS-8201a in Pre-treated HER2 Breast Cancer That Cannot be Surgically Removed or ,1.0,OK
ADJUVANT_IO_MELANOMA_REVIEW.html,NCT02362594,KEYNOTE-054,1019,1019,,Study of Pembrolizumab (MK-3475) Versus Placebo After Complete Resection of High,1.0,OK
ADJUVANT_IO_MELANOMA_REVIEW.html,NCT02388906,CheckMate-238,906,906,CheckMate 238,Efficacy Study of Nivolumab Compared to Ipilimumab in Prevention of Recurrence o,1.0,OK
ADJUVANT_IO_MELANOMA_REVIEW.html,NCT01682083,COMBI-AD,870,870,COMBI-AD,Dabrafenib With Trametinib in the Adjuvant Treatment of High-risk BRAF V600 Muta,1.0,OK
AFICAMTEN_HCM_REVIEW.html,NCT05186818,SEQUOIA-HCM,282,282,SEQUOIA-HCM,Phase 3 Trial to Evaluate the Efficacy and Safety of Aficamten Compared to Place,1.0,OK
AFLIBERCEPT_HD_REVIEW.html,NCT04964089,PULSAR,671,557,DAYLIGHT,A Study to Evaluate the Efficacy and Safety of Intravitreal KSI-301 Compared Wit,1.205,OUTLIER
AFLIBERCEPT_HD_REVIEW.html,NCT04429503,PHOTON,495,660,PHOTON,Study of a High-Dose Aflibercept in Participants With Diabetic Eye Disease,0.75,OK
ALDO_SYNTHASE_NMA_REVIEW.html,NCT05137002,BrigHTN,248,249,HALO,A Study of CIN-107 in Patients With Uncontrolled Hypertension,0.996,OK
ALDO_SYNTHASE_NMA_REVIEW.html,NCT05186870,Target-HTN,200,20,,Reliability of Functional Outcome Measures in Neurofibromatosis 1: Test- Retest,10.0,OUTLIER
ALK_NSCLC_NMA_REVIEW.html,NCT02075840,ALEX,303,303,ALEX,A Study Comparing Alectinib With Crizotinib in Treatment-Naive Anaplastic Lympho,1.0,OK
ALK_NSCLC_NMA_REVIEW.html,NCT02737501,ALTA-1L,275,275,ALTA-1L,ALTA-1L Study: A Study of Brigatinib Versus Crizotinib in Anaplastic Lymphoma Ki,1.0,OK
ALK_NSCLC_NMA_REVIEW.html,NCT03052608,CROWN,296,296,,A Study Of Lorlatinib Versus Crizotinib In First Line Treatment Of Patients With,1.0,OK
ALK_NSCLC_NMA_REVIEW.html,NCT02767804,eXalt3,290,290,,eXalt3: Study Comparing X-396 (Ensartinib) to Crizotinib in ALK Positive Non-Sma,1.0,OK
ALOPECIA_JAKI_NMA_REVIEW.html,NCT03570749,BRAVE-AA1,470,784,BRAVE-AA1,A Study of Baricitinib (LY3009104) in Participants With Severe or Very Severe Al,0.599,OK
ALOPECIA_JAKI_NMA_REVIEW.html,NCT03899259,BRAVE-AA2,390,606,BRAVE-AA2,A Study of Baricitinib (LY3009104) in Adults With Severe or Very Severe Alopecia,0.644,OK
ALOPECIA_JAKI_NMA_REVIEW.html,NCT03732807,ALLEGRO-2b/3,261,718,ALLEGRO-2b/3,PF-06651600 for the Treatment of Alopecia Areata,0.364,OK
ALOPECIA_JAKI_NMA_REVIEW.html,NCT04518995,THRIVE-AA1,352,706,THRIVE-AA1,Study to Evaluate the Efficacy and Safety of CTP-543 in Adults With Moderate to ,0.499,OK
ALOPECIA_JAKI_NMA_REVIEW.html,NCT04797650,THRIVE-AA2,261,517,THRIVE-AA2,Study to Evaluate the Efficacy and Safety of CTP-543 in Adults With Moderate to ,0.505,OK
ANIFROLUMAB_SLE_REVIEW.html,NCT02446912,TULIP-1,364,460,,Efficacy and Safety of Two Doses of Anifrolumab Compared to Placebo in Adult Sub,0.791,OK
ANIFROLUMAB_SLE_REVIEW.html,NCT02446899,TULIP-2,362,373,,Efficacy and Safety of Anifrolumab Compared to Placebo in Adult Subjects With Ac,0.971,OK
ANTI_CD20_MS_NMA_REVIEW.html,NCT01247324,OPERA I,821,821,,A Study of Ocrelizumab in Comparison With Interferon Beta-1a (Rebif) in Particip,1.0,OK
ANTI_CD20_MS_NMA_REVIEW.html,NCT01412333,OPERA II,835,835,,A Study of Ocrelizumab in Comparison With Interferon Beta-1a (Rebif) in Particip,1.0,OK
ANTI_CD20_MS_NMA_REVIEW.html,NCT02792218,ASCLEPIOS I,927,930,ASCLEPIOS I,Efficacy and Safety of Ofatumumab Compared to Teriflunomide in Patients With Rel,0.997,OK
ANTI_CD20_MS_NMA_REVIEW.html,NCT02792231,ASCLEPIOS II,955,955,ASCLEPIOS II,Efficacy and Safety of Ofatumumab Compared to Teriflunomide in Patients With Rel,1.0,OK
ANTI_CD20_MS_NMA_REVIEW.html,NCT03277261,ULTIMATE I,549,549,ULTIMATE 1,Study to Assess the Efficacy and Safety of Ublituximab in Participants With Rela,1.0,OK
ANTI_CD20_MS_NMA_REVIEW.html,NCT03277248,ULTIMATE II,544,545,ULTIMATE II,Study to Assess the Efficacy and Safety of Ublituximab in Participants With Rela,0.998,OK
ANTIAMYLOID_AD_NMA_REVIEW.html,NCT03887455,Clarity AD,1734,1906,Clarity AD,A Study to Confirm Safety and Efficacy of Lecanemab in Participants With Early A,0.91,OK
ANTIAMYLOID_AD_NMA_REVIEW.html,NCT04437511,TRAILBLAZER-ALZ 2,1736,1736,,A Study of Donanemab (LY3002813) in Participants With Early Alzheimer's Disease ,1.0,OK
ANTIAMYLOID_AD_NMA_REVIEW.html,NCT02477800,EMERGE,1092,1653,ENGAGE,221AD301 Phase 3 Study of Aducanumab (BIIB037) in Early Alzheimer's Disease,0.661,OK
ANTIAMYLOID_AD_NMA_REVIEW.html,NCT02484547,ENGAGE,1103,1643,EMERGE,221AD302 Phase 3 Study of Aducanumab (BIIB037) in Early Alzheimer's Disease,0.671,OK
ANTIAMYLOID_AD_NMA_REVIEW.html,NCT03443973,GRADUATE I,1961,975,,Safety and Efficacy Study of Gantenerumab in Participants With Early Alzheimer's,2.011,OUTLIER
ANTIAMYLOID_AD_NMA_REVIEW.html,NCT03444870,GRADUATE II,1958,1053,,Efficacy and Safety Study of Gantenerumab in Participants With Early Alzheimer's,1.859,OUTLIER
ANTIAMYLOID_AD_NMA_REVIEW.html,NCT01900665,EXPEDITION 3,2129,2129,EXPEDITION 3,Progress of Mild Alzheimer's Disease in Participants on Solanezumab Versus Place,1.0,OK
ANTIAMYLOID_AD_REVIEW.html,NCT03887455,Clarity-AD,1795,1906,Clarity AD,A Study to Confirm Safety and Efficacy of Lecanemab in Participants With Early A,0.942,OK
ANTIAMYLOID_AD_REVIEW.html,NCT04437511,TRAILBLAZER-ALZ2,1736,1736,,A Study of Donanemab (LY3002813) in Participants With Early Alzheimer's Disease ,1.0,OK
ANTIAMYLOID_AD_REVIEW.html,NCT02477800,EMERGE,1095,1653,ENGAGE,221AD301 Phase 3 Study of Aducanumab (BIIB037) in Early Alzheimer's Disease,0.662,OK
ANTIAMYLOID_AD_REVIEW.html,NCT02484547,ENGAGE,1103,1643,EMERGE,221AD302 Phase 3 Study of Aducanumab (BIIB037) in Early Alzheimer's Disease,0.671,OK
ANTIPSYCHOTICS_SCHIZO_NMA_REVIEW.html,NCT01414205,Olanzapine-Pivotal,440,80,,A Study Comparing Obinutuzumab (RO5072759; GA101) 1000 Milligram (mg) Versus 200,5.5,OUTLIER
ANTIPSYCHOTICS_SCHIZO_NMA_REVIEW.html,NCT01414492,Risperidone-Pivotal,160,,,404,,CTGOV_NOT_FOUND
ANTIPSYCHOTICS_SCHIZO_NMA_REVIEW.html,NCT01414089,Quetiapine-Pivotal,457,,,404,,CTGOV_NOT_FOUND
ANTIPSYCHOTICS_SCHIZO_NMA_REVIEW.html,NCT01414725,Aripiprazole-Pivotal,317,100,,Core Stability Training in Multiple Sclerosis,3.17,OUTLIER
ANTIPSYCHOTICS_SCHIZO_NMA_REVIEW.html,NCT01414568,Ziprasidone-Pivotal,230,,,404,,CTGOV_NOT_FOUND
ANTIPSYCHOTICS_SCHIZO_NMA_REVIEW.html,NCT01414611,Paliperidone-Pivotal,568,,,404,,CTGOV_NOT_FOUND
ANTIPSYCHOTICS_SCHIZO_NMA_REVIEW.html,NCT01414350,Lurasidone-Pivotal,474,,,404,,CTGOV_NOT_FOUND
ANTIPSYCHOTICS_SCHIZO_NMA_REVIEW.html,NCT01414479,Haloperidol-Pivotal,406,,,404,,CTGOV_NOT_FOUND
ANTIVEGF_NAMD_NMA_REVIEW.html,NCT00509795,VIEW-1,608,1217,VIEW1,Vascular Endothelial Growth Factor VEGF Trap-Eye:Investigation of Efficacy and S,0.5,OK
ANTIVEGF_NAMD_NMA_REVIEW.html,NCT00637377,VIEW-2,597,1240,VIEW 2,Vascular Endothelial Growth Factor (VEGF) Trap-Eye: Investigation of Efficacy an,0.481,OK
ANTIVEGF_NAMD_NMA_REVIEW.html,NCT03823287,TENAYA,671,671,,A Study to Evaluate the Efficacy and Safety of Faricimab in Participants With Ne,1.0,OK
ANTIVEGF_NAMD_NMA_REVIEW.html,NCT03823300,LUCERNE,658,658,,A Study to Evaluate the Efficacy and Safety of Faricimab in Participants With Ne,1.0,OK
ANTIVEGF_NAMD_NMA_REVIEW.html,NCT04964089,PULSAR,671,557,DAYLIGHT,A Study to Evaluate the Efficacy and Safety of Intravitreal KSI-301 Compared Wit,1.205,OUTLIER
ANTIVEGF_NAMD_NMA_REVIEW.html,NCT02307682,HAWK,720,1775,HAWK,Efficacy and Safety of RTH258 Versus Aflibercept - Study 1,0.406,OK
ANTIVEGF_NAMD_NMA_REVIEW.html,NCT02434328,HARRIER,739,1048,HARRIER,Efficacy and Safety of RTH258 Versus Aflibercept - Study 2,0.705,OK
ANTIVEGF_NAMD_NMA_REVIEW.html,NCT00593450,CATT,570,1208,,Comparison of Age-related Macular Degeneration Treatments Trials: Lucentis-Avast,0.472,OK
ANTIVEGF_NAMD_NMA_REVIEW.html,NCT00784290,IVAN,610,35,,Phase I/II Study of TSU-68 for Advanced Hepatocellular Carcinoma,17.429,OUTLIER
ANTIVEGF_NAMD_NMA_REVIEW.html,NCT00056836,MARINA,478,720,,A Study to Evaluate rhuFab V2 in Subjects With Minimally Classic or Occult Subfo,0.664,OK
ANTIVEGF_NAMD_NMA_REVIEW.html,NCT00061594,ANCHOR,283,426,,A Study to Compare rhuFab V2 With Verteporfin Photodynamic in Treating Subfoveal,0.664,OK
ARPI_mHSPC_REVIEW.html,NCT02677896,ARCHES,1150,1150,ARCHES,A Study of Enzalutamide Plus Androgen Deprivation Therapy (ADT) Versus Placebo P,1.0,OK
ARPI_mHSPC_REVIEW.html,NCT02446405,ENZAMET,1125,1125,ENZAMET,Enzalutamide in First Line Androgen Deprivation Therapy for Metastatic Prostate ,1.0,OK
ARPI_mHSPC_REVIEW.html,NCT02489318,TITAN,1052,1052,TITAN,"A Study of Apalutamide (JNJ-56021927, ARN-509) Plus Androgen Deprivation Therapy",1.0,OK
ARPI_mHSPC_REVIEW.html,NCT02799602,ARASENS,1305,1306,ARASENS,Darolutamide in Addition to Standard Androgen Deprivation Therapy and Docetaxel ,0.999,OK
ARPI_mHSPC_REVIEW.html,NCT01715285,LATITUDE,1199,1209,,A Study of Abiraterone Acetate Plus Low-Dose Prednisone Plus Androgen Deprivatio,0.992,OK
ARPI_NMCRPC_REVIEW.html,NCT01946204,SPARTAN,1207,1207,SPARTAN,A Study of Apalutamide (ARN-509) in Men With Non-Metastatic Castration-Resistant,1.0,OK
ARPI_NMCRPC_REVIEW.html,NCT02003924,PROSPER,1401,1401,PROSPER,Safety and Efficacy Study of Enzalutamide in Patients With Nonmetastatic Castrat,1.0,OK
ARPI_NMCRPC_REVIEW.html,NCT02200614,ARAMIS,1509,1509,ARAMIS,Efficacy and Safety Study of Darolutamide (ODM-201) in Men With High-risk Non-me,1.0,OK
ATOPIC_DERM_NMA_REVIEW.html,NCT02277743,SOLO-1-Dupi,448,671,SOLO 1,Study of Dupilumab Monotherapy Administered to Adult Patients With Moderate-to-S,0.668,OK
ATOPIC_DERM_NMA_REVIEW.html,NCT03131648,ECZTRA-1,500,802,ECZTRA 1,Tralokinumab Monotherapy for Moderate to Severe Atopic Dermatitis - ECZTRA 1 (EC,0.623,OK
ATOPIC_DERM_NMA_REVIEW.html,NCT04146363,ADvocate1,424,424,,Evaluation of the Efficacy and Safety of Lebrikizumab (LY3650150) in Moderate to,1.0,OK
ATOPIC_DERM_NMA_REVIEW.html,NCT03985943,ARCADIA-1,614,941,,Efficacy and Safety of Nemolizumab in Subjects With Moderate-to-Severe Atopic De,0.652,OK
ATOPIC_DERM_NMA_REVIEW.html,NCT03349060,JADE-MONO-1,231,387,JADE Mono-1,Study to Evaluate Efficacy and Safety of PF-04965842 in Subjects Aged 12 Years A,0.597,OK
ATOPIC_DERM_NMA_REVIEW.html,NCT03569293,MeasureUp-1,422,912,Measure Up 1,Evaluation of Upadacitinib in Adolescent and Adult Patients With Moderate to Sev,0.463,OK
ATOPIC_DERM_NMA_REVIEW.html,NCT03334396,BREEZE-AD1,498,660,BREEZE-AD1,A Study of Baricitinib (LY3009104) in Patients With Moderate to Severe Atopic De,0.755,OK
ATTR_CM_NMA_REVIEW.html,NCT01994889,ATTR-ACT,441,441,ATTR-ACT,Safety and Efficacy of Tafamidis in Patients With Transthyretin Cardiomyopathy,1.0,OK
ATTR_CM_NMA_REVIEW.html,NCT04153149,HELIOS-B,655,655,,HELIOS-B: A Study to Evaluate Vutrisiran in Patients With Transthyretin Amyloido,1.0,OK
ATTR_CM_NMA_REVIEW.html,NCT03860935,ATTRibute-CM,632,632,ATTRibute-CM,Efficacy and Safety of AG10 in Subjects With Transthyretin Amyloid Cardiomyopath,1.0,OK
ATTR_PN_NMA_REVIEW.html,NCT01960348,APOLLO,225,225,,"APOLLO: The Study of an Investigational Drug, Patisiran (ALN-TTR02), for the Tre",1.0,OK
ATTR_PN_NMA_REVIEW.html,NCT03759379,HELIOS-A,199,164,,HELIOS-A: A Study of Vutrisiran (ALN-TTRSC02) in Patients With Hereditary Transt,1.213,OUTLIER
ATTR_PN_NMA_REVIEW.html,NCT04136184,NEURO-TTRansform,204,168,,NEURO-TTRansform: A Study to Evaluate the Efficacy and Safety of Eplontersen (Fo,1.214,OUTLIER
AVACINCAPTAD_GA_REVIEW.html,NCT02686658,GATHER-1,177,286,,Zimura in Participants With Geographic Atrophy Secondary to Dry Age-Related Macu,0.619,OK
AVACINCAPTAD_GA_REVIEW.html,NCT04435366,GATHER-2,448,448,,A Phase 3 Safety and Efficacy Study of Intravitreal Administration of Zimura (Co,1.0,OK
AZITHROMYCIN_CHILD_MORTALITY_REVIEW.html,NCT02047981,MORDOR-I,190000,190238,MORDORIMort,Mortality Reduction After Oral Azithromycin: Mortality Study,0.999,OK
AZITHROMYCIN_CHILD_MORTALITY_REVIEW.html,NCT02048007,MORDOR-II,100000,72000,MORDORMorb,Mortality Reduction After Oral Azithromycin: Morbidity Study,1.389,OUTLIER
AZITHROMYCIN_CHILD_MORTALITY_REVIEW.html,NCT04483725,AVENIR,90000,,,404,,CTGOV_NOT_FOUND
BELIMUMAB_SLE_REVIEW.html,NCT00424476,BLISS-52,418,865,BLISS-52,A Study of Belimumab in Subjects With Systemic Lupus Erythematosus (SLE),0.483,OK
BELIMUMAB_SLE_REVIEW.html,NCT00410384,BLISS-76,392,819,BLISS-76,A Study of Belimumab in Subjects With Systemic Lupus Erythematosus,0.479,OK
BELIMUMAB_SLE_REVIEW.html,NCT01484496,BLISS-SC,836,839,BLISS-SC,A Study of Belimumab Administered Subcutaneously in Subjects With Systemic Lupus,0.996,OK
BELIMUMAB_SLE_REVIEW.html,NCT01639339,BLISS-LN,446,448,BLISS-LN,Efficacy and Safety of Belimumab in Patients With Active Lupus Nephritis,0.996,OK
BIMEKIZUMAB_PSORIASIS_REVIEW.html,NCT03370133,BE-VIVID,404,567,BE VIVID,A Study to Evaluate the Efficacy and Safety of Bimekizumab Compared to Placebo a,0.713,OK
BIMEKIZUMAB_PSORIASIS_REVIEW.html,NCT03410992,BE-READY,435,435,BE READY,A Study With a Initial Treatment Period Followed by a Randomized-withdrawal Peri,1.0,OK
BIMEKIZUMAB_PSORIASIS_REVIEW.html,NCT03412747,BE-SURE,478,478,BE SURE,A Study to Evaluate the Efficacy and Safety of Bimekizumab in Adult Subjects Wit,1.0,OK
BIOLOGIC_ASTHMA_REVIEW.html,NCT01691521,MENSA,576,580,,Efficacy and Safety Study of Mepolizumab Adjunctive Therapy in Subjects With Sev,0.993,OK
BIOLOGIC_ASTHMA_REVIEW.html,NCT01914757,CALIMA,487,2508,,Efficacy and Safety Study of Benralizumab in Adults and Adolescents Inadequately,0.194,OUTLIER
BIOLOGIC_ASTHMA_REVIEW.html,NCT02414854,QUEST,952,1902,,Evaluation of Dupilumab in Patients With Persistent Asthma (Liberty Asthma Quest,0.501,OK
BIOLOGIC_ASTHMA_REVIEW.html,NCT03347279,NAVIGATOR,1059,1061,NAVIGATOR,Study to Evaluate Tezepelumab in Adults & Adolescents With Severe Uncontrolled A,0.998,OK
BPAL_MDRTB_REVIEW.html,NCT02589782,TB-PRACTECAL,251,552,TB-PRACTECAL,Pragmatic Clinical Trial for a More Effective Concise and Less Toxic MDR-TB Trea,0.455,OK
BPAL_MDRTB_REVIEW.html,NCT02409290,STREAM-2,409,588,STREAM,The Evaluation of a Standard Treatment Regimen of Anti-tuberculosis Drugs for Pa,0.696,OK
BPAL_MDRTB_REVIEW.html,NCT02754765,endTB-MDR,306,754,endTB,Evaluating Newly Approved Drugs for Multidrug-resistant TB,0.406,OK
BTKI_CLL_NMA_REVIEW.html,NCT02475681,ELEVATE-TN,356,535,ElevateTN,"Acalabrutinib, Obinutuzumab and Chlorambucil in Treatment naïve CLL",0.665,OK
BTKI_CLL_NMA_REVIEW.html,NCT02477696,ELEVATE-RR,533,533,,Study of Acalabrutinib (ACP-196) Versus Ibrutinib in Previously Treated Particip,1.0,OK
BTKI_CLL_NMA_REVIEW.html,NCT03734016,ALPINE,652,652,ALPINE,A Study of Zanubrutinib (BGB-3111) Versus Ibrutinib in Participants With Relapse,1.0,OK
BTKI_CLL_NMA_REVIEW.html,NCT01722487,RESONATE-2,269,269,,Open-label Phase 3 BTK Inhibitor Ibrutinib vs Chlorambucil Patients 65 Years or ,1.0,OK
BTKI_CLL_NMA_REVIEW.html,NCT03336333,SEQUOIA,479,590,SEQUOIA,A Study Comparing Zanubrutinib With Bendamustine Plus Rituximab in Participants ,0.812,OK
BTKI_CLL_NMA_REVIEW.html,NCT01578707,RESONATE,391,391,RESONATE™,A Phase 3 Study of Ibrutinib (PCI-32765) Versus Ofatumumab in Patients With Rela,1.0,OK
BTKI_CLL_NMA_REVIEW.html,NCT02970318,ASCEND,310,310,,A Study of Acalabrutinib vs Investigator's Choice of Idelalisib Plus Rituximab o,1.0,OK
CAB_PREP_HIV_REVIEW.html,NCT02720094,HPTN 083,4566,4570,,Injectable Cabotegravir Compared to TDF/FTC For PrEP in HIV-Uninfected Men and T,0.999,OK
CAB_PREP_HIV_REVIEW.html,NCT03164564,HPTN 084,3224,3224,,Evaluating the Safety and Efficacy of Long-Acting Injectable Cabotegravir Compar,1.0,OK
CABOTEGRAVIR_HIV_ART_REVIEW.html,NCT02951052,ATLAS,616,618,,"Study Evaluating the Efficacy, Safety, and Tolerability of Switching to Long-act",0.997,OK
CABOTEGRAVIR_HIV_ART_REVIEW.html,NCT02938520,FLAIR,566,631,,"Study to Evaluate the Efficacy, Safety, and Tolerability of Long-acting Intramus",0.897,OK
CABOTEGRAVIR_HIV_ART_REVIEW.html,NCT03299049,ATLAS-2M,1045,1049,ATLAS-2M,"Efficacy, Safety and Tolerability Study of Long-acting Cabotegravir Plus Long-ac",0.996,OK
CANGRELOR_PCI_REVIEW.html,NCT00305162,CHAMPION-PCI,8925,8882,PCI,A Clinical Trial to Demonstrate the Efficacy of Cangrelor,1.005,OK
CANGRELOR_PCI_REVIEW.html,NCT00385138,CHAMPION-PLATFORM,5295,5364,Platform,Cangrelor Versus Standard Therapy to Achieve Optimal Management of Platelet Inhi,0.987,OK
CANGRELOR_PCI_REVIEW.html,NCT01156571,CHAMPION-PHOENIX,10942,11145,CHAMPION,A Clinical Trial Comparing Cangrelor to Clopidogrel Standard Therapy in Subjects,0.982,OK
CAPIVASERTIB_BC_REVIEW.html,NCT04305496,CAPItello-291,708,818,CAPItello-291,Capivasertib+Fulvestrant vs Placebo+Fulvestrant as Treatment for Locally Advance,0.866,OK
CARDIORENAL_DKD_NMA_REVIEW.html,NCT02540993,FIDELIO-DKD,5674,5734,FIDELIO-DKD,Efficacy and Safety of Finerenone in Subjects With Type 2 Diabetes Mellitus and ,0.99,OK
CARDIORENAL_DKD_NMA_REVIEW.html,NCT02545049,FIGARO-DKD,7352,7352,FIGARO-DKD,Efficacy and Safety of Finerenone in Subjects With Type 2 Diabetes Mellitus and ,1.0,OK
CARDIORENAL_DKD_NMA_REVIEW.html,NCT02065791,CREDENCE,4401,4401,CREDENCE,Evaluation of the Effects of Canagliflozin on Renal and Cardiovascular Outcomes ,1.0,OK
CARDIORENAL_DKD_NMA_REVIEW.html,NCT03036150,DAPA-CKD,4304,4304,Dapa-CKD,A Study to Evaluate the Effect of Dapagliflozin on Renal Outcomes and Cardiovasc,1.0,OK
CARDIORENAL_DKD_NMA_REVIEW.html,NCT03594110,EMPA-KIDNEY,6609,6609,,EMPA-KIDNEY (The Study of Heart and Kidney Protection With Empagliflozin),1.0,OK
CARDIORENAL_DKD_NMA_REVIEW.html,NCT03819153,FLOW,3533,3533,FLOW,A Research Study to See How Semaglutide Works Compared to Placebo in People With,1.0,OK
CART_DLBCL_REVIEW.html,NCT03391466,ZUMA-7,359,359,ZUMA-7,Study of Effectiveness of Axicabtagene Ciloleucel Compared to Standard of Care T,1.0,OK
CART_DLBCL_REVIEW.html,NCT03575351,TRANSFORM,184,184,TRANSFORM,A Study to Compare the Efficacy and Safety of JCAR017 to Standard of Care in Adu,1.0,OK
CART_DLBCL_REVIEW.html,NCT03570892,BELINDA,322,330,BELINDA,Tisagenlecleucel in Adult Patients With Aggressive B-cell Non-Hodgkin Lymphoma,0.976,OK
CART_MM_REVIEW.html,NCT04181827,CARTITUDE-4,419,419,CARTITUDE-4,"A Study Comparing JNJ-68284528, a CAR-T Therapy Directed Against B-cell Maturati",1.0,OK
CART_MM_REVIEW.html,NCT03651128,KarMMa-3,386,381,KarMMa-3,Efficacy and Safety Study of bb2121 Versus Standard Regimens in Subjects With Re,1.013,OK
CBD_SEIZURE_REVIEW.html,NCT02091375,GWPCARE1,120,120,,Antiepileptic Efficacy Study of GWP42003-P in Children and Young Adults With Dra,1.0,OK
CBD_SEIZURE_REVIEW.html,NCT02224690,GWPCARE2,132,171,GWPCARE4,A Study to Investigate the Efficacy and Safety of Cannabidiol (GWP42003-P; CBD) ,0.772,OK
CBD_SEIZURE_REVIEW.html,NCT02224560,GWPCARE3,149,225,GWPCARE3,Efficacy and Safety of GWP42003-P for Seizures Associated With Lennox-Gastaut Sy,0.662,OK
CBD_SEIZURE_REVIEW.html,NCT02224703,GWPCARE4,171,199,,GWPCARE2 A Study to Investigate the Efficacy and Safety of Cannabidiol (GWP42003,0.859,OK
CD_BIOLOGICS_NMA_REVIEW.html,NCT00055497,ACCENT-1,573,276,CLASSICII,"Remission in Subjects With Crohn's Disease, 1 Year Phase",2.076,OUTLIER
CD_BIOLOGICS_NMA_REVIEW.html,NCT00077779,CLASSIC-1,148,854,CHARM,Adalimumab for the Induction and Maintenance of Clinical Remission in Subjects W,0.173,OUTLIER
CD_BIOLOGICS_NMA_REVIEW.html,NCT00152490,PRECiSE-1,662,604,,A Study to Test the Effect of CDP870 in the Treatment of Crohn's Disease Over 26,1.096,OK
CD_BIOLOGICS_NMA_REVIEW.html,NCT01224171,GEMINI-2,368,416,GEMINI III,Study of Vedolizumab in Patients With Moderate to Severe Crohn's Disease,0.885,OK
CD_BIOLOGICS_NMA_REVIEW.html,NCT01369329,UNITI-1,496,769,,A Study to Evaluate the Safety and Efficacy of Ustekinumab in Patients With Mode,0.645,OK
CD_BIOLOGICS_NMA_REVIEW.html,NCT03105128,ADVANCE,547,931,,A Study of the Efficacy and Safety of Risankizumab in Participants With Moderate,0.588,OK
CD_BIOLOGICS_NMA_REVIEW.html,NCT03345849,U-EXCEL,483,526,U-EXCEL,A Study of the Efficacy and Safety of Upadacitinib in Participants With Moderate,0.918,OK
CDK46_MBC_REVIEW.html,NCT01740427,PALOMA-2,666,666,,A Study of Palbociclib (PD-0332991) + Letrozole vs. Letrozole For 1st Line Treat,1.0,OK
CDK46_MBC_REVIEW.html,NCT01958021,MONALEESA-2,668,668,MONALEESA-2,Study of Efficacy and Safety of LEE011 in Postmenopausal Women With Advanced Bre,1.0,OK
CDK46_MBC_REVIEW.html,NCT02246621,MONARCH-3,493,493,MONARCH 3,A Study of Nonsteroidal Aromatase Inhibitors Plus Abemaciclib (LY2835219) in Pos,1.0,OK
CFTR_CF_REVIEW.html,NCT00909220,STRIVE-CF,161,77,,Using Affective Differences to Predict Response to Behavioral Treatment for Majo,2.091,OUTLIER
CFTR_CF_REVIEW.html,NCT03525444,VX17-445-102,403,405,,A Phase 3 Study of VX-445 Combination Therapy in Subjects With Cystic Fibrosis H,0.995,OK
CFTR_CF_REVIEW.html,NCT03525548,VX17-445-103,403,113,,A Study of VX-445 Combination Therapy in CF Subjects Homozygous for F508del (F/F,3.566,OUTLIER
CFTR_MODULATORS_NMA_REVIEW.html,NCT01807923,TRAFFIC,553,559,TRAFFIC,A Study of Lumacaftor in Combination With Ivacaftor in Cystic Fibrosis Subjects ,0.989,OK
CFTR_MODULATORS_NMA_REVIEW.html,NCT02347657,EVOLVE,499,510,,"A Randomized, Double-Blind, Placebo-Controlled, Parallel-Group Study to Evaluate",0.978,OK
CFTR_MODULATORS_NMA_REVIEW.html,NCT03525444,VX18-445-102,403,405,,A Phase 3 Study of VX-445 Combination Therapy in Subjects With Cystic Fibrosis H,0.995,OK
CGRP_MIGRAINE_NMA_REVIEW.html,NCT02456740,STRIVE,635,955,STRIVE,Study to Evaluate the Efficacy and Safety of Erenumab (AMG 334) in Migraine Prev,0.665,OK
CGRP_MIGRAINE_NMA_REVIEW.html,NCT02629861,HALO-EM,584,875,,Efficacy and Safety of 2 Dose Regimens of TEV-48125 Versus Placebo for the Preve,0.667,OK
CGRP_MIGRAINE_NMA_REVIEW.html,NCT02614183,EVOLVE-1,638,862,EVOLVE-1,Evaluation of Galcanezumab in the Prevention of Episodic Migraine- the EVOLVE-1 ,0.74,OK
CGRP_MIGRAINE_NMA_REVIEW.html,NCT02559895,PROMISE-1,444,898,PROMISE 1,A Multicenter Assessment of ALD403 in Frequent Episodic Migraine,0.494,OK
CGRP_MIGRAINE_REVIEW.html,NCT02456740,STRIVE,953,955,STRIVE,Study to Evaluate the Efficacy and Safety of Erenumab (AMG 334) in Migraine Prev,0.998,OK
CGRP_MIGRAINE_REVIEW.html,NCT02614183,EVOLVE-1,858,862,EVOLVE-1,Evaluation of Galcanezumab in the Prevention of Episodic Migraine- the EVOLVE-1 ,0.995,OK
CGRP_MIGRAINE_REVIEW.html,NCT02629861,HALO-EM,875,875,,Efficacy and Safety of 2 Dose Regimens of TEV-48125 Versus Placebo for the Preve,1.0,OK
CHOLERA_OCV_REVIEW.html,NCT02027207,Single-Dose Shanchol Bangladesh,204438,204438,SCVB,"Single Dose Oral Cholera Vaccine Study in Dhaka, Bangladesh",1.0,OK
COLCHICINE_CVD_REVIEW.html,NCT02551094,COLCOT,4745,4745,COLCOT,Colchicine Cardiovascular Outcomes Trial (COLCOT),1.0,OK
COLCHICINE_CVD_REVIEW.html,NCT03048825,CLEAR SYNERGY,7062,7264,CLEAR SYNERGY,Colchicine and Spironolactone in Patients with MI / SYNERGY Stent Registry,0.972,OK
COLCHICINE_CVD_REVIEW.html,NCT02898610,CONVINCE,3144,3154,CONVINCE,Colchicine for Prevention of Vascular Inflammation in Non-cardio Embolic Stroke,0.997,OK
COPD_TRIPLE_REVIEW.html,NCT02164513,IMPACT,8285,10355,,"A Study Comparing the Efficacy, Safety and Tolerability of Fixed Dose Combinatio",0.8,OK
COPD_TRIPLE_REVIEW.html,NCT02465567,ETHOS,4257,8588,,Study to Assess the Efficacy and Safety of PT010 Relative to PT003 and PT009 in ,0.496,OK
COPD_TRIPLE_REVIEW.html,NCT02497001,KRONOS,1264,1902,KRONOS,"A Randomized, Double-Blind, Parallel-Group, 24-Week, Chronic-Dosing, Multi-Cente",0.665,OK
COVID_ORAL_ANTIVIRALS_REVIEW.html,NCT04960202,EPIC-HR,1379,2091,,EPIC-HR: Study of Oral PF-07321332/Ritonavir Compared With Placebo in Nonhospita,0.659,OK
COVID_ORAL_ANTIVIRALS_REVIEW.html,NCT04575597,MOVe-OUT,1408,1735,,Efficacy and Safety of Molnupiravir (MK-4482) in Non-Hospitalized Adult Particip,0.812,OK
DELANDISTROGENE_DMD_REVIEW.html,NCT05096221,EMBARK,125,126,EMBARK,A Gene Transfer Therapy Study to Evaluate the Safety and Efficacy of Delandistro,0.992,OK
DOAC_AF_NMA_REVIEW.html,NCT00262600,RE-LY,12098,18113,,Randomized Evaluation of Long Term Anticoagulant Therapy (RE-LY) With Dabigatran,0.668,OK
DOAC_AF_NMA_REVIEW.html,NCT00403767,ROCKET-AF,14171,14269,,An Efficacy and Safety Study of Rivaroxaban With Warfarin for the Prevention of ,0.993,OK
DOAC_AF_NMA_REVIEW.html,NCT00412984,ARISTOTLE,18201,20976,ARISTOTLE,Apixaban for the Prevention of Stroke in Subjects With Atrial Fibrillation,0.868,OK
DOAC_AF_NMA_REVIEW.html,NCT00781391,ENGAGE-AF-TIMI-48,14071,21105,EngageAFTIMI48,Global Study to Assess the Safety and Effectiveness of Edoxaban (DU-176b) vs Sta,0.667,OK
DOAC_AF_REVIEW.html,NCT00262600,RE-LY,12098,18113,,Randomized Evaluation of Long Term Anticoagulant Therapy (RE-LY) With Dabigatran,0.668,OK
DOAC_AF_REVIEW.html,NCT00403767,ROCKET-AF,14171,14269,,An Efficacy and Safety Study of Rivaroxaban With Warfarin for the Prevention of ,0.993,OK
DOAC_AF_REVIEW.html,NCT00412984,ARISTOTLE,18201,20976,ARISTOTLE,Apixaban for the Prevention of Stroke in Subjects With Atrial Fibrillation,0.868,OK
DOAC_AF_REVIEW.html,NCT00781391,ENGAGE AF-TIMI 48,14071,21105,EngageAFTIMI48,Global Study to Assess the Safety and Effectiveness of Edoxaban (DU-176b) vs Sta,0.667,OK
DOAC_VTE_NMA_REVIEW.html,NCT00291330,RE-COVER,2539,2564,RE-COVER I,Efficacy and Safety of Dabigatran Compared to Warfarin for 6 Month Treatment of ,0.99,OK
DOAC_VTE_NMA_REVIEW.html,NCT00440193,EINSTEIN-DVT,3449,3449,,Oral Direct Factor Xa Inhibitor Rivaroxaban in Patients With Acute Symptomatic D,1.0,OK
DOAC_VTE_NMA_REVIEW.html,NCT00643201,AMPLIFY,5395,5614,,Efficacy and Safety Study of Apixaban for the Treatment of Deep Vein Thrombosis ,0.961,OK
DOAC_VTE_NMA_REVIEW.html,NCT00986154,HOKUSAI-VTE,8240,8292,,Comparative Investigation of Low Molecular Weight (LMW) Heparin/Edoxaban Tosylat,0.994,OK
DOLUTEGRAVIR_ART_SSA_REVIEW.html,NCT03122262,ADVANCE,702,1110,ADVANCE,ADVANCE Study of DTG + TAF + FTC vs DTG + TDF + FTC and EFV + TDF+FTC in First-l,0.632,OK
DOLUTEGRAVIR_ART_SSA_REVIEW.html,NCT02777229,NAMSAL,613,616,NAMSAL,Efficacy and Safety of a Dolutegravir-based Regimen for the Initial Management o,0.995,OK
DOLUTEGRAVIR_ART_SSA_REVIEW.html,NCT03048422,IMPAACT 2010,428,643,VESTED,Evaluating the Efficacy and Safety of Dolutegravir-Containing Versus Efavirenz-C,0.666,OK
DONANEMAB_AD_SOLO_REVIEW.html,NCT04437511,TRAILBLAZER-ALZ 2,1736,1736,,A Study of Donanemab (LY3002813) in Participants With Early Alzheimer's Disease ,1.0,OK
DORAVIRINE_HIV_REVIEW.html,NCT02403674,DRIVE-AHEAD,728,734,DRIVE-AHEAD,"Comparison of Doravirine, Tenofovir, Lamivudine (MK-1439A) and ATRIPLA™ in Treat",0.992,OK
DORAVIRINE_HIV_REVIEW.html,NCT02275780,DRIVE-FORWARD,766,769,DRIVE-FORWARD,Safety and Efficacy of Doravirine (MK-1439) in Participants With Human Immunodef,0.996,OK
DORAVIRINE_HIV_REVIEW.html,NCT02397096,DRIVE-SHIFT,670,673,DRIVE-SHIFT,"Safety and Efficacy of a Switch to Doravirine, Tenofovir, Lamivudine (MK-1439A) ",0.996,OK
DUPILUMAB_AD_REVIEW.html,NCT02277743,SOLO-1,448,671,SOLO 1,Study of Dupilumab Monotherapy Administered to Adult Patients With Moderate-to-S,0.668,OK
DUPILUMAB_AD_REVIEW.html,NCT02277769,SOLO-2,469,708,SOLO 2,Study of Dupilumab (REGN668/SAR231893) Monotherapy Administered to Adult Patient,0.662,OK
DUPILUMAB_AD_REVIEW.html,NCT02260986,CHRONOS,634,740,CHRONOS,Study to Assess the Efficacy and Long-term Safety of Dupilumab (REGN668/SAR23189,0.857,OK
DUPILUMAB_COPD_REVIEW.html,NCT03930732,BOREAS,939,939,BOREAS,"Pivotal Study to Assess the Efficacy, Safety and Tolerability of Dupilumab in Pa",1.0,OK
DUPILUMAB_COPD_REVIEW.html,NCT04456673,NOTUS,935,935,NOTUS,"Pivotal Study to Assess the Efficacy, Safety and Tolerability of Dupilumab in Pa",1.0,OK
EFGARTIGIMOD_MG_REVIEW.html,NCT03669588,ADAPT,167,167,ADAPT,An Efficacy and Safety Study of ARGX-113 in Patients With Myasthenia Gravis Who ,1.0,OK
ELACESTRANT_BC_REVIEW.html,NCT03778931,EMERALD,478,478,EMERALD,Phase 3 Trial of Elacestrant Versus Standard of Care for the Treatment of ER+/HE,1.0,OK
ENSIFENTRINE_COPD_REVIEW.html,NCT04535986,ENHANCE-1,760,763,,A Phase 3 Clinical Trial to Evaluate the Safety and Efficacy of Ensifentrine in ,0.996,OK
ENSIFENTRINE_COPD_REVIEW.html,NCT04542057,ENHANCE-2,789,790,,A Phase 3 Trial to Evaluate the Safety and Efficacy of Ensifentrine in Patients ,0.999,OK
ESKETAMINE_TRD_REVIEW.html,NCT02418585,TRANSFORM-2,223,236,TRANSFORM-2,"A Study to Evaluate the Efficacy, Safety, and Tolerability of Flexible Doses of ",0.945,OK
ESKETAMINE_TRD_REVIEW.html,NCT02422186,TRANSFORM-3,137,139,TRANSFORM-3,"A Study to Evaluate the Efficacy, Safety, and Tolerability of Intranasal Esketam",0.986,OK
ETRASIMOD_UC_REVIEW.html,NCT03945188,ELEVATE UC 52,433,433,ELEVATE UC 52,Etrasimod Versus Placebo for the Treatment of Moderately to Severely Active Ulce,1.0,OK
ETRASIMOD_UC_REVIEW.html,NCT03996369,ELEVATE UC 12,354,354,ELEVATE UC 12,Etrasimod Versus Placebo as Induction Therapy in Moderately to Severely Active U,1.0,OK
EVT_BASILAR_REVIEW.html,NCT04751708,ATTENTION,340,340,,Endovascular Treatment for Acute Basilar Artery Occlusion,1.0,OK
EVT_BASILAR_REVIEW.html,NCT02737189,BAOCHE,217,217,,Basilar Artery Occlusion Chinese Endovascular Trial,1.0,OK
EVT_BASILAR_REVIEW.html,NCT01717755,BASICS,300,282,BASICS,Basilar Artery International Cooperation Study,1.064,OK
EVT_EXTENDED_WINDOW_REVIEW.html,NCT02142283,DAWN,206,206,DAWN,Clinical Mismatch in the Triage of Wake Up and Late Presenting Strokes Undergoin,1.0,OK
EVT_EXTENDED_WINDOW_REVIEW.html,NCT02586415,DEFUSE 3,207,182,DEFUSE 3,Endovascular Therapy Following Imaging Evaluation for Ischemic Stroke 3,1.137,OUTLIER
EVT_EXTENDED_WINDOW_REVIEW.html,NCT03098355,MR CLEAN-LATE,502,0,,Interleukin-2 Following 4SCAR19/22 T Cells Targeting Refractory and/or Recurrent B Cell Malignancies,,CTGOV_NO_ENROLLMENT
EVT_LARGECORE_REVIEW.html,NCT03702413,RESCUE-Japan LIMIT,202,203,,Randomized Controlled Trial of Endovascular Therapy for Acute Large Vessel Occlu,0.995,OK
EVT_LARGECORE_REVIEW.html,NCT04551664,ANGEL-ASPECT,455,456,ANGEL-ASPECT,Study of Endovascular Therapy in Acute Anterior Circulation Large Vessel Occlusi,0.998,OK
EVT_LARGECORE_REVIEW.html,NCT03876457,SELECT2,350,352,SELECT2,SELECT2: A Randomized Controlled Trial to Optimize Patient's Selection for Endov,0.994,OK
EVT_LARGECORE_REVIEW.html,NCT03094715,TENSION,253,253,Tension,Efficacy and Safety of Thrombectomy in Stroke With Extended Lesion and Extended ,1.0,OK
EVT_LARGECORE_REVIEW.html,NCT05562076,LASTE,333,224,PINTO,Clinical Study of Focal Implant Used for Lower Extremity Post-angioplasty Dissec,1.487,OUTLIER
EVT_LARGECORE_REVIEW.html,NCT03805308,TESLA,300,300,TESLA,The TESLA Trial: Thrombectomy for Emergent Salvage of Large Anterior Circulation,1.0,OK
FARICIMAB_NAMD_REVIEW.html,NCT03823287,TENAYA,671,671,,A Study to Evaluate the Efficacy and Safety of Faricimab in Participants With Ne,1.0,OK
FARICIMAB_NAMD_REVIEW.html,NCT03823300,LUCERNE,658,658,,A Study to Evaluate the Efficacy and Safety of Faricimab in Participants With Ne,1.0,OK
FENFLURAMINE_SEIZURE_REVIEW.html,NCT02682927,Study 1 (Dravet),80,262,,A Trial of Two Fixed Doses of ZX008 (Fenfluramine HCl) in Children and Young Adu,0.305,OK
FENFLURAMINE_SEIZURE_REVIEW.html,NCT02826863,Study 2 (Dravet+stiripentol),87,262,,A Trial of Two Fixed Doses of ZX008 (Fenfluramine HCl) in Children and Young Adu,0.332,OK
FENFLURAMINE_SEIZURE_REVIEW.html,NCT03355209,LGS Study 1,174,296,,A Study to Investigate the Efficacy and Safety of ZX008 (Fenfluramine Hydrochlor,0.588,OK
FEZOLINETANT_VMS_REVIEW.html,NCT04003155,SKYLIGHT-1,349,527,Skylight 1,A Study to Find Out if Fezolinetant Helps Reduce Moderate to Severe Hot Flashes ,0.662,OK
FEZOLINETANT_VMS_REVIEW.html,NCT04003142,SKYLIGHT-2,334,501,Skylight 2,A Study to Find Out if Fezolinetant Helps Reduce Moderate to Severe Hot Flashes ,0.667,OK
FINERENONE_REVIEW.html,NCT02540993,FIDELIO-DKD,5674,5734,FIDELIO-DKD,Efficacy and Safety of Finerenone in Subjects With Type 2 Diabetes Mellitus and ,0.99,OK
FINERENONE_REVIEW.html,NCT02545049,FIGARO-DKD,7352,7352,FIGARO-DKD,Efficacy and Safety of Finerenone in Subjects With Type 2 Diabetes Mellitus and ,1.0,OK
FINERENONE_REVIEW.html,NCT04435626,FINEARTS-HF,6001,6016,FINEARTS-HF,Study to Evaluate the Efficacy (Effect on Disease) and Safety of Finerenone in P,0.998,OK
FRAGILITY_FRACTURE_NMA_REVIEW.html,NCT01631214,ARCH,4093,4093,ARCH,Study to Determine the Efficacy and Safety of Romosozumab in the Treatment of Po,1.0,OK
FRAGILITY_FRACTURE_NMA_REVIEW.html,NCT01575834,FRAME,7180,7180,FRAME,Efficacy and Safety of Romosozumab Treatment in Postmenopausal Women With Osteop,1.0,OK
FRAGILITY_FRACTURE_NMA_REVIEW.html,NCT00321620,ACTIVE,1645,1904,,Study of Denosumab vs. Zoledronic Acid to Treat Bone Metastases in Men With Horm,0.864,OK
FRAGILITY_FRACTURE_NMA_REVIEW.html,NCT00089791,FREEDOM,7808,7808,,A Study to Evaluate Denosumab in the Treatment of Postmenopausal Osteoporosis,1.0,OK
FRAGILITY_FRACTURE_NMA_REVIEW.html,NCT00077428,VERT,388,37,,Bortezomib Followed by the Addition of Doxorubicin at Disease Progression in Tre,10.486,OUTLIER
GLP1_CVOT_NMA_REVIEW.html,NCT01179048,LEADER,9340,9341,LEADER®,Liraglutide Effect and Action in Diabetes: Evaluation of Cardiovascular Outcome ,1.0,OK
GLP1_CVOT_NMA_REVIEW.html,NCT01720446,SUSTAIN-6,3297,3297,SUSTAIN™ 6,Trial to Evaluate Cardiovascular and Other Long-term Outcomes With Semaglutide i,1.0,OK
GLP1_CVOT_NMA_REVIEW.html,NCT01394952,REWIND,9901,9901,REWIND,Researching Cardiovascular Events With a Weekly Incretin in Diabetes (REWIND),1.0,OK
GLP1_CVOT_NMA_REVIEW.html,NCT02692716,PIONEER-6,3183,3183,PIONEER 6,A Trial Investigating the Cardiovascular Safety of Oral Semaglutide in Subjects ,1.0,OK
GLP1_CVOT_NMA_REVIEW.html,NCT01147250,ELIXA,6068,6068,ELIXA,Evaluation of Cardiovascular Outcomes in Patients With Type 2 Diabetes After Acu,1.0,OK
GLP1_CVOT_NMA_REVIEW.html,NCT02465515,HARMONY-Outcomes,9463,9463,,"Effect of Albiglutide, When Added to Standard Blood Glucose Lowering Therapies, ",1.0,OK
GLP1_CVOT_NMA_REVIEW.html,NCT01144338,EXSCEL,14752,14752,,Exenatide Study of Cardiovascular Event Lowering Trial (EXSCEL): A Trial To Eval,1.0,OK
GLP1_CVOT_NMA_REVIEW.html,NCT03496298,AMPLITUDE-O,4076,4076,AMPLITUDE-O,Effect of Efpeglenatide on Cardiovascular Outcomes,1.0,OK
GLP1_CVOT_REVIEW.html,NCT01147250,ELIXA,6068,6068,ELIXA,Evaluation of Cardiovascular Outcomes in Patients With Type 2 Diabetes After Acu,1.0,OK
GLP1_CVOT_REVIEW.html,NCT01179048,LEADER,9340,9341,LEADER®,Liraglutide Effect and Action in Diabetes: Evaluation of Cardiovascular Outcome ,1.0,OK
GLP1_CVOT_REVIEW.html,NCT01720446,SUSTAIN-6,3297,3297,SUSTAIN™ 6,Trial to Evaluate Cardiovascular and Other Long-term Outcomes With Semaglutide i,1.0,OK
GLP1_CVOT_REVIEW.html,NCT01144338,EXSCEL,14752,14752,,Exenatide Study of Cardiovascular Event Lowering Trial (EXSCEL): A Trial To Eval,1.0,OK
GLP1_CVOT_REVIEW.html,NCT02465515,HARMONY Outcomes,9463,9463,,"Effect of Albiglutide, When Added to Standard Blood Glucose Lowering Therapies, ",1.0,OK
GLP1_CVOT_REVIEW.html,NCT01394952,REWIND,9901,9901,REWIND,Researching Cardiovascular Events With a Weekly Incretin in Diabetes (REWIND),1.0,OK
GLP1_CVOT_REVIEW.html,NCT02692716,PIONEER 6,3183,3183,PIONEER 6,A Trial Investigating the Cardiovascular Safety of Oral Semaglutide in Subjects ,1.0,OK
GLP1_CVOT_REVIEW.html,NCT03574597,SELECT,17604,17604,SELECT,Semaglutide Effects on Heart Disease and Stroke in Patients With Overweight or O,1.0,OK
GLP1_CVOT_REVIEW.html,NCT03496298,AMPLITUDE-O,4076,4076,AMPLITUDE-O,Effect of Efpeglenatide on Cardiovascular Outcomes,1.0,OK
GLP1_CVOT_REVIEW.html,NCT03914326,SOUL,9650,9651,SOUL,A Heart Disease Study of Semaglutide in Patients With Type 2 Diabetes,1.0,OK
GLP1_MASH_NMA_REVIEW.html,NCT04822181,ESSENCE,1067,1205,ESSENCE,Research Study on Whether Semaglutide Works in People With Non-alcoholic Steatoh,0.885,OK
GLP1_MASH_NMA_REVIEW.html,NCT04166773,SYNERGY-NASH,129,190,SYNERGY-NASH,A Study of Tirzepatide (LY3298176) in Participants With Nonalcoholic Steatohepat,0.679,OK
GLP1_MASH_NMA_REVIEW.html,NCT02970942,Newsome NAFLD,160,320,,Investigation of Efficacy and Safety of Three Dose Levels of Subcutaneous Semagl,0.5,OK
HCC_1L_NMA_REVIEW.html,NCT03434379,IMbrave150,501,558,IMbrave150,A Study of Atezolizumab in Combination With Bevacizumab Compared With Sorafenib ,0.898,OK
HCC_1L_NMA_REVIEW.html,NCT03298451,HIMALAYA,782,1324,HIMALAYA,Study of Durvalumab and Tremelimumab as First-line Treatment in Patients With Ad,0.591,OK
HCC_1L_NMA_REVIEW.html,NCT04039607,CheckMate 9DW,668,732,CheckMate 9DW,A Study of Nivolumab in Combination With Ipilimumab in Participants With Advance,0.913,OK
HCC_1L_NMA_REVIEW.html,NCT03713593,LEAP-002,794,794,,Safety and Efficacy of Lenvatinib (E7080/MK-7902) in Combination With Pembrolizu,1.0,OK
HER2_LOW_ADC_NMA_REVIEW.html,NCT03734029,DESTINY-Breast04,557,557,,Trastuzumab Deruxtecan (DS-8201a) Versus Investigator's Choice for HER2-low Brea,1.0,OK
HER2_LOW_ADC_NMA_REVIEW.html,NCT04494425,DESTINY-Breast06,866,866,DB-06,Study of Trastuzumab Deruxtecan (T-DXd) vs Investigator's Choice Chemotherapy in,1.0,OK
HER2_LOW_ADC_NMA_REVIEW.html,NCT03901339,TROPiCS-02,543,543,TROPiCS-02,Study of Sacituzumab Govitecan-hziy Versus Treatment of Physician's Choice in Pa,1.0,OK
HER2_LOW_ADC_NMA_REVIEW.html,NCT05374512,TROPION-Breast01,732,644,,A Study of Dato-DXd Versus Investigator's Choice Chemotherapy in Patients With L,1.137,OUTLIER
HF_QUADRUPLE_NMA_REVIEW.html,NCT03036124,DAPA-HF,4744,4744,DAPA-HF,Study to Evaluate the Effect of Dapagliflozin on the Incidence of Worsening Hear,1.0,OK
HF_QUADRUPLE_NMA_REVIEW.html,NCT03057977,EMPEROR-Reduced,3730,3730,,EMPagliflozin outcomE tRial in Patients With chrOnic heaRt Failure With Reduced ,1.0,OK
HF_QUADRUPLE_NMA_REVIEW.html,NCT03619213,DELIVER,6263,6263,DELIVER,Dapagliflozin Evaluation to Improve the LIVEs of Patients With PReserved Ejectio,1.0,OK
HF_QUADRUPLE_NMA_REVIEW.html,NCT03057951,EMPEROR-Preserved,5988,5988,,EMPagliflozin outcomE tRial in Patients With chrOnic heaRt Failure With Preserve,1.0,OK
HF_QUADRUPLE_NMA_REVIEW.html,NCT01035255,PARADIGM-HF,8399,8442,PARADIGM-HF,This Study Will Evaluate the Efficacy and Safety of LCZ696 Compared to Enalapril,0.995,OK
HF_QUADRUPLE_NMA_REVIEW.html,NCT04435626,FINEARTS-HF,6004,6016,FINEARTS-HF,Study to Evaluate the Efficacy (Effect on Disease) and Safety of Finerenone in P,0.998,OK
HIFPH_CKD_ANEMIA_REVIEW.html,NCT02879305,ASCEND-D,2964,2964,,Anemia Studies in Chronic Kidney Disease: Erythropoiesis Via a Novel Prolyl Hydr,1.0,OK
HIFPH_CKD_ANEMIA_REVIEW.html,NCT02876835,ASCEND-ND,3872,3872,,Anemia Studies in Chronic Kidney Disease: Erythropoiesis Via a Novel Prolyl Hydr,1.0,OK
HIFPH_CKD_ANEMIA_REVIEW.html,NCT02648347,PRO2TECT,3476,1751,,Study to Evaluate Vadadustat for the Correction of Anemia in Participants With N,1.985,OUTLIER
HIFPH_CKD_ANEMIA_REVIEW.html,NCT02865850,INNO2VATE,3923,369,,Efficacy and Safety Study to Evaluate Vadadustat for the Correction or Maintenan,10.631,OUTLIER
HIFPH_CKD_ANEMIA_REVIEW.html,NCT02052310,HIMALAYAS,1043,1043,Himalayas,Safety and Efficacy Study of Roxadustat (FG-4592) for the Treatment of Anemia in,1.0,OK
HIGH_EFFICACY_MS_REVIEW.html,NCT01247324,OPERA-I,821,821,,A Study of Ocrelizumab in Comparison With Interferon Beta-1a (Rebif) in Particip,1.0,OK
HIGH_EFFICACY_MS_REVIEW.html,NCT01412333,OPERA-II,835,835,,A Study of Ocrelizumab in Comparison With Interferon Beta-1a (Rebif) in Particip,1.0,OK
HIGH_EFFICACY_MS_REVIEW.html,NCT02792218,ASCLEPIOS-I,946,930,ASCLEPIOS I,Efficacy and Safety of Ofatumumab Compared to Teriflunomide in Patients With Rel,1.017,OK
HIGH_EFFICACY_MS_REVIEW.html,NCT02792231,ASCLEPIOS-II,955,955,ASCLEPIOS II,Efficacy and Safety of Ofatumumab Compared to Teriflunomide in Patients With Rel,1.0,OK
HIV_ART_FIRSTLINE_NMA_REVIEW.html,NCT03122262,"ADVANCE DTG/TAF,ADVANCE DTG/TDF",702,1110,ADVANCE,ADVANCE Study of DTG + TAF + FTC vs DTG + TDF + FTC and EFV + TDF+FTC in First-l,0.632,OK
HIV_LA_PREP_NMA_REVIEW.html,NCT02720094,HPTN 083,4566,4570,,Injectable Cabotegravir Compared to TDF/FTC For PrEP in HIV-Uninfected Men and T,0.999,OK
HIV_LA_PREP_NMA_REVIEW.html,NCT03164564,HPTN 084,3224,3224,,Evaluating the Safety and Efficacy of Long-Acting Injectable Cabotegravir Compar,1.0,OK
HIV_LA_PREP_NMA_REVIEW.html,NCT04994509,PURPOSE-1,4270,5368,PURPOSE 1,Pre-Exposure Prophylaxis Study of Lenacapavir and Emtricitabine/Tenofovir Alafen,0.795,OK
HIV_LA_PREP_NMA_REVIEW.html,NCT04925752,PURPOSE-2,3265,3292,PURPOSE 2,Study of Lenacapavir for HIV Pre-Exposure Prophylaxis in People Who Are at Risk ,0.992,OK
HPV_DOSE_REDUCTION_NMA_REVIEW.html,NCT03675256,"KEN-SHE bivalent,KEN-SHE nonavalent",1518,2275,,The KEN SHE Study on HPV-vaccine Efficacy,0.667,OK
HPV_DOSE_REDUCTION_NMA_REVIEW.html,NCT02834637,DoRIS 1d-vs-3d bivalent,310,930,DoRIS,A Dose Reduction Immunobridging and Safety Study of Two HPV Vaccines in Tanzania,0.333,OK
IL23_PSA_NMA_REVIEW.html,NCT03675308,KEEPsAKE-1,964,964,KEEPsAKE 1,A Study Comparing Risankizumab to Placebo in Participants With Active Psoriatic ,1.0,OK
IL23_PSA_NMA_REVIEW.html,NCT03671148,KEEPsAKE-2,444,444,KEEPsAKE2,A Study Comparing Risankizumab to Placebo in Participants With Active Psoriatic ,1.0,OK
IL23_PSA_NMA_REVIEW.html,NCT03162796,DISCOVER-1,254,383,Discover-1,A Study Evaluating the Efficacy and Safety of Guselkumab Administered Subcutaneo,0.663,OK
IL23_PSA_NMA_REVIEW.html,NCT03158285,DISCOVER-2,492,741,,A Study Evaluating the Efficacy and Safety of Guselkumab Administered Subcutaneo,0.664,OK
IL23_PSORIASIS_REVIEW.html,NCT02207231,VOYAGE 1,503,837,VOYAGE 1,A Study of Guselkumab in the Treatment of Participants With Moderate to Severe P,0.601,OK
IL23_PSORIASIS_REVIEW.html,NCT02684370,UltIMMa-1,406,560,,BI 655066 (Risankizumab) Compared to Placebo and Active Comparator (Ustekinumab),0.725,OK
IL23_PSORIASIS_REVIEW.html,NCT01722331,reSURFACE 1,462,772,reSURFACE 1,"A Study to Evaluate the Efficacy and Safety of Subcutaneous MK-3222, Followed by",0.598,OK
IL_PSORIASIS_NMA_REVIEW.html,NCT02207231,VOYAGE 1,503,837,VOYAGE 1,A Study of Guselkumab in the Treatment of Participants With Moderate to Severe P,0.601,OK
IL_PSORIASIS_NMA_REVIEW.html,NCT02684370,UltIMMa-1,406,560,,BI 655066 (Risankizumab) Compared to Placebo and Active Comparator (Ustekinumab),0.725,OK
IL_PSORIASIS_NMA_REVIEW.html,NCT01474512,UNCOVER-1,864,1296,UNCOVER-1,A Phase 3 Study in Participants With Moderate to Severe Psoriasis,0.667,OK
IL_PSORIASIS_NMA_REVIEW.html,NCT01597245,UNCOVER-2,709,1224,UNCOVER-2,A Phase 3 Study in Participants With Moderate to Severe Psoriasis (UNCOVER-2),0.579,OK
IL_PSORIASIS_NMA_REVIEW.html,NCT01646177,UNCOVER-3,578,1346,UNCOVER-3,A Study in Participants With Moderate to Severe Psoriasis (UNCOVER-3),0.429,OK
IL_PSORIASIS_NMA_REVIEW.html,NCT01365455,ERASURE,493,738,ERASURE,Efficacy and Safety of Subcutaneous Secukinumab for Moderate to Severe Chronic P,0.668,OK
IL_PSORIASIS_NMA_REVIEW.html,NCT01358578,FIXTURE,646,1306,FIXTURE,Safety and Efficacy of Secukinumab Compared to Etanercept in Subjects With Moder,0.495,OK
IL_PSORIASIS_NMA_REVIEW.html,NCT03536884,BE RADIANT,743,743,BE RADIANT,A Study to Evaluate the Efficacy and Safety of Bimekizumab Compared to an Active,1.0,OK
IL_PSORIASIS_NMA_REVIEW.html,NCT03370133,BE VIVID,404,567,BE VIVID,A Study to Evaluate the Efficacy and Safety of Bimekizumab Compared to Placebo a,0.713,OK
IL_PSORIASIS_NMA_REVIEW.html,NCT03412747,BE SURE,478,478,BE SURE,A Study to Evaluate the Efficacy and Safety of Bimekizumab in Adult Subjects Wit,1.0,OK
IL_PSORIASIS_NMA_REVIEW.html,NCT02207162,VOYAGE 2,483,,,404,,CTGOV_NOT_FOUND
IL_PSORIASIS_NMA_REVIEW.html,NCT02694399,UltIMMa-2,392,,,404,,CTGOV_NOT_FOUND
IL_PSORIASIS_NMA_REVIEW.html,NCT01708590,AMAGINE-1,442,661,AMAGINE-1,"Efficacy, Safety, and Withdrawal and Retreatment With Brodalumab in Moderate to ",0.669,OK
IL_PSORIASIS_NMA_REVIEW.html,NCT01722331,reSURFACE-1,462,772,reSURFACE 1,"A Study to Evaluate the Efficacy and Safety of Subcutaneous MK-3222, Followed by",0.598,OK
IL_PSORIASIS_NMA_REVIEW.html,NCT01729754,reSURFACE-2,627,1090,reSURFACE 2,A Study to Evaluate the Efficacy and Safety/Tolerability of Subcutaneous Tildrak,0.575,OK
IL_PSORIASIS_NMA_REVIEW.html,NCT01708603,AMAGINE-2,1071,1831,AMAGINE-2,P3 Study Brodalumab in Treatment of Moderate to Severe Plaque Psoriasis,0.585,OK
IL_PSORIASIS_NMA_REVIEW.html,NCT02074982,CLEAR,668,676,,Efficacy of Secukinumab Compared to Ustekinumab in Patients With Plaque-type Pso,0.988,OK
IL_PSORIASIS_NMA_REVIEW.html,NCT03410992,BE READY,435,435,BE READY,A Study With a Initial Treatment Period Followed by a Randomized-withdrawal Peri,1.0,OK
INAVOLISIB_BC_REVIEW.html,NCT04191499,INAVO120,325,325,INAVO120,A Study Evaluating the Efficacy and Safety of Inavolisib + Palbociclib + Fulvest,1.0,OK
INCLISIRAN_REVIEW.html,NCT03397121,ORION-9,482,482,ORION-9,Trial to Evaluate the Effect of Inclisiran Treatment on Low Density Lipoprotein ,1.0,OK
INCLISIRAN_REVIEW.html,NCT03399370,ORION-10,1561,1561,ORION-10,Inclisiran for Participants With Atherosclerotic Cardiovascular Disease and Elev,1.0,OK
INCLISIRAN_REVIEW.html,NCT03400800,ORION-11,1617,1617,ORION-11,Inclisiran for Subjects With ASCVD or ASCVD-Risk Equivalents and Elevated Low-de,1.0,OK
INCRETINS_T2D_NMA_REVIEW.html,NCT03954834,SURPASS-1,234,478,SURPASS-1,A Study of Tirzepatide (LY3298176) in Participants With Type 2 Diabetes Not Cont,0.49,OK
INCRETINS_T2D_NMA_REVIEW.html,NCT03987919,SURPASS-2,939,1879,SURPASS-2,A Study of Tirzepatide (LY3298176) Versus Semaglutide Once Weekly as Add-on Ther,0.5,OK
INCRETINS_T2D_NMA_REVIEW.html,NCT02054897,SUSTAIN-1,258,388,SUSTAIN™1,Efficacy and Safety of Semaglutide Once-weekly Versus Placebo in Drug-naïve Subj,0.665,OK
INCRETINS_T2D_NMA_REVIEW.html,NCT01885208,SUSTAIN-3,809,813,SUSTAIN™ 3,Efficacy and Safety of Semaglutide Once-weekly Versus Exenatide ER 2.0 mg Once-w,0.995,OK
INCRETINS_T2D_NMA_REVIEW.html,NCT02648204,SUSTAIN-7,600,1201,SUSTAIN 7,Efficacy and Safety of Semaglutide Versus Dulaglutide as add-on to Metformin in ,0.5,OK
INCRETINS_T2D_NMA_REVIEW.html,NCT00518882,LEAD-6,464,467,LEAD-6,Effect of Liraglutide or Exenatide Added to an Ongoing Treatment on Blood Glucos,0.994,OK
INCRETINS_T2D_NMA_REVIEW.html,NCT01624259,AWARD-6,599,599,AWARD-6,A Study Comparing the Effect of Dulaglutide With Liraglutide in Type 2 Diabetes,1.0,OK
INCRETINS_T2D_NMA_REVIEW.html,NCT00318461,LEAD-2,364,1091,LEAD-2,To Compare the Effect of Liraglutide When Given Together With Metformin With the,0.334,OK
INCRETINS_T2D_NMA_REVIEW.html,NCT01720446,SUSTAIN-6,3297,3297,SUSTAIN™ 6,Trial to Evaluate Cardiovascular and Other Long-term Outcomes With Semaglutide i,1.0,OK
INCRETINS_T2D_NMA_REVIEW.html,NCT01144338,EXSCEL,14752,14752,,Exenatide Study of Cardiovascular Event Lowering Trial (EXSCEL): A Trial To Eval,1.0,OK
INCRETINS_T2D_NMA_REVIEW.html,NCT02863419,PIONEER-4,569,711,PIONEER 4,Efficacy and Safety of Oral Semaglutide Versus Liraglutide and Versus Placebo in,0.8,OK
INCRETINS_T2D_NMA_REVIEW.html,NCT02607865,PIONEER-3,931,1864,PIONEER 3,Efficacy and Long-term Safety of Oral Semaglutide Versus Sitagliptin in Subjects,0.499,OK
INCRETINS_T2D_NMA_REVIEW.html,NCT01930188,SUSTAIN-2,815,1231,SUSTAIN™ 2,Efficacy and Safety of Semaglutide Once-weekly Versus Sitagliptin Once-daily as ,0.662,OK
INCRETINS_T2D_NMA_REVIEW.html,NCT03882970,SURPASS-3,882,1444,SURPASS-3,A Study of Tirzepatide (LY3298176) Versus Insulin Degludec in Participants With ,0.611,OK
INCRETINS_T2D_NMA_REVIEW.html,NCT03730662,SURPASS-4,1471,2002,SURPASS-4,A Study of Tirzepatide (LY3298176) Once a Week Versus Insulin Glargine Once a Da,0.735,OK
INCRETINS_T2D_NMA_REVIEW.html,NCT04039503,SURPASS-5,237,475,SURPASS-5,A Study of Tirzepatide (LY3298176) Versus Placebo in Participants With Type 2 Di,0.499,OK
INCRETINS_T2D_NMA_REVIEW.html,NCT04537923,SURPASS-6,488,1428,SURPASS-6,A Study of Tirzepatide (LY3298176) Versus Insulin Lispro (U100) in Participants ,0.342,OK
INSULIN_ICODEC_REVIEW.html,NCT04460885,ONWARDS-1,984,984,ONWARDS 1,"A Research Study to Compare Two Types of Insulin, a New Insulin, Insulin Icodec ",1.0,OK
INSULIN_ICODEC_REVIEW.html,NCT04770532,ONWARDS-2,526,526,ONWARDS 2,"A Research Study to Compare Two Types of Insulin, a New Weekly Insulin, Insulin ",1.0,OK
INSULIN_ICODEC_REVIEW.html,NCT04795531,ONWARDS-3,588,588,ONWARDS 3,"A Research Study to Compare Two Types of Insulin, a New Insulin, Insulin Icodec ",1.0,OK
INTENSIVE_BP_REVIEW.html,NCT01206062,"SPRINT-SENIOR,SPRINT-CKD",2646,9361,SPRINT,Systolic Blood Pressure Intervention Trial,0.283,OUTLIER
INTENSIVE_BP_REVIEW.html,NCT00000620,ACCORD-BP,4733,10251,ACCORD,Action to Control Cardiovascular Risk in Diabetes (ACCORD),0.462,OK
INTENSIVE_BP_REVIEW.html,NCT03015311,STEP,8511,8000,STEP,Strategy of Blood Pressure Intervention in the Elderly Hypertensive Patients,1.064,OK
INTENSIVE_BP_REVIEW.html,NCT00059306,SPS3-BP,3020,3020,SPS3,Secondary Prevention of Small Subcortical Strokes Trial,1.0,OK
IO_CHEMO_NSCLC_1L_REVIEW.html,NCT02578680,KEYNOTE-189,616,616,,Study of Pemetrexed+Platinum Chemotherapy With or Without Pembrolizumab (MK-3475,1.0,OK
IO_CHEMO_NSCLC_1L_REVIEW.html,NCT02775435,KEYNOTE-407,559,559,,A Study of Carboplatin-Paclitaxel/Nab-Paclitaxel Chemotherapy With or Without Pe,1.0,OK
IO_CHEMO_NSCLC_1L_REVIEW.html,NCT02366143,IMpower150,692,1202,IMpower150,A Study of Atezolizumab in Combination With Carboplatin Plus (+) Paclitaxel With,0.576,OK
IO_CHEMO_NSCLC_1L_REVIEW.html,NCT03164616,POSEIDON,675,1186,POSEIDON,Study of Durvalumab + Tremelimumab With Chemotherapy or Durvalumab With Chemothe,0.569,OK
IPTACOPAN_IGAN_REVIEW.html,NCT04578834,APPLAUSE-IgAN,443,518,APPLAUSE-IgAN,Study of Efficacy and Safety of LNP023 in Primary IgA Nephropathy Patients,0.855,OK
JAK_RA_REVIEW.html,NCT01710358,RA-BEAM,975,1307,RA-BEAM,A Study in Moderate to Severe Rheumatoid Arthritis,0.746,OK
JAK_RA_REVIEW.html,NCT02675426,SELECT-NEXT,442,661,SELECT-NEXT,A Study Comparing Upadacitinib (ABT-494) to Placebo in Adults With Rheumatoid Ar,0.669,OK
JAK_RA_REVIEW.html,NCT02889796,FINCH-1,950,1759,FINCH 1,Filgotinib in Combination With Methotrexate in Adults With Moderately to Severel,0.54,OK
JAK_UC_REVIEW.html,NCT01465763,OCTAVE Induction 1,598,614,OCTAVE,"A Study Evaluating The Efficacy And Safety Of CP-690,550 In Patients With Modera",0.974,OK
JAK_UC_REVIEW.html,NCT02819635,U-ACHIEVE Induction,473,1302,,A Study to Evaluate the Safety and Efficacy of Upadacitinib (ABT-494) for Induct,0.363,OK
JAK_UC_REVIEW.html,NCT02914522,SELECTION Induction A,343,1351,SELECTION,Study to Evaluate the Efficacy and Safety of Filgotinib in the Induction and Mai,0.254,OUTLIER
JAKI_AD_NMA_REVIEW.html,NCT03349060,JADE-MONO-1,232,387,JADE Mono-1,Study to Evaluate Efficacy and Safety of PF-04965842 in Subjects Aged 12 Years A,0.599,OK
JAKI_AD_NMA_REVIEW.html,NCT03575871,JADE-MONO-2,232,391,JADE Mono-2,Study Evaluating Efficacy and Safety of PF-04965842 in Subjects Aged 12 Years An,0.593,OK
JAKI_AD_NMA_REVIEW.html,NCT03569293,Measure Up 1,566,912,Measure Up 1,Evaluation of Upadacitinib in Adolescent and Adult Patients With Moderate to Sev,0.621,OK
JAKI_AD_NMA_REVIEW.html,NCT03607422,Measure Up 2,560,912,,A Study to Evaluate Upadacitinib in Adolescents and Adults With Moderate to Seve,0.614,OK
JAKI_AD_NMA_REVIEW.html,NCT03334396,BREEZE-AD1,300,660,BREEZE-AD1,A Study of Baricitinib (LY3009104) in Patients With Moderate to Severe Atopic De,0.455,OK
JAKI_AD_NMA_REVIEW.html,NCT03334422,BREEZE-AD2,307,615,BREEZE-AD2,Study of Baricitinib (LY3009104) in Patients With Moderate to Severe Atopic Derm,0.499,OK
JAKI_AD_REVIEW.html,NCT03349060,JADE MONO-1,232,387,JADE Mono-1,Study to Evaluate Efficacy and Safety of PF-04965842 in Subjects Aged 12 Years A,0.599,OK
JAKI_AD_REVIEW.html,NCT03575871,JADE MONO-2,233,391,JADE Mono-2,Study Evaluating Efficacy and Safety of PF-04965842 in Subjects Aged 12 Years An,0.596,OK
JAKI_AD_REVIEW.html,NCT03569293,MEASURE-UP 1,562,912,Measure Up 1,Evaluation of Upadacitinib in Adolescent and Adult Patients With Moderate to Sev,0.616,OK
JAKI_AD_REVIEW.html,NCT03607422,MEASURE-UP 2,554,912,,A Study to Evaluate Upadacitinib in Adolescents and Adults With Moderate to Seve,0.607,OK
JAKI_RA_NMA_REVIEW.html,NCT00853385,ORAL-Standard,306,717,,"A Phase 3 Study Comparing 2 Doses Of CP-690,550 And The Active Comparator, Humir",0.427,OK
JAKI_RA_NMA_REVIEW.html,NCT01710358,RA-BEAM,975,1307,RA-BEAM,A Study in Moderate to Severe Rheumatoid Arthritis,0.746,OK
JAKI_RA_NMA_REVIEW.html,NCT02629159,SELECT-Compare,1302,1629,SELECT-COMPARE,A Study Comparing Upadacitinib (ABT-494) to Placebo and to Adalimumab in Adults ,0.799,OK
JAKI_RA_NMA_REVIEW.html,NCT02889796,FINCH-1,950,1759,FINCH 1,Filgotinib in Combination With Methotrexate in Adults With Moderately to Severel,0.54,OK
KARXT_SCZ_REVIEW.html,NCT04659161,EMERGENT-2,252,252,,A Study to Assess Efficacy and Safety of KarXT in Acutely Psychotic Hospitalized,1.0,OK
KARXT_SCZ_REVIEW.html,NCT04738123,EMERGENT-3,256,256,,A Study to Assess Efficacy and Safety of KarXT in Acutely Psychotic Hospitalized,1.0,OK
KRAS_G12C_NMA_REVIEW.html,NCT04303780,CodeBreaK 200,345,345,,"Study to Compare AMG 510 ""Proposed INN Sotorasib"" With Docetaxel in Non Small Ce",1.0,OK
KRAS_G12C_NMA_REVIEW.html,NCT04685135,KRYSTAL-12,453,453,KRYSTAL-12,Phase 3 Study of MRTX849 (Adagrasib) vs Docetaxel in Patients With Advanced Non-,1.0,OK
LEBRIKIZUMAB_AD_REVIEW.html,NCT04146363,ADvocate1,352,424,,Evaluation of the Efficacy and Safety of Lebrikizumab (LY3650150) in Moderate to,0.83,OK
LEBRIKIZUMAB_AD_REVIEW.html,NCT04178967,ADvocate2,353,445,ADvocate2,Evaluation of the Efficacy and Safety of Lebrikizumab (LY3650150) in Moderate to,0.793,OK
LEBRIKIZUMAB_AD_REVIEW.html,NCT04250337,ADhere,211,228,ADhere,Safety and Efficacy of Lebrikizumab (LY3650150) in Combination With Topical Cort,0.925,OK
LENACAPAVIR_PREP_REVIEW.html,NCT04994509,PURPOSE-1,5338,5368,PURPOSE 1,Pre-Exposure Prophylaxis Study of Lenacapavir and Emtricitabine/Tenofovir Alafen,0.994,OK
LENACAPAVIR_PREP_REVIEW.html,NCT04925752,PURPOSE-2,3267,3292,PURPOSE 2,Study of Lenacapavir for HIV Pre-Exposure Prophylaxis in People Who Are at Risk ,0.992,OK
LU_PSMA_MCRPC_REVIEW.html,NCT03511664,VISION,831,861,VISION,Study of 177Lu-PSMA-617 In Metastatic Castrate-Resistant Prostate Cancer,0.965,OK
LU_PSMA_MCRPC_REVIEW.html,NCT04689828,PSMAfore,468,469,PSMAfore,177Lu-PSMA-617 vs. Androgen Receptor-Directed Therapy in the Treatment of Progre,0.998,OK
MALARIA_ACT_NMA_REVIEW.html,NCT01704508,Bandim AL-vs-DP,346,346,,Improving Anti-malarial Treatment Options in Guinea-Bissau - Part A,1.0,OK
MALARIA_ACT_NMA_REVIEW.html,NCT06076213,TES2022 DRC,1260,1260,TES2022,Test Efficacy Study on the Recommended Antimalarial Drugs in the Democratic Repu,1.0,OK
MALARIA_ACT_NMA_REVIEW.html,NCT04565184,Yaounde TES Cameroon,242,242,,Effectiveness and Safety of Artesunate-Amodiaquine and Artemether-Lumefantrine f,1.0,OK
MALARIA_ACT_NMA_REVIEW.html,NCT05192265,Nigeria PA-vs-AL,172,172,,Efficacy and Safety of Pyronaridine-Artesunate Versus Artemether-Lumefantrine,1.0,OK
MALARIA_ACT_NMA_REVIEW.html,NCT04767191,Siaya-Bungoma TES Kenya,400,400,Kenya-TES,Malaria Therapeutic Efficacy Study (TES) Kenya,1.0,OK
MALARIA_VACCINES_NMA_REVIEW.html,NCT00866619,"RTS,S Phase 3",11899,15459,,Efficacy of GSK Biologicals' Candidate Malaria Vaccine 257049 Against Malaria Di,0.77,OK
MALARIA_VACCINES_NMA_REVIEW.html,NCT03896724,R21 Phase 2b,300,450,,"Safety, Immunogenicity and Efficacy of R21 Matrix-M in 5-17 Month Old Children i",0.667,OK
MALARIA_VACCINES_NMA_REVIEW.html,NCT04704830,R21 Phase 3,3200,4800,,R21/Matrix-M in African Children Against Clinical Malaria,0.667,OK
MDRTB_BPAL_REVIEW.html,NCT03086486,ZeNix,91,181,ZeNix,Various Doses and Durations of Linezolid Plus Bedaquiline & Pretomanid in Partic,0.503,OK
MDRTB_BPAL_REVIEW.html,NCT02589782,TB-PRACTECAL,275,552,TB-PRACTECAL,Pragmatic Clinical Trial for a More Effective Concise and Less Toxic MDR-TB Trea,0.498,OK
MIGRAINE_ACUTE_NMA_REVIEW.html,NCT03461757,ACHIEVE I,854,1811,,Trial in Adult Subjects With Acute Migraines,0.472,OK
MIGRAINE_ACUTE_NMA_REVIEW.html,NCT03235479,ACHIEVE II,920,1485,,Safety and Efficacy Study in Adult Subjects With Acute Migraines,0.62,OK
MIGRAINE_ACUTE_NMA_REVIEW.html,NCT02867709,SAMURAI,1158,1686,ACHIEVE II,"Efficacy, Safety, and Tolerability of Oral Ubrogepant in the Acute Treatment of ",0.687,OK
MIGRAINE_ACUTE_NMA_REVIEW.html,NCT03872453,Rimegepant Study 303,1084,2154,,Acute Treatment Trial in Adult Subjects With Migraines,0.503,OK
MIRIKIZUMAB_UC_REVIEW.html,NCT03518086,LUCENT-1,1162,1281,,An Induction Study of Mirikizumab in Participants With Moderately to Severely Ac,0.907,OK
MIRIKIZUMAB_UC_REVIEW.html,NCT03524092,LUCENT-2,544,1177,LUCENT 2,A Maintenance Study of Mirikizumab in Participants With Moderately to Severely A,0.462,OK
MIRVETUXIMAB_OVARIAN_REVIEW.html,NCT04209855,MIRASOL,453,453,MIRASOL,A Study of Mirvetuximab Soravtansine vs. Investigator's Choice (IC) of Chemother,1.0,OK
MITAPIVAT_THALASSEMIA_REVIEW.html,NCT04770753,ENERGIZE,194,194,,A Study Evaluating the Efficacy and Safety of Mitapivat in Participants With Non,1.0,OK
MITRAL_FUNCMR_REVIEW.html,NCT01626079,COAPT,614,776,COAPT,Cardiovascular Outcomes Assessment of the MitraClip Percutaneous Therapy for Hea,0.791,OK
MITRAL_FUNCMR_REVIEW.html,NCT01920698,MITRA-FR,307,304,MITRA-FR,Multicentre Study of Percutaneous Mitral Valve Repair MitraClip Device in Patien,1.01,OK
MITRAL_FUNCMR_REVIEW.html,NCT02444338,RESHAPE-HF2,505,505,Reshape-HF2,A Clinical Evaluation of the Safety and Effectiveness of the MitraClip System in,1.0,OK
MM_1L_NMA_REVIEW.html,NCT02252172,MAIA,737,737,,"Study Comparing Daratumumab, Lenalidomide, and Dexamethasone With Lenalidomide a",1.0,OK
MM_1L_NMA_REVIEW.html,NCT02195479,ALCYONE,706,706,,A Study of Combination of Daratumumab and Velcade (Bortezomib) Melphalan-Prednis,1.0,OK
MM_1L_NMA_REVIEW.html,NCT02541383,CASSIOPEIA,1085,1085,Cassiopeia,A Study to Evaluate Daratumumab in Transplant Eligible Participants With Previou,1.0,OK
MM_1L_NMA_REVIEW.html,NCT03319667,IMROZ,530,475,IMROZ,A Study to Investigate the Clinical Benefit of Isatuximab in Combination With Bo,1.116,OUTLIER
NEOADJUVANT_IO_NSCLC_REVIEW.html,NCT02998528,CheckMate-816,358,505,CheckMate 816,A Neoadjuvant Study of Nivolumab Plus Ipilimumab or Nivolumab Plus Chemotherapy ,0.709,OK
NEOADJUVANT_IO_NSCLC_REVIEW.html,NCT03425643,KEYNOTE-671,797,797,,Efficacy and Safety of Pembrolizumab (MK-3475) With Platinum Doublet Chemotherap,1.0,OK
NEOADJUVANT_IO_NSCLC_REVIEW.html,NCT03800134,AEGEAN,802,825,AEGEAN,A Study of Neoadjuvant/Adjuvant Durvalumab for the Treatment of Patients With Re,0.972,OK
NIRSEVIMAB_INFANT_RSV_REVIEW.html,NCT02878330,Nirsevimab Phase 2b,1453,1453,MEDI8897 Ph2b,A Study to Evaluate the Safety and Efficacy of MEDI8897 for the Prevention of Me,1.0,OK
NIRSEVIMAB_INFANT_RSV_REVIEW.html,NCT03979313,MELODY,1490,3012,MELODY,A Study to Evaluate the Safety and Efficacy of MEDI8897 for the Prevention of Me,0.495,OK
NIRSEVIMAB_INFANT_RSV_REVIEW.html,NCT05437510,HARMONIE,8058,8057,,Study of a Single Intramuscular Dose of Nirsevimab in the Prevention of Hospital,1.0,OK
OBESITY_DRUGS_NMA_REVIEW.html,NCT04184622,SURMOUNT-1,3162,2539,SURMOUNT-1,A Study of Tirzepatide (LY3298176) in Participants With Obesity or Overweight,1.245,OUTLIER
OBESITY_DRUGS_NMA_REVIEW.html,NCT03548935,STEP 1,1961,1961,STEP 1,STEP 1: Research Study Investigating How Well Semaglutide Works in People Suffer,1.0,OK
OBESITY_DRUGS_NMA_REVIEW.html,NCT01272219,SCALE Obesity,3731,3731,,Effect of Liraglutide on Body Weight in Non-diabetic Obese Subjects or Overweigh,1.0,OK
OSIMERTINIB_EGFR_NSCLC_REVIEW.html,NCT02151981,AURA3,419,421,AURA3,AZD9291 (Osimertinib) Versus Platinum-Based Doublet-Chemotherapy in Locally Adva,0.995,OK
OSIMERTINIB_EGFR_NSCLC_REVIEW.html,NCT02296125,FLAURA,556,674,FLAURA,AZD9291 Versus Gefitinib or Erlotinib in Patients With Locally Advanced or Metas,0.825,OK
OSIMERTINIB_EGFR_NSCLC_REVIEW.html,NCT02511106,ADAURA,682,682,ADAURA,AZD9291 Versus Placebo in Patients With Stage IB-IIIA Non-small Cell Lung Carcin,1.0,OK
OSIMERTINIB_EGFR_NSCLC_REVIEW.html,NCT04035486,FLAURA2,557,587,FLAURA2,A Study of Osimertinib With or Without Chemotherapy as 1st Line Treatment in Pat,0.949,OK
PAH_THERAPY_NMA_REVIEW.html,NCT04576988,STELLAR,323,324,,A Study of Sotatercept for the Treatment of Pulmonary Arterial Hypertension (MK-,0.997,OK
PAH_THERAPY_NMA_REVIEW.html,NCT01106014,GRIPHON,1156,1156,GRIPHON,Selexipag (ACT-293987) in Pulmonary Arterial Hypertension,1.0,OK
PAH_THERAPY_NMA_REVIEW.html,NCT00810693,PATENT-1,380,445,PATENT-1,A Study to Evaluate Efficacy and Safety of Oral BAY63-2521 in Patients With Pulm,0.854,OK
PAH_THERAPY_NMA_REVIEW.html,NCT00660179,SERAPHIN,492,742,SERAPHIN,Study of Macitentan (ACT-064992) on Morbidity and Mortality in Patients With Sym,0.663,OK
PARP_ARPI_MCRPC_REVIEW.html,NCT03732820,PROpel,796,895,,Study on Olaparib Plus Abiraterone as First-line Therapy in Men With Metastatic ,0.889,OK
PARP_ARPI_MCRPC_REVIEW.html,NCT03748641,MAGNITUDE,423,765,MAGNITUDE,A Study of Niraparib in Combination With Abiraterone Acetate and Prednisone Vers,0.553,OK
PARP_ARPI_MCRPC_REVIEW.html,NCT03395197,TALAPRO-2,805,1054,TALAPRO-2,Talazoparib + Enzalutamide vs. Enzalutamide Monotherapy in mCRPC,0.764,OK
PARP_OVARIAN_REVIEW.html,NCT01844986,SOLO-1,391,450,SOLO-1,Olaparib Maintenance Monotherapy in Patients With BRCA Mutated Ovarian Cancer Fo,0.869,OK
PARP_OVARIAN_REVIEW.html,NCT02477644,PAOLA-1,806,806,PAOLA-1,"Platine, Avastin and OLAparib in 1st Line",1.0,OK
PARP_OVARIAN_REVIEW.html,NCT02655016,PRIMA,733,733,,A Study of Niraparib (GSK3985771) Maintenance Treatment in Participants With Adv,1.0,OK
PATISIRAN_POLYNEUROPATHY_REVIEW.html,NCT01960348,APOLLO,225,225,,"APOLLO: The Study of an Investigational Drug, Patisiran (ALN-TTR02), for the Tre",1.0,OK
PATISIRAN_POLYNEUROPATHY_REVIEW.html,NCT03759379,HELIOS-A,199,164,,HELIOS-A: A Study of Vutrisiran (ALN-TTRSC02) in Patients With Hereditary Transt,1.213,OUTLIER
PBC_PPAR_REVIEW.html,NCT04526665,ELATIVE,161,161,ELATIVE,Study of Elafibranor in Patients With Primary Biliary Cholangitis (PBC),1.0,OK
PBC_PPAR_REVIEW.html,NCT04620733,RESPONSE,193,193,,RESPONSE: Response to Seladelpar in Subjects With Primary Biliary Cholangitis (P,1.0,OK
PCSK9_LIPID_NMA_REVIEW.html,NCT01327846,IMPROVE-IT,18144,10066,CANTOS,Cardiovascular Risk Reduction Study (Reduction in Recurrent Major CV Disease Eve,1.803,OUTLIER
PCSK9_LIPID_NMA_REVIEW.html,NCT01764633,FOURIER,27564,27564,FOURIER,Further Cardiovascular Outcomes Research With PCSK9 Inhibition in Subjects With ,1.0,OK
PCSK9_LIPID_NMA_REVIEW.html,NCT01663402,ODYSSEY-OUTCOMES,18924,18924,,ODYSSEY Outcomes: Evaluation of Cardiovascular Outcomes After an Acute Coronary ,1.0,OK
PCSK9_LIPID_NMA_REVIEW.html,NCT02993406,CLEAR-OUTCOMES,13970,13970,CLEAR Outcomes,"Evaluation of Major Cardiovascular Events in Participants With, or at High Risk ",1.0,OK
PEGCETACOPLAN_GA_REVIEW.html,NCT03525613,"OAKS-PM,OAKS-PEOM",412,637,,A Study to Compare the Efficacy and Safety of Intravitreal APL-2 Therapy With Sh,0.647,OK
PEGCETACOPLAN_GA_REVIEW.html,NCT03525600,"DERBY-PM,DERBY-PEOM",396,621,,Study to Compare the Efficacy and Safety of Intravitreal APL-2 Therapy With Sham,0.638,OK
PI3K_AKT_BC_REVIEW.html,NCT02437318,SOLAR-1,341,572,SOLAR-1,Study Assessing the Efficacy and Safety of Alpelisib Plus Fulvestrant in Men and,0.596,OK
PI3K_AKT_BC_REVIEW.html,NCT04305496,CAPItello-291,708,818,CAPItello-291,Capivasertib+Fulvestrant vs Placebo+Fulvestrant as Treatment for Locally Advance,0.866,OK
PI3K_AKT_BC_REVIEW.html,NCT04191499,INAVO120,325,325,INAVO120,A Study Evaluating the Efficacy and Safety of Inavolisib + Palbociclib + Fulvest,1.0,OK
PPH_BUNDLE_NMA_REVIEW.html,NCT00872469,WOMAN,20021,20060,WOMAN,World Maternal Antifibrinolytic Trial,0.998,OK
PPH_BUNDLE_NMA_REVIEW.html,NCT03475342,WOMAN-2,8403,15068,WOMAN-2,World Maternal Antifibrinolytic Trial_2,0.558,OK
PPH_BUNDLE_NMA_REVIEW.html,NCT04341662,E-MOTIVE,105423,99659,E-MOTIVE,A Clinical Trial to Study the Effectiveness of a Care Bundle to Prevent Bleeding,1.058,OK
PRIMAQUINE_GAMETOCYTE_DR_REVIEW.html,NCT01365598,Eziefula 2014 Uganda,232,468,,Evaluation of the Gametocytocidal Efficacy and Safety of Primaquine in Uncomplic,0.496,OK
PRIMAQUINE_GAMETOCYTE_DR_REVIEW.html,NCT02174900,SAFEPRIM Burkina Faso,50,70,,Safety of Primaquine + Artemether-lumefantrine in G6PD Deficient Males With an A,0.714,OK
PSA_BIOLOGICS_NMA_REVIEW.html,NCT01695239,SPIRIT-P1,213,417,SPIRIT-P1,A Study of Ixekizumab in Participants With Active Psoriatic Arthritis,0.511,OK
PSA_BIOLOGICS_NMA_REVIEW.html,NCT03158285,DISCOVER-2,491,741,,A Study Evaluating the Efficacy and Safety of Guselkumab Administered Subcutaneo,0.663,OK
PSA_BIOLOGICS_NMA_REVIEW.html,NCT03895203,BE OPTIMAL,712,852,BE OPTIMAL,A Study to Test the Efficacy and Safety of Bimekizumab in the Treatment of Subje,0.836,OK
PSA_BIOLOGICS_NMA_REVIEW.html,NCT03104400,SELECT-PsA 1,848,1705,SELECT - PsA 1,A Study Comparing Upadacitinib (ABT-494) to Placebo and to Adalimumab in Partici,0.497,OK
RCC_1L_NMA_REVIEW.html,NCT03141177,CheckMate 9ER,651,701,CheckMate 9ER,A Study of Nivolumab Combined With Cabozantinib Compared to Sunitinib in Previou,0.929,OK
RCC_1L_NMA_REVIEW.html,NCT02853331,KEYNOTE-426,861,861,,Study to Evaluate the Efficacy and Safety of Pembrolizumab (MK-3475) in Combinat,1.0,OK
RCC_1L_NMA_REVIEW.html,NCT02811861,CLEAR,712,1069,CLEAR,Lenvatinib/Everolimus or Lenvatinib/Pembrolizumab Versus Sunitinib Alone as Trea,0.666,OK
RCC_1L_NMA_REVIEW.html,NCT02231749,CheckMate 214,847,1390,,Nivolumab Combined With Ipilimumab Versus Sunitinib in Previously Untreated Adva,0.609,OK
RESMETIROM_MASH_REVIEW.html,NCT03900429,MAESTRO-NASH,644,1759,MAESTRO-NASH,A Phase 3 Study to Evaluate the Efficacy and Safety of MGL-3196 (Resmetirom) in ,0.366,OK
RISANKIZUMAB_CD_REVIEW.html,NCT03105128,ADVANCE,511,931,,A Study of the Efficacy and Safety of Risankizumab in Participants With Moderate,0.549,OK
RISANKIZUMAB_CD_REVIEW.html,NCT03104413,MOTIVATE,412,618,,A Study to Assess the Efficacy and Safety of Risankizumab in Participants With M,0.667,OK
RISANKIZUMAB_CD_REVIEW.html,NCT03105102,FORTIFY,305,1336,FORTIFY,A Study of the Efficacy and Safety of Risankizumab in Participants With Crohn's ,0.228,OUTLIER
ROMOSOZUMAB_OP_REVIEW.html,NCT01575834,FRAME,7180,7180,FRAME,Efficacy and Safety of Romosozumab Treatment in Postmenopausal Women With Osteop,1.0,OK
ROMOSOZUMAB_OP_REVIEW.html,NCT01631214,ARCH,4093,4093,ARCH,Study to Determine the Efficacy and Safety of Romosozumab in the Treatment of Po,1.0,OK
ROMOSOZUMAB_OP_REVIEW.html,NCT02186171,BRIDGE,245,245,BRIDGE,A Study to Compare the Safety and Efficacy of Romosozumab (AMG 785) Versus Place,1.0,OK
RSV_VACCINE_OLDER_REVIEW.html,NCT05035212,RENOIR,34284,38861,RENOIR,"Study to Evaluate the Efficacy, Immunogenicity, and Safety of RSVpreF in Adults.",0.882,OK
RSV_VACCINE_OLDER_REVIEW.html,NCT04886596,AReSVi-006,24960,26675,,Efficacy Study of GSK's Investigational Respiratory Syncytial Virus (RSV) Vaccin,0.936,OK
RSV_VACCINE_OLDER_REVIEW.html,NCT05127434,ConquerRSV,35088,36814,,A Study to Evaluate the Safety and Efficacy of mRNA-1345 Vaccine Targeting Respi,0.953,OK
RUSFERTIDE_PV_REVIEW.html,NCT05210790,VERIFY,293,293,VERIFY,A Phase 3 Study of Rusfertide in Patients With Polycythemia Vera,1.0,OK
SCD_DISEASE_MOD_NMA_REVIEW.html,NCT01179217,L-glutamine (Endari),230,230,,A Phase III Safety and Efficacy Study of L-Glutamine to Treat Sickle Cell Diseas,1.0,OK
SEMAGLUTIDE_OBESITY_REVIEW.html,NCT03548935,STEP-1,1961,1961,STEP 1,STEP 1: Research Study Investigating How Well Semaglutide Works in People Suffer,1.0,OK
SEMAGLUTIDE_OBESITY_REVIEW.html,NCT03611582,STEP-3,611,611,STEP 3,Research Study to Look at How Well Semaglutide is at Lowering Weight When Taken ,1.0,OK
SEMAGLUTIDE_OBESITY_REVIEW.html,NCT03693430,STEP-5,304,304,STEP 5,Two-year Research Study Investigating How Well Semaglutide Works in People Suffe,1.0,OK
SEMAGLUTIDE_OBESITY_REVIEW.html,NCT03552757,STEP-2,807,1210,STEP 2,Research Study Investigating How Well Semaglutide Works in People With Type 2 Di,0.667,OK
SEVERE_ASTHMA_NMA_REVIEW.html,NCT01691521,MENSA,385,580,,Efficacy and Safety Study of Mepolizumab Adjunctive Therapy in Subjects With Sev,0.664,OK
SEVERE_ASTHMA_NMA_REVIEW.html,NCT01287039,Castro-2015-Resliz,941,489,,A Study to Evaluate the Efficacy and Safety of Reslizumab (3.0 mg/kg) in the Red,1.924,OUTLIER
SEVERE_ASTHMA_NMA_REVIEW.html,NCT02075255,SIROCCO,805,220,,Efficacy and Safety Study of Benralizumab to Reduce OCS Use in Patients With Unc,3.659,OUTLIER
SEVERE_ASTHMA_NMA_REVIEW.html,NCT02414854,QUEST,948,1902,,Evaluation of Dupilumab in Patients With Persistent Asthma (Liberty Asthma Quest,0.498,OK
SEVERE_ASTHMA_NMA_REVIEW.html,NCT03347279,NAVIGATOR,1059,1061,NAVIGATOR,Study to Evaluate Tezepelumab in Adults & Adolescents With Severe Uncontrolled A,0.998,OK
SGLT2_HF_REVIEW.html,NCT03036124,DAPA-HF,4744,4744,DAPA-HF,Study to Evaluate the Effect of Dapagliflozin on the Incidence of Worsening Hear,1.0,OK
SGLT2_HF_REVIEW.html,NCT03057977,EMPEROR-Reduced,3730,3730,,EMPagliflozin outcomE tRial in Patients With chrOnic heaRt Failure With Reduced ,1.0,OK
SGLT2_HF_REVIEW.html,NCT03057951,EMPEROR-Preserved,5988,5988,,EMPagliflozin outcomE tRial in Patients With chrOnic heaRt Failure With Preserve,1.0,OK
SGLT2_HF_REVIEW.html,NCT03619213,DELIVER,6263,6263,DELIVER,Dapagliflozin Evaluation to Improve the LIVEs of Patients With PReserved Ejectio,1.0,OK
SGLT2_HF_REVIEW.html,NCT03521934,SOLOIST-WHF,1222,1222,,Effect of Sotagliflozin on Cardiovascular Events in Participants With Type 2 Dia,1.0,OK
SGLT2_MACE_CVOT_REVIEW.html,NCT01131676,EMPA-REG OUTCOME,7020,7064,,BI 10773 (Empagliflozin) Cardiovascular Outcome Event Trial in Type 2 Diabetes M,0.994,OK
SGLT2_MACE_CVOT_REVIEW.html,NCT01032629,CANVAS,10142,4330,CANVAS,CANVAS - CANagliflozin cardioVascular Assessment Study,2.342,OUTLIER
SGLT2_MACE_CVOT_REVIEW.html,NCT01730534,DECLARE-TIMI 58,17160,17190,DECLARE-TIMI58,Multicenter Trial to Evaluate the Effect of Dapagliflozin on the Incidence of Ca,0.998,OK
SGLT2_MACE_CVOT_REVIEW.html,NCT01986881,VERTIS-CV,8240,8246,,Cardiovascular Outcomes Following Ertugliflozin Treatment in Type 2 Diabetes Mel,0.999,OK
SGLT2I_HF_NMA_REVIEW.html,NCT03036124,DAPA-HF,4744,4744,DAPA-HF,Study to Evaluate the Effect of Dapagliflozin on the Incidence of Worsening Hear,1.0,OK
SGLT2I_HF_NMA_REVIEW.html,NCT03057977,EMPEROR-Reduced,3730,3730,,EMPagliflozin outcomE tRial in Patients With chrOnic heaRt Failure With Reduced ,1.0,OK
SGLT2I_HF_NMA_REVIEW.html,NCT03057951,EMPEROR-Preserved,5988,5988,,EMPagliflozin outcomE tRial in Patients With chrOnic heaRt Failure With Preserve,1.0,OK
SGLT2I_HF_NMA_REVIEW.html,NCT03619213,DELIVER,6263,6263,DELIVER,Dapagliflozin Evaluation to Improve the LIVEs of Patients With PReserved Ejectio,1.0,OK
SGLT2I_HF_NMA_REVIEW.html,NCT03521934,SOLOIST-WHF,1222,1222,,Effect of Sotagliflozin on Cardiovascular Events in Participants With Type 2 Dia,1.0,OK
SGLT2I_HF_NMA_REVIEW.html,NCT03315143,SCORED,10584,10584,SCORED,Effect of Sotagliflozin on Cardiovascular and Renal Events in Participants With ,1.0,OK
SOTAGLIFLOZIN_HF_REVIEW.html,NCT03521934,SOLOIST-WHF,1222,1222,,Effect of Sotagliflozin on Cardiovascular Events in Participants With Type 2 Dia,1.0,OK
SOTAGLIFLOZIN_HF_REVIEW.html,NCT03315143,SCORED,10584,10584,SCORED,Effect of Sotagliflozin on Cardiovascular and Renal Events in Participants With ,1.0,OK
SOTATERCEPT_PAH_REVIEW.html,NCT04576988,STELLAR,323,324,,A Study of Sotatercept for the Treatment of Pulmonary Arterial Hypertension (MK-,0.997,OK
SPARSENTAN_IGAN_REVIEW.html,NCT03762850,PROTECT,402,406,PROTECT,A Study of the Effect and Safety of Sparsentan in the Treatment of Patients With,0.99,OK
SPONDYLOARTHRITIS_NMA_REVIEW.html,NCT02696785,MEASURE 4,233,341,COAST-V,A Study of Ixekizumab (LY2439821) in bDMARD-Naive Participants With Radiographic,0.683,OK
SPONDYLOARTHRITIS_NMA_REVIEW.html,NCT03928704,BE MOBILE 1,386,274,BE MOBILE 1,A Study to Evaluate the Efficacy and Safety of Bimekizumab in Subjects With Acti,1.409,OUTLIER
SPONDYLOARTHRITIS_NMA_REVIEW.html,NCT04790670,BE MOBILE 2,442,,,404,,CTGOV_NOT_FOUND
SPONDYLOARTHRITIS_NMA_REVIEW.html,NCT04169373,SELECT-AXIS 2,420,734,SELECT-AXIS 2,A Study to Evaluate Efficacy and Safety of Upadacitinib in Adults With Axial Spo,0.572,OK
TAVR_LOWRISK_REVIEW.html,NCT02675114,PARTNER 3,950,1000,P3,PARTNER 3 Trial: Safety and Effectiveness of the SAPIEN 3 Transcatheter Heart Va,0.95,OK
TAVR_LOWRISK_REVIEW.html,NCT02701283,Evolut Low Risk,1403,2223,,Medtronic Evolut Transcatheter Aortic Valve Replacement in Low Risk Patients,0.631,OK
TAVR_LOWRISK_REVIEW.html,NCT01057173,NOTION,280,280,NOTION,The Nordic Aortic Valve Intervention Trial,1.0,OK
TB_PREVENTION_REVIEW.html,NCT01404312,BRIEF-TB / A5279,2986,3000,,Brief Rifapentine-Isoniazid Evaluation for TB Prevention (BRIEF TB),0.995,OK
TDXD_HER2LOW_BC_REVIEW.html,NCT03734029,DESTINY-Breast04,557,557,,Trastuzumab Deruxtecan (DS-8201a) Versus Investigator's Choice for HER2-low Brea,1.0,OK
TDXD_HER2LOW_BC_REVIEW.html,NCT04494425,DESTINY-Breast06,866,866,DB-06,Study of Trastuzumab Deruxtecan (T-DXd) vs Investigator's Choice Chemotherapy in,1.0,OK
TEPLIZUMAB_T1D_REVIEW.html,NCT01030861,TN-10,76,76,,"Teplizumab for Prevention of Type 1 Diabetes In Relatives ""At-Risk""",1.0,OK
TIRZEPATIDE_OBESITY_REVIEW.html,NCT04184622,SURMOUNT-1,1273,2539,SURMOUNT-1,A Study of Tirzepatide (LY3298176) in Participants With Obesity or Overweight,0.501,OK
TIRZEPATIDE_OBESITY_REVIEW.html,NCT04657003,SURMOUNT-2,627,938,SURMOUNT-2,A Study of Tirzepatide (LY3298176) in Participants With Type 2 Diabetes Who Have,0.668,OK
TIRZEPATIDE_OBESITY_REVIEW.html,NCT04657016,SURMOUNT-3,579,579,SURMOUNT-3,A Study of Tirzepatide (LY3298176) In Participants After A Lifestyle Weight Loss,1.0,OK
TIRZEPATIDE_T2D_REVIEW.html,NCT03954834,SURPASS-1,236,478,SURPASS-1,A Study of Tirzepatide (LY3298176) in Participants With Type 2 Diabetes Not Cont,0.494,OK
TIRZEPATIDE_T2D_REVIEW.html,NCT03882970,SURPASS-3,718,1444,SURPASS-3,A Study of Tirzepatide (LY3298176) Versus Insulin Degludec in Participants With ,0.497,OK
TIRZEPATIDE_T2D_REVIEW.html,NCT04039503,SURPASS-5,237,475,SURPASS-5,A Study of Tirzepatide (LY3298176) Versus Placebo in Participants With Type 2 Di,0.499,OK
TIRZEPATIDE_T2D_REVIEW.html,NCT03987919,SURPASS-2,939,1879,SURPASS-2,A Study of Tirzepatide (LY3298176) Versus Semaglutide Once Weekly as Add-on Ther,0.5,OK
TIRZEPATIDE_T2D_REVIEW.html,NCT03730662,SURPASS-4,1997,2002,SURPASS-4,A Study of Tirzepatide (LY3298176) Once a Week Versus Insulin Glargine Once a Da,0.998,OK
TNK_VS_TPA_STROKE_REVIEW.html,NCT01949948,NOR-TEST,1091,1050,NOR-TEST,Study of Tenecteplase Versus Alteplase for Thrombolysis (Clot Dissolving) in Acu,1.039,OK
TNK_VS_TPA_STROKE_REVIEW.html,NCT03889249,AcT,1567,1600,AcT,Alteplase Compared to Tenecteplase in Patients With Acute Ischemic Stroke,0.979,OK
TNK_VS_TPA_STROKE_REVIEW.html,NCT04797013,TRACE-2,1408,1430,TRACEⅡ,Tenecteplase Reperfusion Therapy in Acute Ischemic Cerebrovascular Events-Ⅱ,0.985,OK
TNK_VS_TPA_STROKE_REVIEW.html,NCT02388061,EXTEND-IA TNK,202,202,EXTEND-IA TNK,Tenecteplase Versus Alteplase Before Endovascular Therapy for Ischemic Stroke,1.0,OK
TNK_VS_TPA_STROKE_REVIEW.html,NCT03854500,NOR-TEST 2 Part A,203,201,NOR-TEST 2,The Norwegian Tenecteplase Stroke Trial 2,1.01,OK
TNK_VS_TPA_STROKE_REVIEW.html,NCT02814409,ATTEST-2,1466,1858,ATTEST2,Alteplase-Tenecteplase Trial Evaluation for Stroke Thrombolysis,0.789,OK
TOFACITINIB_UC_REVIEW.html,NCT01465763,OCTAVE Induction 1,598,614,OCTAVE,"A Study Evaluating The Efficacy And Safety Of CP-690,550 In Patients With Modera",0.974,OK
TOFACITINIB_UC_REVIEW.html,NCT01458951,OCTAVE Induction 2,541,547,OCTAVE,"A Study To Evaluate Both The Efficacy and Safety Profile of CP-690,550 In Patien",0.989,OK
TOFACITINIB_UC_REVIEW.html,NCT01458574,OCTAVE Sustain,395,593,OCTAVE,"A Study Of Oral CP-690,550 As A Maintenance Therapy For Ulcerative Colitis",0.666,OK
TYVAC_TYPHOID_REVIEW.html,NCT03158961,TyVAC Nepal,20019,10,,The Feasibility and Safety of the TOETVA for Benign Thyroid Nodules,2001.9,OUTLIER
TYVAC_TYPHOID_REVIEW.html,NCT03527355,TyVAC Bangladesh,41324,285,,"Safety, Reactogenicity and Immunogenicity of Vi-DT;Typhoid Conjugate Vaccine",144.996,OUTLIER
TYVAC_TYPHOID_REVIEW.html,NCT03299426,TyVAC Malawi,28130,30000,,Clinical Efficacy of Typhoid Conjugate Vaccine (Vi-TCV) Among Children Age 9 Mon,0.938,OK
UC_BIOLOGICS_NMA_REVIEW.html,NCT00036439,ACT-1,242,364,,A Safety and Efficacy Study for Infliximab (Remicade) in Patients With Active Ul,0.665,OK
UC_BIOLOGICS_NMA_REVIEW.html,NCT00408629,ULTRA-2,494,518,,Efficacy and Safety of Adalimumab in Subjects With Moderately to Severely Active,0.954,OK
UC_BIOLOGICS_NMA_REVIEW.html,NCT00488774,PURSUIT-SC,662,291,,An Efficacy and Safety Study of Golimumab in Participants With Ulcerative Coliti,2.275,OUTLIER
UC_BIOLOGICS_NMA_REVIEW.html,NCT00783718,GEMINI-1,374,895,GEMINI I,Study of Vedolizumab (MLN0002) in Patients With Moderate to Severe Ulcerative Co,0.418,OK
UC_BIOLOGICS_NMA_REVIEW.html,NCT02407236,UNIFI-induction,641,961,UNIFI,A Study to Evaluate the Safety and Efficacy of Ustekinumab Induction and Mainten,0.667,OK
UC_BIOLOGICS_NMA_REVIEW.html,NCT01465763,OCTAVE-1,598,614,OCTAVE,"A Study Evaluating The Efficacy And Safety Of CP-690,550 In Patients With Modera",0.974,OK
UC_BIOLOGICS_NMA_REVIEW.html,NCT02819635,U-ACHIEVE,473,1302,,A Study to Evaluate the Safety and Efficacy of Upadacitinib (ABT-494) for Induct,0.363,OK
UC_BIOLOGICS_NMA_REVIEW.html,NCT02435992,TRUE-NORTH,645,1012,,Safety and Efficacy Trial of RPC1063 for Moderate to Severe Ulcerative Colitis,0.637,OK
UC_BIOLOGICS_NMA_REVIEW.html,NCT03518086,LUCENT-1,1162,1281,,An Induction Study of Mirikizumab in Participants With Moderately to Severely Ac,0.907,OK
UPADACITINIB_CD_REVIEW.html,NCT03345849,U-EXCEL,526,526,U-EXCEL,A Study of the Efficacy and Safety of Upadacitinib in Participants With Moderate,1.0,OK
UPADACITINIB_CD_REVIEW.html,NCT03345836,U-EXCEED,495,624,,A Study of the Efficacy and Safety of Upadacitinib (ABT-494) in Participants Wit,0.793,OK
UPADACITINIB_CD_REVIEW.html,NCT03345823,U-ENDURE,502,747,U-ENDURE,A Maintenance and Long-Term Extension Study of the Efficacy and Safety of Upadac,0.672,OK
VENETOCLAX_AML_REVIEW.html,NCT02993523,VIALE-A,431,443,Viale-a,A Study of Venetoclax in Combination With Azacitidine Versus Azacitidine in Trea,0.973,OK
VENETOCLAX_AML_REVIEW.html,NCT03069352,VIALE-C,211,211,,A Study of Venetoclax in Combination With Low Dose Cytarabine Versus Low Dose Cy,1.0,OK
VENETOCLAX_CLL_REVIEW.html,NCT02242942,CLL14,432,445,,Comparison of the Treatments of Obinutuzumab + Venetoclax Versus Obinutuzumab + ,0.971,OK
VENETOCLAX_CLL_REVIEW.html,NCT02005471,MURANO,389,389,MURANO,A Study to Evaluate the Benefit of Venetoclax Plus Rituximab Compared With Benda,1.0,OK
VENETOCLAX_CLL_REVIEW.html,NCT02950051,CLL13/GAIA,458,926,GAIA,Standard Chemoimmunotherapy (FCR/BR) Versus Rituximab + Venetoclax (RVe) Versus ,0.495,OK
VOCLOSPORIN_LN_REVIEW.html,NCT03021499,AURORA 1,357,358,AURORA,Aurinia Renal Response in Active Lupus With Voclosporin,0.997,OK
VORASIDENIB_GLIOMA_REVIEW.html,NCT04164901,INDIGO,331,331,,Study of Vorasidenib (AG-881) in Participants With Residual or Recurrent Grade 2,1.0,OK
VUTRISIRAN_ATTR_REVIEW.html,NCT04153149,HELIOS-B,655,655,,HELIOS-B: A Study to Evaluate Vutrisiran in Patients With Transthyretin Amyloido,1.0,OK
ZOLBETUXIMAB_GASTRIC_REVIEW.html,NCT03504397,SPOTLIGHT,565,565,Spotlight,A Study to Compare Zolbetuximab (IMAB362) and Chemotherapy With Placebo and Chem,1.0,OK
ZOLBETUXIMAB_GASTRIC_REVIEW.html,NCT03653507,GLOW,507,507,GLOW,A Study of Zolbetuximab (IMAB362) Plus CAPOX Compared With Placebo Plus CAPOX as,1.0,OK
ZURANOLONE_PPD_REVIEW.html,NCT04442503,SKYLARK,170,200,,A Study to Evaluate the Efficacy and Safety of SAGE-217 in Participants With Sev,0.85,OK
ZURANOLONE_PPD_REVIEW.html,NCT02978326,ROBIN,153,276,,A Study to Evaluate SAGE-217 in Participants With Severe Postpartum Depression,0.554,OK
