file,key,name,tE,tN,cE,cN,p0,FI,p_flipped,flip_target,verdict
ACALABRUTINIB_CLL_REVIEW.html,NCT02475681,ELEVATE-TN,22,179,101,177,0.0000,62,0.0573,treatment,OK
ACALABRUTINIB_CLL_REVIEW.html,NCT02970318,ASCEND,27,155,95,155,0.0000,50,0.0519,treatment,OK
ACORAMIDIS_ATTR_CM_REVIEW.html,NCT03860935,ATTRibute-CM,76,421,62,211,0.0015,18,0.0629,treatment,OK
ACS_ANTIPLATELET_NMA_REVIEW.html,NCT00391872,PLATO,864,9333,1014,9291,0.0002,73,0.0526,treatment,OK
ACS_ANTIPLATELET_NMA_REVIEW.html,NCT00097591,TRITON-TIMI 38,643,6813,781,6795,0.0001,68,0.0514,treatment,OK
ACS_ANTIPLATELET_NMA_REVIEW.html,NCT01944800,ISAR-REACT 5,184,2012,137,2006,0.0074,12,0.0517,control,OK
ACS_ANTIPLATELET_NMA_REVIEW.html,NCT02270242,TWILIGHT,141,3555,250,3564,0.0000,68,0.0536,treatment,OK
ADC_HER2_ADJUVANT_NMA_REVIEW.html,NCT01772472,KATHERINE,91,743,165,743,0.0000,43,0.0521,treatment,OK
ADC_HER2_LOW_NMA_REVIEW.html,NCT03734029,DESTINY-Breast04,184,373,127,184,0.0000,42,0.0614,treatment,OK
ADC_HER2_LOW_NMA_REVIEW.html,NCT04494425,DESTINY-Breast06,235,436,274,430,0.0037,14,0.0517,treatment,OK
ADC_HER2_NMA_REVIEW.html,NCT03529110,DESTINY-Breast03,131,261,215,263,0.0000,64,0.0568,treatment,OK
ADC_HER2_NMA_REVIEW.html,NCT00829166,EMILIA,265,495,304,496,0.0147,8,0.0534,treatment,OK
ADC_HER2_NMA_REVIEW.html,NCT01419197,TH3RESA,219,404,149,198,0.0000,54,0.0582,treatment,OK
ADC_HER2_NMA_REVIEW.html,NCT03523585,DESTINY-Breast02,0,406,0,202,1.0000,,,,NOT_SIGNIFICANT
ADJUVANT_IO_MELANOMA_REVIEW.html,NCT02362594,KEYNOTE-054,135,514,216,505,0.0000,54,0.0548,treatment,OK
ADJUVANT_IO_MELANOMA_REVIEW.html,NCT02388906,CheckMate-238,154,453,206,453,0.0005,22,0.0510,treatment,OK
ADJUVANT_IO_MELANOMA_REVIEW.html,NCT01682083,COMBI-AD,166,438,248,432,0.0000,57,0.0570,treatment,OK
AFICAMTEN_HCM_REVIEW.html,NCT05186818,SEQUOIA-HCM,95,139,32,143,0.0000,50,0.0649,control,OK
AGYW_HIV_PREP_NMA_REVIEW.html,NCT02732730,"HPTN 082 (oral PrEP, AGYW)",51,226,27,225,0.0040,7,0.0537,control,OK
AGYW_HIV_PREP_NMA_REVIEW.html,NCT01386294,"FACTS-001 (vaginal tenofovir gel, AGYW)",61,1015,62,1009,0.9260,,,,NOT_SIGNIFICANT
ALK_NSCLC_NMA_REVIEW.html,NCT02075840,ALEX,62,152,102,151,0.0000,24,0.0582,treatment,OK
ALK_NSCLC_NMA_REVIEW.html,NCT02737501,ALTA-1L,56,137,87,138,0.0003,14,0.0516,treatment,OK
ALK_NSCLC_NMA_REVIEW.html,NCT03052608,CROWN,35,149,88,147,0.0000,38,0.0632,treatment,OK
ALK_NSCLC_NMA_REVIEW.html,NCT02767804,eXalt3,60,143,89,147,0.0022,10,0.0589,treatment,OK
ALOPECIA_JAKI_NMA_REVIEW.html,NCT03570749,BRAVE-AA1,102,281,9,189,0.0000,43,0.0567,control,OK
ALOPECIA_JAKI_NMA_REVIEW.html,NCT03899259,BRAVE-AA2,80,234,5,156,0.0000,34,0.0571,control,OK
ALOPECIA_JAKI_NMA_REVIEW.html,NCT03732807,ALLEGRO-2b/3,35,130,1,131,0.0000,21,0.0525,control,OK
ALOPECIA_JAKI_NMA_REVIEW.html,NCT04518995,THRIVE-AA1,92,235,1,117,0.0000,33,0.0765,control,OK
ALOPECIA_JAKI_NMA_REVIEW.html,NCT04797650,THRIVE-AA2,75,175,1,86,0.0000,25,0.0584,control,OK
ANIFROLUMAB_SLE_REVIEW.html,NCT02446912,TULIP-1,122,180,92,184,0.0007,14,0.0513,control,OK
ANIFROLUMAB_SLE_REVIEW.html,NCT02446899,TULIP-2,86,180,57,182,0.0018,11,0.0555,control,OK
ANTI_CD20_MS_NMA_REVIEW.html,NCT01247324,OPERA I,95,410,167,411,0.0000,44,0.0513,treatment,OK
ANTI_CD20_MS_NMA_REVIEW.html,NCT01412333,OPERA II,87,417,153,418,0.0000,39,0.0564,treatment,OK
ANTI_CD20_MS_NMA_REVIEW.html,NCT02792218,ASCLEPIOS I,99,465,169,462,0.0000,43,0.0519,treatment,OK
ANTI_CD20_MS_NMA_REVIEW.html,NCT02792231,ASCLEPIOS II,95,481,165,474,0.0000,44,0.0520,treatment,OK
ANTI_CD20_MS_NMA_REVIEW.html,NCT03277261,ULTIMATE I,35,274,90,275,0.0000,34,0.0598,treatment,OK
ANTI_CD20_MS_NMA_REVIEW.html,NCT03277248,ULTIMATE II,36,272,91,272,0.0000,34,0.0601,treatment,OK
ANTIAMYLOID_AD_NMA_REVIEW.html,NCT03887455,Clarity AD,0,859,0,875,1.0000,,,,NOT_SIGNIFICANT
ANTIAMYLOID_AD_NMA_REVIEW.html,NCT04437511,TRAILBLAZER-ALZ 2,0,860,0,876,1.0000,,,,NOT_SIGNIFICANT
ANTIAMYLOID_AD_NMA_REVIEW.html,NCT02477800,EMERGE,0,547,0,545,1.0000,,,,NOT_SIGNIFICANT
ANTIAMYLOID_AD_NMA_REVIEW.html,NCT02484547,ENGAGE,0,555,0,548,1.0000,,,,NOT_SIGNIFICANT
ANTIAMYLOID_AD_NMA_REVIEW.html,NCT03444870,GRADUATE I,0,493,0,492,1.0000,,,,NOT_SIGNIFICANT
ANTIAMYLOID_AD_NMA_REVIEW.html,NCT03443973,GRADUATE II,0,490,0,490,1.0000,,,,NOT_SIGNIFICANT
ANTIAMYLOID_AD_NMA_REVIEW.html,NCT01900665,EXPEDITION 3,0,1057,0,1072,1.0000,,,,NOT_SIGNIFICANT
ANTIAMYLOID_AD_REVIEW.html,NCT02484547,ENGAGE,0,555,0,548,1.0000,,,,NOT_SIGNIFICANT
ANTIPSYCHOTICS_SCHIZO_NMA_REVIEW.html,LEGACY-OLANZAPINE-PIVOTAL,Olanzapine-Pivotal,0,335,0,105,1.0000,,,,NOT_SIGNIFICANT
ANTIPSYCHOTICS_SCHIZO_NMA_REVIEW.html,LEGACY-RISPERIDONE-PIVOTAL,Risperidone-Pivotal,0,80,0,80,1.0000,,,,NOT_SIGNIFICANT
ANTIPSYCHOTICS_SCHIZO_NMA_REVIEW.html,LEGACY-QUETIAPINE-PIVOTAL,Quetiapine-Pivotal,0,361,0,96,1.0000,,,,NOT_SIGNIFICANT
ANTIPSYCHOTICS_SCHIZO_NMA_REVIEW.html,LEGACY-ARIPIPRAZOLE-PIVOTAL,Aripiprazole-Pivotal,0,211,0,106,1.0000,,,,NOT_SIGNIFICANT
ANTIPSYCHOTICS_SCHIZO_NMA_REVIEW.html,LEGACY-ZIPRASIDONE-PIVOTAL,Ziprasidone-Pivotal,0,139,0,91,1.0000,,,,NOT_SIGNIFICANT
ANTIPSYCHOTICS_SCHIZO_NMA_REVIEW.html,LEGACY-PALIPERIDONE-PIVOTAL,Paliperidone-Pivotal,0,444,0,124,1.0000,,,,NOT_SIGNIFICANT
ANTIPSYCHOTICS_SCHIZO_NMA_REVIEW.html,LEGACY-LURASIDONE-PIVOTAL,Lurasidone-Pivotal,0,354,0,120,1.0000,,,,NOT_SIGNIFICANT
ANTIPSYCHOTICS_SCHIZO_NMA_REVIEW.html,LEGACY-HALOPERIDOL-PIVOTAL,Haloperidol-Pivotal,0,270,0,136,1.0000,,,,NOT_SIGNIFICANT
ANTIVEGF_NAMD_NMA_REVIEW.html,NCT00509795,VIEW-1,0,304,0,304,1.0000,,,,NOT_SIGNIFICANT
ANTIVEGF_NAMD_NMA_REVIEW.html,NCT00637377,VIEW-2,0,306,0,291,1.0000,,,,NOT_SIGNIFICANT
ANTIVEGF_NAMD_NMA_REVIEW.html,NCT03823287,TENAYA,0,334,0,337,1.0000,,,,NOT_SIGNIFICANT
ANTIVEGF_NAMD_NMA_REVIEW.html,NCT03823300,LUCERNE,0,331,0,327,1.0000,,,,NOT_SIGNIFICANT
ANTIVEGF_NAMD_NMA_REVIEW.html,NCT04423718,PULSAR,0,335,0,336,1.0000,,,,NOT_SIGNIFICANT
ANTIVEGF_NAMD_NMA_REVIEW.html,NCT02307682,HAWK,0,360,0,360,1.0000,,,,NOT_SIGNIFICANT
ANTIVEGF_NAMD_NMA_REVIEW.html,NCT02434328,HARRIER,0,370,0,369,1.0000,,,,NOT_SIGNIFICANT
ANTIVEGF_NAMD_NMA_REVIEW.html,NCT00593450,CATT,0,284,0,286,1.0000,,,,NOT_SIGNIFICANT
ANTIVEGF_NAMD_NMA_REVIEW.html,NCT00056836,MARINA,0,240,0,238,1.0000,,,,NOT_SIGNIFICANT
ANTIVEGF_NAMD_NMA_REVIEW.html,NCT00061594,ANCHOR,0,140,0,143,1.0000,,,,NOT_SIGNIFICANT
ARPI_mHSPC_REVIEW.html,NCT02677896,ARCHES,154,574,202,576,0.0027,16,0.0508,treatment,OK
ARPI_mHSPC_REVIEW.html,NCT02446405,ENZAMET,102,562,143,563,0.0038,13,0.0554,treatment,OK
ARPI_mHSPC_REVIEW.html,NCT02489318,TITAN,170,525,235,527,0.0000,33,0.0528,treatment,OK
ARPI_mHSPC_REVIEW.html,NCT02799602,ARASENS,229,651,304,654,0.0000,38,0.0508,treatment,OK
ARPI_mHSPC_REVIEW.html,NCT01715285,LATITUDE,275,597,365,602,0.0000,54,0.0539,treatment,OK
ARPI_NMCRPC_REVIEW.html,NCT01946204,SPARTAN,184,806,194,401,0.0000,158,0.0565,treatment,OK
ARPI_NMCRPC_REVIEW.html,NCT02003924,PROSPER,219,933,228,468,0.0000,184,0.0530,treatment,OK
ARPI_NMCRPC_REVIEW.html,NCT02200614,ARAMIS,221,955,216,554,0.0000,103,0.0513,treatment,OK
ATOPIC_DERM_NMA_REVIEW.html,NCT02277743,SOLO-1-Dupi,115,224,34,224,0.0000,60,0.0581,control,OK
ATOPIC_DERM_NMA_REVIEW.html,NCT03131648,ECZTRA-1,62,249,32,251,0.0006,13,0.0640,control,OK
ATOPIC_DERM_NMA_REVIEW.html,NCT04146363,ADvocate1,165,283,24,141,0.0000,44,0.0620,control,OK
ATOPIC_DERM_NMA_REVIEW.html,NCT03985943,ARCADIA-1,168,412,32,202,0.0000,34,0.0631,control,OK
ATOPIC_DERM_NMA_REVIEW.html,NCT03349060,JADE-MONO-1,96,154,9,77,0.0000,29,0.0669,control,OK
ATOPIC_DERM_NMA_REVIEW.html,NCT03569293,MeasureUp-1,196,281,23,141,0.0000,62,0.0627,control,OK
ATOPIC_DERM_NMA_REVIEW.html,NCT03334396,BREEZE-AD1,59,249,22,249,0.0000,19,0.0569,control,OK
ATTR_CM_NMA_REVIEW.html,NCT01994889,ATTR-ACT,78,264,76,177,0.0044,11,0.0566,treatment,OK
ATTR_CM_NMA_REVIEW.html,NCT04153149,HELIOS-B,83,326,119,329,0.0031,12,0.0560,treatment,OK
ATTR_CM_NMA_REVIEW.html,NCT03860935,ATTRibute-CM,81,421,47,211,0.4014,,,,NOT_SIGNIFICANT
AZITHROMYCIN_CHILD_MORTALITY_REVIEW.html,NCT02047981,MORDOR-I,3000,95000,3500,95000,0.0000,340,0.0502,treatment,OK
AZITHROMYCIN_CHILD_MORTALITY_REVIEW.html,NCT02048007,MORDOR-II,1100,50000,1265,50000,0.0006,69,0.0512,treatment,OK
AZITHROMYCIN_CHILD_MORTALITY_REVIEW.html,NCT04224987,AVENIR,580,45000,672,45000,0.0096,22,0.0515,treatment,OK
BELIMUMAB_SLE_REVIEW.html,NCT00424476,BLISS-52,118,205,93,213,0.0047,9,0.0506,control,OK
BELIMUMAB_SLE_REVIEW.html,NCT00410384,BLISS-76,85,197,66,195,0.0624,,,,NOT_SIGNIFICANT
BELIMUMAB_SLE_REVIEW.html,NCT01484496,BLISS-SC,341,556,136,280,0.0005,16,0.0531,control,OK
BELIMUMAB_SLE_REVIEW.html,NCT01639339,BLISS-LN,96,223,72,223,0.0245,3,0.0513,control,WARN
BIMEKIZUMAB_PSORIASIS_REVIEW.html,NCT03370133,BE-VIVID,273,321,4,83,0.0000,59,0.0688,control,OK
BIMEKIZUMAB_PSORIASIS_REVIEW.html,NCT03410992,BE-READY,273,349,1,86,0.0000,58,0.0664,control,OK
BIMEKIZUMAB_PSORIASIS_REVIEW.html,NCT03412747,BE-SURE,275,319,75,159,0.0000,51,0.0640,control,OK
BPAL_MDRTB_REVIEW.html,NCT02589782,TB-PRACTECAL,123,138,60,113,0.0000,30,0.0507,control,OK
BPAL_MDRTB_REVIEW.html,NCT02409290,STREAM-2,172,207,143,202,0.0033,9,0.0524,control,OK
BPAL_MDRTB_REVIEW.html,NCT02754765,endTB-MDR,136,155,120,151,0.0631,,,,NOT_SIGNIFICANT
BTKI_CLL_NMA_REVIEW.html,NCT02475681,ELEVATE-TN,22,179,101,177,0.0000,62,0.0573,treatment,OK
BTKI_CLL_NMA_REVIEW.html,NCT02477696,ELEVATE-RR,143,268,143,265,0.9308,,,,NOT_SIGNIFICANT
BTKI_CLL_NMA_REVIEW.html,NCT03734016,ALPINE,87,327,118,325,0.0089,8,0.0548,treatment,OK
BTKI_CLL_NMA_REVIEW.html,NCT01722487,RESONATE-2,25,136,104,133,0.0000,67,0.0560,treatment,OK
BTKI_CLL_NMA_REVIEW.html,NCT03336333,SEQUOIA,82,241,166,238,0.0000,65,0.0547,treatment,OK
BTKI_CLL_NMA_REVIEW.html,NCT01578707,RESONATE,33,195,124,196,0.0000,71,0.0516,treatment,OK
BTKI_CLL_NMA_REVIEW.html,NCT02970318,ASCEND,55,155,95,155,0.0000,22,0.0519,treatment,OK
CAB_PREP_HIV_REVIEW.html,NCT02720094,HPTN 083,13,2282,39,2284,0.0004,10,0.0542,treatment,OK
CAB_PREP_HIV_REVIEW.html,NCT03164564,HPTN 084,4,1614,36,1610,0.0000,18,0.0647,treatment,OK
CABOTEGRAVIR_HIV_ART_REVIEW.html,NCT02951052,ATLAS,5,308,3,308,0.7248,,,,NOT_SIGNIFICANT
CABOTEGRAVIR_HIV_ART_REVIEW.html,NCT02938520,FLAIR,6,283,7,283,1.0000,,,,NOT_SIGNIFICANT
CABOTEGRAVIR_HIV_ART_REVIEW.html,NCT03299049,ATLAS-2M,9,522,5,523,0.2982,,,,NOT_SIGNIFICANT
CANGRELOR_PCI_REVIEW.html,NCT00305162,CHAMPION-PCI,335,4459,317,4466,0.4642,,,,NOT_SIGNIFICANT
CANGRELOR_PCI_REVIEW.html,NCT00385138,CHAMPION-PLATFORM,185,2654,210,2641,0.1909,,,,NOT_SIGNIFICANT
CANGRELOR_PCI_REVIEW.html,NCT01156571,CHAMPION-PHOENIX,257,5472,322,5470,0.0055,19,0.0531,treatment,OK
CAPIVASERTIB_BC_REVIEW.html,NCT04305496,CAPItello-291,0,355,0,353,1.0000,,,,NOT_SIGNIFICANT
CARDIORENAL_DKD_NMA_REVIEW.html,NCT02540993,FIDELIO-DKD,504,2833,600,2841,0.0016,35,0.0505,treatment,OK
CARDIORENAL_DKD_NMA_REVIEW.html,NCT02545049,FIGARO-DKD,458,3686,519,3666,0.0304,6,0.0508,treatment,OK
CARDIORENAL_DKD_NMA_REVIEW.html,NCT02065791,CREDENCE,245,2202,340,2199,0.0000,50,0.0536,treatment,OK
CARDIORENAL_DKD_NMA_REVIEW.html,NCT03036150,DAPA-CKD,197,2152,312,2152,0.0000,71,0.0549,treatment,OK
CARDIORENAL_DKD_NMA_REVIEW.html,NCT03594110,EMPA-KIDNEY,432,3304,558,3305,0.0000,67,0.0516,treatment,OK
CARDIORENAL_DKD_NMA_REVIEW.html,NCT03819153,FLOW,331,1767,410,1766,0.0011,31,0.0507,treatment,OK
CART_DLBCL_REVIEW.html,NCT03391466,ZUMA-7,108,180,144,179,0.0000,21,0.0634,treatment,OK
CART_DLBCL_REVIEW.html,NCT03575351,TRANSFORM,35,92,63,92,0.0001,15,0.0688,treatment,OK
CART_DLBCL_REVIEW.html,NCT03570892,BELINDA,94,162,95,160,0.8217,,,,NOT_SIGNIFICANT
CART_MM_REVIEW.html,NCT04181827,CARTITUDE-4,45,208,106,211,0.0000,40,0.0624,treatment,OK
CART_MM_REVIEW.html,NCT03651128,KarMMa-3,120,254,93,132,0.0000,33,0.0577,treatment,OK
CBD_SEIZURE_REVIEW.html,NCT02091375,GWPCARE1,26,61,16,59,0.0872,,,,NOT_SIGNIFICANT
CBD_SEIZURE_REVIEW.html,NCT02224690,GWPCARE2,31,67,17,65,0.0192,3,0.0761,control,WARN
CBD_SEIZURE_REVIEW.html,NCT02224560,GWPCARE3,30,76,11,73,0.0009,7,0.0566,control,OK
CBD_SEIZURE_REVIEW.html,NCT02224703,GWPCARE4,38,86,20,85,0.0059,5,0.0571,control,OK
CD_BIOLOGICS_NMA_REVIEW.html,LEGACY-PRENCT-ACCENT-1,ACCENT-1,72,385,22,188,0.0407,1,0.0557,control,FAIL
CD_BIOLOGICS_NMA_REVIEW.html,LEGACY-PRENCT-CLASSIC-1,CLASSIC-1,66,74,14,74,0.0000,42,0.0504,control,OK
CD_BIOLOGICS_NMA_REVIEW.html,NCT00152490,PRECiSE-1,81,331,56,331,0.0211,4,0.0574,control,OK
CD_BIOLOGICS_NMA_REVIEW.html,NCT01224171,GEMINI-2,32,220,10,148,0.0287,2,0.0718,control,WARN
CD_BIOLOGICS_NMA_REVIEW.html,NCT01369329,UNITI-1,67,249,37,247,0.0013,11,0.0555,control,OK
CD_BIOLOGICS_NMA_REVIEW.html,NCT03105128,ADVANCE,110,372,41,175,0.1514,,,,NOT_SIGNIFICANT
CD_BIOLOGICS_NMA_REVIEW.html,NCT03345849,U-EXCEL,129,306,34,177,0.0000,25,0.0657,control,OK
CDK46_MBC_REVIEW.html,NCT01740427,PALOMA-2,194,444,137,222,0.0000,45,0.0568,treatment,OK
CDK46_MBC_REVIEW.html,NCT01958021,MONALEESA-2,93,334,150,334,0.0000,32,0.0591,treatment,OK
CDK46_MBC_REVIEW.html,NCT02246621,MONARCH-3,151,328,114,165,0.0000,46,0.0601,treatment,OK
CFTR_MODULATORS_NMA_REVIEW.html,NCT01807923,TRAFFIC,0,369,0,184,1.0000,,,,NOT_SIGNIFICANT
CFTR_MODULATORS_NMA_REVIEW.html,NCT02347657,EVOLVE,0,251,0,248,1.0000,,,,NOT_SIGNIFICANT
CFTR_MODULATORS_NMA_REVIEW.html,NCT03525444,VX18-445-102,0,200,0,203,1.0000,,,,NOT_SIGNIFICANT
CGRP_MIGRAINE_NMA_REVIEW.html,NCT02456740,STRIVE,0,319,0,316,1.0000,,,,NOT_SIGNIFICANT
CGRP_MIGRAINE_NMA_REVIEW.html,NCT02629861,HALO-EM,0,290,0,294,1.0000,,,,NOT_SIGNIFICANT
CGRP_MIGRAINE_NMA_REVIEW.html,NCT02614183,EVOLVE-1,0,213,0,425,1.0000,,,,NOT_SIGNIFICANT
CGRP_MIGRAINE_NMA_REVIEW.html,NCT02559895,PROMISE-1,0,222,0,222,1.0000,,,,NOT_SIGNIFICANT
CHOLERA_OCV_REVIEW.html,NCT02027207,Single-Dose Shanchol Bangladesh,14,102552,28,101886,0.0310,2,0.0716,treatment,WARN
COLCHICINE_CVD_REVIEW.html,NCT02551094,COLCOT,131,2366,170,2379,0.0236,5,0.0513,treatment,OK
COLCHICINE_CVD_REVIEW.html,NCT03048825,CLEAR SYNERGY,322,3528,327,3534,0.8692,,,,NOT_SIGNIFICANT
COLCHICINE_CVD_REVIEW.html,NCT02898610,CONVINCE,153,1569,185,1575,0.0744,,,,NOT_SIGNIFICANT
COPD_TRIPLE_REVIEW.html,NCT02465567,ETHOS,1523,2137,1912,2120,0.0000,365,0.0536,treatment,OK
COPD_TRIPLE_REVIEW.html,NCT02497001,KRONOS,385,639,619,625,0.0000,238,0.0508,treatment,OK
COVID_ORAL_ANTIVIRALS_REVIEW.html,NCT04960202,EPIC-HR,5,697,44,682,0.0000,23,0.0522,treatment,OK
COVID_ORAL_ANTIVIRALS_REVIEW.html,NCT04575597,MOVe-OUT,48,709,68,699,0.0522,,,,NOT_SIGNIFICANT
CRYPTOCOCCAL_MENINGITIS_AFRICA_NMA_REVIEW.html,LEGACY-ISRCTN-45035509-ACTA,ACTA (Molloy 2018),86,333,95,332,0.4339,,,,NOT_SIGNIFICANT
CRYPTOCOCCAL_MENINGITIS_AFRICA_NMA_REVIEW.html,LEGACY-ISRCTN-72509687-AMBITION-CM,AMBITION-cm (Jarvis 2022),101,407,117,407,0.2351,,,,NOT_SIGNIFICANT
CRYPTOCOCCAL_MENINGITIS_AFRICA_NMA_REVIEW.html,NCT01075152,COAT (ART timing in CM),40,88,27,89,0.0445,1,0.0645,control,FAIL
DIABETIC_RETINOPATHY_NMA_REVIEW.html,NCT01489189,Protocol S DRCR (Gross 2015),6,191,8,203,0.7881,,,,NOT_SIGNIFICANT
DIABETIC_RETINOPATHY_NMA_REVIEW.html,NCT02718326,PANORAMA (Brown 2021),79,269,16,133,0.0001,11,0.0551,control,OK
DIABETIC_RETINOPATHY_NMA_REVIEW.html,NCT02634333,Protocol W DRCR (Maturi 2021),41,200,75,199,0.0002,16,0.0559,treatment,OK
DOAC_AF_NMA_REVIEW.html,NCT00262600,RE-LY,134,6076,202,6022,0.0001,32,0.0500,treatment,OK
DOAC_AF_NMA_REVIEW.html,NCT00403767,ROCKET-AF,188,7081,241,7090,0.0107,12,0.0529,treatment,OK
DOAC_AF_NMA_REVIEW.html,NCT00412984,ARISTOTLE,212,9120,265,9081,0.0122,12,0.0543,treatment,OK
DOAC_AF_NMA_REVIEW.html,NCT00781391,ENGAGE-AF-TIMI-48,182,7035,232,7036,0.0144,10,0.0543,treatment,OK
DOAC_AF_REVIEW.html,NCT00262600,RE-LY,134,6076,199,6022,0.0002,30,0.0550,treatment,OK
DOAC_AF_REVIEW.html,NCT00403767,ROCKET-AF,269,7081,306,7090,0.1253,,,,NOT_SIGNIFICANT
DOAC_AF_REVIEW.html,NCT00412984,ARISTOTLE,212,9120,265,9081,0.0122,12,0.0543,treatment,OK
DOAC_AF_REVIEW.html,NCT00781391,ENGAGE AF-TIMI 48,296,7035,337,7036,0.1037,,,,NOT_SIGNIFICANT
DOAC_VTE_NMA_REVIEW.html,NCT00291330,RE-COVER,30,1274,27,1265,0.7891,,,,NOT_SIGNIFICANT
DOAC_VTE_NMA_REVIEW.html,NCT00440193,EINSTEIN-DVT,36,1731,51,1718,0.1037,,,,NOT_SIGNIFICANT
DOAC_VTE_NMA_REVIEW.html,NCT00643201,AMPLIFY,59,2691,71,2704,0.3290,,,,NOT_SIGNIFICANT
DOAC_VTE_NMA_REVIEW.html,NCT00986154,HOKUSAI-VTE,130,4118,146,4122,0.3584,,,,NOT_SIGNIFICANT
DOLUTEGRAVIR_ART_SSA_REVIEW.html,NCT03122262,ADVANCE,285,351,257,351,0.0150,6,0.0552,control,OK
DOLUTEGRAVIR_ART_SSA_REVIEW.html,NCT02777229,NAMSAL,231,310,209,303,0.1509,,,,NOT_SIGNIFICANT
DOLUTEGRAVIR_ART_SSA_REVIEW.html,NCT03048422,IMPAACT 2010,212,217,183,211,0.0000,15,0.0552,control,OK
DONANEMAB_AD_SOLO_REVIEW.html,NCT04437511,TRAILBLAZER-ALZ 2,246,860,297,876,0.0198,8,0.0564,treatment,OK
DORAVIRINE_HIV_REVIEW.html,NCT02403674,DRIVE-AHEAD,307,364,294,364,0.2411,,,,NOT_SIGNIFICANT
DORAVIRINE_HIV_REVIEW.html,NCT02275780,DRIVE-FORWARD,321,383,306,383,0.1892,,,,NOT_SIGNIFICANT
DORAVIRINE_HIV_REVIEW.html,NCT02397096,DRIVE-SHIFT,406,447,211,223,0.0958,,,,NOT_SIGNIFICANT
DUPILUMAB_AD_REVIEW.html,NCT02277743,SOLO-1,85,224,23,224,0.0000,42,0.0570,control,OK
DUPILUMAB_AD_REVIEW.html,NCT02277769,SOLO-2,84,233,20,236,0.0000,45,0.0593,control,OK
DUPILUMAB_AD_REVIEW.html,NCT02260986,CHRONOS,125,319,39,315,0.0000,61,0.0563,control,OK
DUPILUMAB_COPD_REVIEW.html,NCT03930732,BOREAS,330,468,457,471,0.0000,112,0.0536,treatment,OK
DUPILUMAB_COPD_REVIEW.html,NCT04456673,NOTUS,309,468,457,467,0.0000,138,0.0661,treatment,OK
EBOLA_VACCINE_REVIEW.html,NCT02378753,STRIVE Sierra Leone (rVSV\u0394G-ZEBOV),0,4341,0,4310,1.0000,,,,NOT_SIGNIFICANT
EBOLA_VACCINE_REVIEW.html,LEGACY-PACTR-EBOLA-CI-RING,Ebola ça Suffit Guinea Ring (Henao-Restr,0,2119,16,2041,0.0000,7,0.0593,treatment,OK
EFGARTIGIMOD_MG_REVIEW.html,NCT03669588,ADAPT,56,84,25,83,0.0000,18,0.0595,control,OK
ELACESTRANT_BC_REVIEW.html,NCT03778931,EMERALD,0,239,0,239,1.0000,,,,NOT_SIGNIFICANT
ENSIFENTRINE_COPD_REVIEW.html,NCT04535986,ENHANCE-1,116,380,182,380,0.0000,39,0.0576,treatment,OK
ENSIFENTRINE_COPD_REVIEW.html,NCT04542057,ENHANCE-2,105,395,184,394,0.0000,52,0.0525,treatment,OK
ETRASIMOD_UC_REVIEW.html,NCT03945188,ELEVATE UC 52,78,289,10,144,0.0000,17,0.0739,control,OK
ETRASIMOD_UC_REVIEW.html,NCT03996369,ELEVATE UC 12,60,238,17,116,0.0278,2,0.0766,control,WARN
EVT_BASILAR_REVIEW.html,NCT04751708,ATTENTION,104,226,26,114,0.0000,14,0.0630,control,OK
EVT_BASILAR_REVIEW.html,NCT02737189,BAOCHE,51,110,26,107,0.0010,9,0.0518,control,OK
EVT_BASILAR_REVIEW.html,NCT01717755,BASICS,68,154,55,146,0.2908,,,,NOT_SIGNIFICANT
EVT_EXTENDED_WINDOW_REVIEW.html,NCT02142283,DAWN,52,107,13,99,0.0000,22,0.0666,control,OK
EVT_EXTENDED_WINDOW_REVIEW.html,NCT02586415,DEFUSE 3,52,115,16,92,0.0000,14,0.0859,control,OK
EVT_EXTENDED_WINDOW_REVIEW.html,NCT03098355,MR CLEAN-LATE,98,255,66,247,0.0058,9,0.0608,control,OK
EVT_LARGECORE_REVIEW.html,NCT03702413,RESCUE-Japan LIMIT,14,101,8,101,0.2585,,,,NOT_SIGNIFICANT
EVT_LARGECORE_REVIEW.html,NCT04551664,ANGEL-ASPECT,69,230,27,225,0.0000,22,0.0540,control,OK
EVT_LARGECORE_REVIEW.html,NCT03876457,SELECT2,35,178,12,172,0.0005,9,0.0598,control,OK
EVT_LARGECORE_REVIEW.html,NCT03094715,TENSION,50,125,18,128,0.0000,19,0.0658,control,OK
EVT_LARGECORE_REVIEW.html,NCT03811769,LASTE,16,166,7,167,0.0546,,,,NOT_SIGNIFICANT
EVT_LARGECORE_REVIEW.html,NCT03805308,TESLA,30,152,24,148,0.4553,,,,NOT_SIGNIFICANT
FENFLURAMINE_SEIZURE_REVIEW.html,NCT02682927,Study 1 (Dravet),27,40,5,40,0.0000,13,0.0707,control,OK
FENFLURAMINE_SEIZURE_REVIEW.html,NCT02926898,Study 2 (Dravet+stiripentol),23,43,2,44,0.0000,12,0.0521,control,OK
FENFLURAMINE_SEIZURE_REVIEW.html,NCT03355209,LGS Study 1,22,87,9,87,0.0165,2,0.0520,control,WARN
FINERENONE_REVIEW.html,NCT02540993,FIDELIO-DKD,367,2833,420,2841,0.0501,,,,NOT_SIGNIFICANT
FINERENONE_REVIEW.html,NCT02545049,FIGARO-DKD,458,3686,519,3666,0.0304,6,0.0508,treatment,OK
FINERENONE_REVIEW.html,NCT04435626,FINEARTS-HF,624,3003,719,2998,0.0029,33,0.0531,treatment,OK
FINERENONE_REVIEW.html,NCT01874431,ARTS-DN,3,727,1,94,0.3857,,,,NOT_SIGNIFICANT
FRAGILITY_FRACTURE_NMA_REVIEW.html,NCT01631214,ARCH,127,2046,243,2047,0.0000,76,0.0503,treatment,OK
FRAGILITY_FRACTURE_NMA_REVIEW.html,NCT01575834,FRAME,16,3589,59,3591,0.0000,23,0.0528,treatment,OK
FRAGILITY_FRACTURE_NMA_REVIEW.html,NCT00321620,ACTIVE,8,824,39,821,0.0000,16,0.0547,treatment,OK
FRAGILITY_FRACTURE_NMA_REVIEW.html,NCT00089791,FREEDOM,86,3902,264,3906,0.0000,136,0.0547,treatment,OK
FRAGILITY_FRACTURE_NMA_REVIEW.html,LEGACY-VERT-1999,VERT,35,197,64,191,0.0005,13,0.0567,treatment,OK
GLP1_CVOT_NMA_REVIEW.html,NCT01179048,LEADER,608,4668,694,4672,0.0111,19,0.0500,treatment,OK
GLP1_CVOT_NMA_REVIEW.html,NCT01720446,SUSTAIN-6,108,1648,146,1649,0.0155,7,0.0528,treatment,OK
GLP1_CVOT_NMA_REVIEW.html,NCT01394952,REWIND,594,4949,663,4952,0.0401,4,0.0537,treatment,OK
GLP1_CVOT_NMA_REVIEW.html,NCT02692716,PIONEER-6,61,1591,76,1592,0.2213,,,,NOT_SIGNIFICANT
GLP1_CVOT_NMA_REVIEW.html,NCT01147250,ELIXA,406,3034,399,3034,0.8204,,,,NOT_SIGNIFICANT
GLP1_CVOT_NMA_REVIEW.html,NCT02465515,HARMONY-Outcomes,338,4731,428,4732,0.0008,36,0.0504,treatment,OK
GLP1_CVOT_NMA_REVIEW.html,NCT01144338,EXSCEL,839,7356,905,7396,0.1199,,,,NOT_SIGNIFICANT
GLP1_CVOT_NMA_REVIEW.html,NCT03496298,AMPLITUDE-O,189,2717,125,1359,0.0127,13,0.0578,treatment,OK
GLP1_CVOT_REVIEW.html,NCT01147250,ELIXA,406,3034,399,3034,0.8204,,,,NOT_SIGNIFICANT
GLP1_CVOT_REVIEW.html,NCT01179048,LEADER,608,4668,694,4672,0.0111,19,0.0500,treatment,OK
GLP1_CVOT_REVIEW.html,NCT01720446,SUSTAIN-6,108,1648,146,1649,0.0155,7,0.0528,treatment,OK
GLP1_CVOT_REVIEW.html,NCT01144338,EXSCEL,839,7356,905,7396,0.1199,,,,NOT_SIGNIFICANT
GLP1_CVOT_REVIEW.html,NCT02465515,HARMONY Outcomes,338,4731,428,4732,0.0008,36,0.0504,treatment,OK
GLP1_CVOT_REVIEW.html,NCT01394952,REWIND,594,4949,663,4952,0.0401,4,0.0537,treatment,OK
GLP1_CVOT_REVIEW.html,NCT02692716,PIONEER 6,61,1591,76,1592,0.2213,,,,NOT_SIGNIFICANT
GLP1_CVOT_REVIEW.html,NCT03574597,SELECT,569,8803,701,8801,0.0001,64,0.0528,treatment,OK
GLP1_CVOT_REVIEW.html,NCT03496298,AMPLITUDE-O,189,2717,125,1359,0.0127,13,0.0578,treatment,OK
GLP1_CVOT_REVIEW.html,NCT03914326,SOUL,579,4825,668,4825,0.0076,23,0.0503,treatment,OK
GLP1_MASH_NMA_REVIEW.html,NCT04822181,ESSENCE,199,534,88,533,0.0000,80,0.0532,control,OK
GLP1_MASH_NMA_REVIEW.html,NCT04166773,SYNERGY-NASH,33,64,7,65,0.0000,15,0.0509,control,OK
GLP1_MASH_NMA_REVIEW.html,NCT02970942,Newsome NAFLD,59,80,17,80,0.0000,30,0.0654,control,OK
HCC_1L_NMA_REVIEW.html,NCT03434379,IMbrave150,137,336,86,165,0.0171,7,0.0566,treatment,OK
HCC_1L_NMA_REVIEW.html,NCT03298451,HIMALAYA,234,393,198,389,0.0176,6,0.0517,control,OK
HCC_1L_NMA_REVIEW.html,NCT04039607,CheckMate 9DW,268,335,281,333,0.1569,,,,NOT_SIGNIFICANT
HCC_1L_NMA_REVIEW.html,NCT03713593,LEAP-002,205,395,213,399,0.7223,,,,NOT_SIGNIFICANT
HEMOPHILIA_GENE_THERAPY_NMA_REVIEW.html,NCT03370913,GENEr8-1 (Ozelo 2022),134,134,105,112,0.0037,4,0.0930,control,OK
HEMOPHILIA_GENE_THERAPY_NMA_REVIEW.html,NCT03569891,HOPE-B (Pipe 2023),54,54,45,52,0.0055,3,0.0545,control,WARN
HEMOPHILIA_GENE_THERAPY_NMA_REVIEW.html,NCT04370054,"AFFINE (giroctocogene fitelparvovec, 202",84,84,60,73,0.0000,10,0.0983,control,OK
HEPATITIS_B_TAF_TDF_REVIEW.html,NCT01940341,"GS-US-320-0108 (TAF vs TDF, HBeAg-negati",268,285,130,140,0.6743,,,,NOT_SIGNIFICANT
HEPATITIS_B_TAF_TDF_REVIEW.html,NCT01940471,"GS-US-320-0110 (TAF vs TDF, HBeAg-positi",371,581,195,292,0.4093,,,,NOT_SIGNIFICANT
HEPATITIS_HCV_DAA_NMA_REVIEW.html,NCT02201940,ASTRAL-1,619,624,0,116,0.0000,113,0.1157,control,OK
HEPATITIS_HCV_DAA_NMA_REVIEW.html,NCT02201953,ASTRAL-3,264,277,264,275,0.8352,,,,NOT_SIGNIFICANT
HER2_LOW_ADC_NMA_REVIEW.html,NCT03734029,DESTINY-Breast04,172,373,130,184,0.0000,60,0.0588,treatment,OK
HER2_LOW_ADC_NMA_REVIEW.html,NCT04494425,DESTINY-Breast06,224,436,236,430,0.3078,,,,NOT_SIGNIFICANT
HER2_LOW_ADC_NMA_REVIEW.html,NCT03901339,TROPiCS-02,196,272,218,271,0.0263,3,0.0532,treatment,WARN
HER2_LOW_ADC_NMA_REVIEW.html,NCT05374512,TROPION-Breast01,188,365,232,367,0.0017,16,0.0502,treatment,OK
HF_QUADRUPLE_NMA_REVIEW.html,NCT03036124,DAPA-HF,386,2373,502,2371,0.0000,62,0.0501,treatment,OK
HF_QUADRUPLE_NMA_REVIEW.html,NCT03057977,EMPEROR-Reduced,361,1863,462,1867,0.0001,50,0.0533,treatment,OK
HF_QUADRUPLE_NMA_REVIEW.html,NCT03619213,DELIVER,512,3131,610,3132,0.0014,37,0.0509,treatment,OK
HF_QUADRUPLE_NMA_REVIEW.html,NCT03057951,EMPEROR-Preserved,415,2997,511,2991,0.0006,41,0.0534,treatment,OK
HF_QUADRUPLE_NMA_REVIEW.html,NCT01035255,PARADIGM-HF,914,4187,1117,4212,0.0000,118,0.0511,treatment,OK
HF_QUADRUPLE_NMA_REVIEW.html,NCT04435626,FINEARTS-HF,624,3003,719,3001,0.0033,32,0.0530,treatment,OK
HIDRADENITIS_SUPPURATIVA_NMA_REVIEW.html,NCT01468207,PIONEER I (Kimball 2016),65,153,40,154,0.0026,9,0.0592,control,OK
HIDRADENITIS_SUPPURATIVA_NMA_REVIEW.html,NCT01468233,PIONEER II (Kimball 2016),96,163,45,163,0.0000,33,0.0589,control,OK
HIDRADENITIS_SUPPURATIVA_NMA_REVIEW.html,NCT04242446,BE HEARD I (Kimball 2024),122,289,50,142,0.1747,,,,NOT_SIGNIFICANT
HIFPH_CKD_ANEMIA_REVIEW.html,NCT02879305,ASCEND-D,374,1487,394,1477,0.3565,,,,NOT_SIGNIFICANT
HIFPH_CKD_ANEMIA_REVIEW.html,NCT02876835,ASCEND-ND,378,1937,371,1935,0.8072,,,,NOT_SIGNIFICANT
HIFPH_CKD_ANEMIA_REVIEW.html,NCT02648347,PRO2TECT,467,1739,408,1737,0.0234,8,0.0514,control,OK
HIFPH_CKD_ANEMIA_REVIEW.html,NCT02892149,INNO2VATE,432,1964,461,1959,0.2536,,,,NOT_SIGNIFICANT
HIFPH_CKD_ANEMIA_REVIEW.html,NCT02052310,HIMALAYAS,144,522,145,521,0.9449,,,,NOT_SIGNIFICANT
HIGH_EFFICACY_MS_REVIEW.html,NCT01247324,OPERA-I,127,410,236,411,0.0000,80,0.0500,treatment,OK
HIGH_EFFICACY_MS_REVIEW.html,NCT01412333,OPERA-II,127,417,240,418,0.0000,84,0.0520,treatment,OK
HIGH_EFFICACY_MS_REVIEW.html,NCT02792218,ASCLEPIOS-I,51,465,105,481,0.0000,27,0.0581,treatment,OK
HIGH_EFFICACY_MS_REVIEW.html,NCT02792231,ASCLEPIOS-II,45,481,120,474,0.0000,51,0.0531,treatment,OK
HIV_ART_FIRSTLINE_NMA_REVIEW.html,NCT03122262,ADVANCE DTG/TAF,310,351,282,351,0.0049,9,0.0525,control,OK
HIV_ART_FIRSTLINE_NMA_REVIEW.html,NCT03122262_TDF,ADVANCE DTG/TDF,315,351,282,351,0.0007,15,0.0545,control,OK
HIV_ART_TIMING_NMA_REVIEW.html,NCT00867048,START (INSIGHT 2015),42,2326,96,2359,0.0000,28,0.0576,treatment,OK
HIV_ART_TIMING_NMA_REVIEW.html,NCT00495651,TEMPRANO (ANRS 12136),175,1029,175,1044,0.9067,,,,NOT_SIGNIFICANT
HIV_ART_TIMING_NMA_REVIEW.html,NCT00074581,HPTN 052 (Cohen 2011/2016),8,886,39,877,0.0000,16,0.0544,treatment,OK
HIV_LA_PREP_NMA_REVIEW.html,NCT02720094,HPTN 083,12,2283,39,2283,0.0002,11,0.0542,treatment,OK
HIV_LA_PREP_NMA_REVIEW.html,NCT03164564,HPTN 084,4,1614,36,1610,0.0000,18,0.0647,treatment,OK
HIV_LA_PREP_NMA_REVIEW.html,NCT04994509,PURPOSE-1,0,2134,39,2136,0.0000,23,0.0541,treatment,OK
HIV_LA_PREP_NMA_REVIEW.html,NCT04925752,PURPOSE-2,2,2179,9,1086,0.0013,5,0.0626,treatment,OK
HIV_PREP_INJECTABLE_NMA_REVIEW.html,NCT02720094,HPTN 083,13,2282,39,2284,0.0004,10,0.0542,treatment,OK
HIV_PREP_INJECTABLE_NMA_REVIEW.html,NCT03164564,HPTN 084,4,1614,36,1610,0.0000,18,0.0647,treatment,OK
HIV_PREP_INJECTABLE_NMA_REVIEW.html,NCT02842086,DISCOVER (F/TAF vs F/TDF),8,2694,15,2693,0.1507,,,,NOT_SIGNIFICANT
HIV_TB_COINFECTION_ART_TIMING_NMA_REVIEW.html,NCT00091936,SAPiT (Karim 2010+2011),36,429,27,213,0.0920,,,,NOT_SIGNIFICANT
HIV_TB_COINFECTION_ART_TIMING_NMA_REVIEW.html,NCT00108862,STRIDE / ACTG A5221 (Havlir 2011),87,405,105,401,0.1365,,,,NOT_SIGNIFICANT
HIV_TB_COINFECTION_ART_TIMING_NMA_REVIEW.html,NCT00226434,CAMELIA (Blanc 2011),59,332,90,329,0.0038,10,0.0559,treatment,OK
HPV_DOSE_REDUCTION_NMA_REVIEW.html,NCT03675256,KEN-SHE bivalent,0,758,38,758,0.0000,23,0.0665,treatment,OK
HPV_DOSE_REDUCTION_NMA_REVIEW.html,NCT03675256_NONAV,KEN-SHE nonavalent,4,760,38,758,0.0000,19,0.0508,treatment,OK
HPV_DOSE_REDUCTION_NMA_REVIEW.html,NCT02834637,DoRIS 1d-vs-3d bivalent,155,155,155,155,1.0000,,,,NOT_SIGNIFICANT
HPV_VACCINE_SCHEDULES_NMA_REVIEW.html,NCT00122681,PATRICIA Cervarix 3-dose,4,7344,56,7322,0.0000,34,0.0630,treatment,OK
HPV_VACCINE_SCHEDULES_NMA_REVIEW.html,NCT00092534,FUTURE II Gardasil-4 3-dose,1,5305,42,5260,0.0000,25,0.0517,treatment,OK
HPV_VACCINE_SCHEDULES_NMA_REVIEW.html,NCT03675256,KEN SHE single-dose (Barnabas 2022),2,1492,32,759,0.0000,38,0.0572,treatment,OK
HYDROCORTISONE_SEPTIC_SHOCK_NMA_REVIEW.html,NCT01448109,ADRENAL (Venkatesh 2018),511,1832,526,1826,0.5573,,,,NOT_SIGNIFICANT
HYDROCORTISONE_SEPTIC_SHOCK_NMA_REVIEW.html,NCT00625209,APROCCHSS (Annane 2018),264,614,308,627,0.0307,3,0.0529,treatment,WARN
HYDROCORTISONE_SEPTIC_SHOCK_NMA_REVIEW.html,NCT00670254,HYPRESS (Keh 2016),21,190,29,190,0.2880,,,,NOT_SIGNIFICANT
ICU_SEDATION_NMA_REVIEW.html,NCT01728558,SPICE-III (Shehabi 2019),566,1948,569,1956,1.0000,,,,NOT_SIGNIFICANT
ICU_SEDATION_NMA_REVIEW.html,NCT00466492,Strom 2010 no-sedation,27,55,36,58,0.1881,,,,NOT_SIGNIFICANT
ICU_SEDATION_NMA_REVIEW.html,NCT03653832,A2B Trial (Lewis 2025),233,521,250,519,0.2905,,,,NOT_SIGNIFICANT
IL23_PSA_NMA_REVIEW.html,NCT03675308,KEEPsAKE-1,248,483,152,481,0.0000,65,0.0536,control,OK
IL23_PSA_NMA_REVIEW.html,NCT03671148,KEEPsAKE-2,110,224,44,220,0.0000,44,0.0567,control,OK
IL23_PSA_NMA_REVIEW.html,NCT03162796,DISCOVER-1,78,127,28,127,0.0000,34,0.0582,control,OK
IL23_PSA_NMA_REVIEW.html,NCT03158285,DISCOVER-2,156,246,80,246,0.0000,54,0.0542,control,OK
IL23_PSORIASIS_REVIEW.html,NCT02207231,VOYAGE 1,241,329,5,174,0.0000,108,0.0644,control,OK
IL23_PSORIASIS_REVIEW.html,NCT02684370,UltIMMa-1,229,304,5,102,0.0000,62,0.0711,control,OK
IL23_PSORIASIS_REVIEW.html,NCT01722331,reSURFACE 1,74,308,1,154,0.0000,24,0.0555,control,OK
IL_PSORIASIS_NMA_REVIEW.html,NCT02207231,VOYAGE 1,241,329,5,174,0.0000,108,0.0644,control,OK
IL_PSORIASIS_NMA_REVIEW.html,NCT02684370,UltIMMa-1,229,304,4,102,0.0000,63,0.0711,control,OK
IL_PSORIASIS_NMA_REVIEW.html,NCT01474512,UNCOVER-1,234,433,2,431,0.0000,202,0.0567,control,OK
IL_PSORIASIS_NMA_REVIEW.html,NCT01597245,UNCOVER-2,207,351,75,358,0.0000,110,0.0589,control,OK
IL_PSORIASIS_NMA_REVIEW.html,NCT01646177,UNCOVER-3,242,385,5,193,0.0000,100,0.0586,control,OK
IL_PSORIASIS_NMA_REVIEW.html,NCT01365455,ERASURE,176,245,2,248,0.0000,156,0.0548,control,OK
IL_PSORIASIS_NMA_REVIEW.html,NCT01358578,FIXTURE,202,323,67,323,0.0000,110,0.0551,control,OK
IL_PSORIASIS_NMA_REVIEW.html,NCT03536884,BE RADIANT,343,373,326,370,0.0869,,,,NOT_SIGNIFICANT
IL_PSORIASIS_NMA_REVIEW.html,NCT03370133,BE VIVID,273,321,5,83,0.0000,58,0.0688,control,OK
IL_PSORIASIS_NMA_REVIEW.html,NCT03412747,BE SURE,263,319,86,159,0.0000,33,0.0535,control,OK
IL_PSORIASIS_NMA_REVIEW.html,NCT02207244,VOYAGE 2,248,355,1,128,0.0000,77,0.0780,control,OK
IL_PSORIASIS_NMA_REVIEW.html,NCT02684357,UltIMMa-2,220,294,2,98,0.0000,61,0.0509,control,OK
IL_PSORIASIS_NMA_REVIEW.html,NCT01708590,AMAGINE-1,141,222,1,220,0.0000,118,0.0531,control,OK
IL_PSORIASIS_NMA_REVIEW.html,NCT01722331,reSURFACE-1,103,308,3,154,0.0000,35,0.0548,control,OK
IL_PSORIASIS_NMA_REVIEW.html,NCT01729754,reSURFACE-2,117,314,40,313,0.0000,53,0.0516,control,OK
IL_PSORIASIS_NMA_REVIEW.html,NCT01708603,AMAGINE-2,445,646,200,425,0.0000,68,0.0548,control,OK
IL_PSORIASIS_NMA_REVIEW.html,NCT02074982,CLEAR,264,334,192,334,0.0000,50,0.0578,control,OK
IL_PSORIASIS_NMA_REVIEW.html,NCT03410992,BE READY,318,349,1,86,0.0000,72,0.1083,control,OK
INAVOLISIB_BC_REVIEW.html,NCT04191499,INAVO120,0,161,0,164,1.0000,,,,NOT_SIGNIFICANT
INCRETINS_T2D_NMA_REVIEW.html,NCT03954834,SURPASS-1,0,121,0,113,1.0000,,,,NOT_SIGNIFICANT
INCRETINS_T2D_NMA_REVIEW.html,NCT03987919,SURPASS-2,0,470,0,469,1.0000,,,,NOT_SIGNIFICANT
INCRETINS_T2D_NMA_REVIEW.html,NCT02054897,SUSTAIN-1,0,130,0,128,1.0000,,,,NOT_SIGNIFICANT
INCRETINS_T2D_NMA_REVIEW.html,NCT01885208,SUSTAIN-3,0,404,0,405,1.0000,,,,NOT_SIGNIFICANT
INCRETINS_T2D_NMA_REVIEW.html,NCT02648204,SUSTAIN-7,0,301,0,299,1.0000,,,,NOT_SIGNIFICANT
INCRETINS_T2D_NMA_REVIEW.html,NCT00518882,LEAD-6,0,233,0,231,1.0000,,,,NOT_SIGNIFICANT
INCRETINS_T2D_NMA_REVIEW.html,NCT01624259,AWARD-6,0,299,0,300,1.0000,,,,NOT_SIGNIFICANT
INCRETINS_T2D_NMA_REVIEW.html,NCT00318461,LEAD-2,0,242,0,122,1.0000,,,,NOT_SIGNIFICANT
INCRETINS_T2D_NMA_REVIEW.html,NCT01720446,SUSTAIN-6,108,1648,146,1649,0.0155,7,0.0528,treatment,OK
INCRETINS_T2D_NMA_REVIEW.html,NCT01144338,EXSCEL,0,7356,0,7396,1.0000,,,,NOT_SIGNIFICANT
INCRETINS_T2D_NMA_REVIEW.html,NCT02863419,PIONEER-4,0,285,0,284,1.0000,,,,NOT_SIGNIFICANT
INCRETINS_T2D_NMA_REVIEW.html,NCT02607865,PIONEER-3,0,466,0,465,1.0000,,,,NOT_SIGNIFICANT
INCRETINS_T2D_NMA_REVIEW.html,NCT01930188,SUSTAIN-2,0,408,0,407,1.0000,,,,NOT_SIGNIFICANT
INCRETINS_T2D_NMA_REVIEW.html,NCT03882970,SURPASS-3,0,407,0,475,1.0000,,,,NOT_SIGNIFICANT
INCRETINS_T2D_NMA_REVIEW.html,NCT03730662,SURPASS-4,0,469,0,1002,1.0000,,,,NOT_SIGNIFICANT
INCRETINS_T2D_NMA_REVIEW.html,NCT04039503,SURPASS-5,0,117,0,120,1.0000,,,,NOT_SIGNIFICANT
INCRETINS_T2D_NMA_REVIEW.html,NCT04537923,SURPASS-6,0,243,0,245,1.0000,,,,NOT_SIGNIFICANT
INTENSIVE_BP_REVIEW.html,NCT01206062_SENIOR,SPRINT-SENIOR,102,1317,148,1319,0.0027,15,0.0519,treatment,OK
INTENSIVE_BP_REVIEW.html,NCT01206062_CKD,SPRINT-CKD,112,1330,131,1316,0.1786,,,,NOT_SIGNIFICANT
INTENSIVE_BP_REVIEW.html,NCT00000620,ACCORD-BP,208,2362,237,2371,0.1635,,,,NOT_SIGNIFICANT
INTENSIVE_BP_REVIEW.html,NCT03015311,STEP,147,4243,196,4268,0.0095,11,0.0505,treatment,OK
INTENSIVE_BP_REVIEW.html,NCT00059306,SPS3-BP,125,1519,152,1501,0.0774,,,,NOT_SIGNIFICANT
IO_CHEMO_NSCLC_1L_REVIEW.html,NCT02578680,KEYNOTE-189,235,410,164,206,0.0000,62,0.0614,treatment,OK
IO_CHEMO_NSCLC_1L_REVIEW.html,NCT02775435,KEYNOTE-407,137,278,171,281,0.0065,10,0.0606,treatment,OK
IO_CHEMO_NSCLC_1L_REVIEW.html,NCT02366143,IMpower150,230,356,256,336,0.0009,18,0.0600,treatment,OK
IO_CHEMO_NSCLC_1L_REVIEW.html,NCT03164616,POSEIDON,210,338,240,337,0.0143,7,0.0583,treatment,OK
IPTACOPAN_IGAN_REVIEW.html,NCT04578834,APPLAUSE-IgAN,0,222,0,221,1.0000,,,,NOT_SIGNIFICANT
JAK_RA_REVIEW.html,NCT01710358,RA-BEAM,341,487,195,488,0.0000,118,0.0563,control,OK
JAK_RA_REVIEW.html,NCT02675426,SELECT-NEXT,142,221,80,221,0.0000,41,0.0525,control,OK
JAK_RA_REVIEW.html,NCT02889796,FINCH-1,371,475,237,475,0.0000,107,0.0504,control,OK
JAK_UC_REVIEW.html,NCT01465763,OCTAVE Induction 1,88,476,10,122,0.0058,4,0.0789,control,OK
JAK_UC_REVIEW.html,NCT02819635,U-ACHIEVE Induction,83,319,7,154,0.0000,21,0.0644,control,OK
JAK_UC_REVIEW.html,NCT02914522,SELECTION Induction A,66,245,15,98,0.0242,2,0.0699,control,WARN
JAKI_AD_NMA_REVIEW.html,NCT03349060,JADE-MONO-1,67,154,6,78,0.0000,18,0.0656,control,OK
JAKI_AD_NMA_REVIEW.html,NCT03575871,JADE-MONO-2,59,155,7,77,0.0000,12,0.0547,control,OK
JAKI_AD_NMA_REVIEW.html,NCT03569293,Measure Up 1,177,285,24,281,0.0000,127,0.0502,control,OK
JAKI_AD_NMA_REVIEW.html,NCT03607422,Measure Up 2,147,282,13,278,0.0000,109,0.0523,control,OK
JAKI_AD_NMA_REVIEW.html,NCT03334396,BREEZE-AD1,26,154,7,146,0.0008,6,0.0578,control,OK
JAKI_AD_NMA_REVIEW.html,NCT03334422,BREEZE-AD2,21,152,7,155,0.0052,4,0.0626,control,OK
JAKI_AD_REVIEW.html,NCT03349060,JADE MONO-1,67,155,6,77,0.0000,17,0.0627,control,OK
JAKI_AD_REVIEW.html,NCT03575871,JADE MONO-2,59,155,7,78,0.0000,13,0.0780,control,OK
JAKI_AD_REVIEW.html,NCT03569293,MEASURE-UP 1,171,281,23,281,0.0000,124,0.0502,control,OK
JAKI_AD_REVIEW.html,NCT03607422,MEASURE-UP 2,144,276,13,278,0.0000,108,0.0503,control,OK
JAKI_RA_NMA_REVIEW.html,NCT00853385,ORAL-Standard,105,204,29,102,0.0001,11,0.0519,control,OK
JAKI_RA_NMA_REVIEW.html,NCT01710358,RA-BEAM,341,487,195,488,0.0000,118,0.0563,control,OK
JAKI_RA_NMA_REVIEW.html,NCT02629159,SELECT-Compare,462,651,234,651,0.0000,195,0.0563,control,OK
JAKI_RA_NMA_REVIEW.html,NCT02889796,FINCH-1,366,475,238,475,0.0000,101,0.0537,control,OK
KRAS_G12C_NMA_REVIEW.html,NCT04303780,CodeBreaK 200,0,171,0,174,1.0000,,,,NOT_SIGNIFICANT
KRAS_G12C_NMA_REVIEW.html,NCT04685135,KRYSTAL-12,0,301,0,152,1.0000,,,,NOT_SIGNIFICANT
LEBRIKIZUMAB_AD_REVIEW.html,NCT04146363,ADvocate1,91,211,18,141,0.0000,28,0.0578,control,OK
LEBRIKIZUMAB_AD_REVIEW.html,NCT04178967,ADvocate2,70,211,15,142,0.0000,18,0.0558,control,OK
LEBRIKIZUMAB_AD_REVIEW.html,NCT04250337,ADhere,60,145,15,66,0.0087,3,0.0645,control,WARN
LENACAPAVIR_PREP_REVIEW.html,NCT04994509,PURPOSE-1,0,2134,39,3204,0.0000,15,0.0702,treatment,OK
LENACAPAVIR_PREP_REVIEW.html,NCT04925752,PURPOSE-2,2,2180,9,1087,0.0013,5,0.0627,treatment,OK
LIPID_HUB_REVIEW.html,NCT01492361,REDUCE-IT,705,4089,901,4090,0.0000,123,0.0512,treatment,OK
LIPID_HUB_REVIEW.html,NCT02104817,STRENGTH,785,6539,795,6539,0.8092,,,,NOT_SIGNIFICANT
LIPID_HUB_REVIEW.html,NCT01169259,VITAL,386,12933,419,12938,0.2519,,,,NOT_SIGNIFICANT
LIPID_HUB_REVIEW.html,NCT01841944,OMEMI,99,505,91,522,0.3778,,,,NOT_SIGNIFICANT
LIPID_HUB_REVIEW.html,NCT02944682,RESPECT-EPA,91,1939,118,1945,0.0643,,,,NOT_SIGNIFICANT
LU_PSMA_MCRPC_REVIEW.html,NCT03511664,VISION,102,551,130,280,0.0000,114,0.0529,treatment,OK
LU_PSMA_MCRPC_REVIEW.html,NCT04689828,PSMAfore,65,234,150,234,0.0000,64,0.0594,treatment,OK
MALARIA_ACT_NMA_REVIEW.html,NCT01704508,Bandim AL-vs-DP,6,173,12,173,0.2254,,,,NOT_SIGNIFICANT
MALARIA_ACT_NMA_REVIEW.html,NCT06076213,TES2022 DRC,14,628,18,632,0.5919,,,,NOT_SIGNIFICANT
MALARIA_ACT_NMA_REVIEW.html,NCT04565184,Yaounde TES Cameroon,5,121,7,121,0.7686,,,,NOT_SIGNIFICANT
MALARIA_ACT_NMA_REVIEW.html,NCT05192265,Nigeria PA-vs-AL,4,86,5,86,1.0000,,,,NOT_SIGNIFICANT
MALARIA_ACT_NMA_REVIEW.html,NCT04767191,Siaya-Bungoma TES Kenya,4,200,7,200,0.5431,,,,NOT_SIGNIFICANT
MALARIA_VACCINE_NMA_REVIEW.html,NCT00866619,"RTS,S/AS01 Phase 3",1612,5949,1115,2974,0.0000,493,0.0523,treatment,OK
MALARIA_VACCINE_NMA_REVIEW.html,NCT03896724,R21/Matrix-M Phase 2b (Datoo 2021),38,146,105,147,0.0000,51,0.0645,treatment,OK
MALARIA_VACCINE_NMA_REVIEW.html,NCT04704830,R21/Matrix-M Phase 3 (Datoo 2024),1224,3200,1095,1600,0.0000,875,0.0516,treatment,OK
MALARIA_VACCINES_NMA_REVIEW.html,NCT00866619,"RTS,S Phase 3",2960,5949,4165,5950,0.0000,1106,0.0517,treatment,OK
MALARIA_VACCINES_NMA_REVIEW.html,NCT03896724,R21 Phase 2b,38,150,105,150,0.0000,50,0.0536,treatment,OK
MALARIA_VACCINES_NMA_REVIEW.html,NCT04704830,R21 Phase 3,400,1601,1199,1599,0.0000,752,0.0546,treatment,OK
MDR_TB_SHORTENED_NMA_REVIEW.html,NCT02589782,TB-PRACTECAL (BPaLM vs SOC),11,138,49,137,0.0000,24,0.0676,treatment,OK
MDR_TB_SHORTENED_NMA_REVIEW.html,NCT02333799,Nix-TB (BPaL single-arm XDR-TB),11,109,32,109,0.0006,8,0.0542,treatment,OK
MDR_TB_SHORTENED_NMA_REVIEW.html,NCT03086486,ZeNix (BPaL dose-finding),7,91,9,93,0.7947,,,,NOT_SIGNIFICANT
MDRTB_BPAL_REVIEW.html,NCT03086486,ZeNix,8,45,5,46,0.3846,,,,NOT_SIGNIFICANT
MDRTB_BPAL_REVIEW.html,NCT02589782,TB-PRACTECAL,15,138,66,137,0.0000,35,0.0511,treatment,OK
MEDITERRANEAN_DIET_CV_NMA_REVIEW.html,LEGACY-ISRCTN-35739639-PREDIMED,PREDIMED (Estruch 2018 reanalysis),96,2543,109,2450,0.2537,,,,NOT_SIGNIFICANT
MEDITERRANEAN_DIET_CV_NMA_REVIEW.html,NCT00924937,CORDIOPREV (Delgado-Lista 2022),87,502,122,500,0.0065,10,0.0561,treatment,OK
MEDITERRANEAN_DIET_CV_NMA_REVIEW.html,LEGACY-ISRCTN-89898870-PREDIMEDPLUS,PREDIMED-Plus (Salas-Salvado 2024),295,3438,354,3436,0.0150,12,0.0546,treatment,OK
MENTAL_HEALTH_FRIENDSHIP_BENCH_REVIEW.html,LEGACY-PACTR-FRIENDSHIP-BENCH,Friendship Bench Zimbabwe,39,286,143,287,0.0000,80,0.0538,treatment,OK
MHEALTH_ART_ADHERENCE_REVIEW.html,NCT00830622,WelTel Kenya 1,168,273,132,263,0.0091,8,0.0550,control,OK
MIGRAINE_ACUTE_NMA_REVIEW.html,NCT03461757,ACHIEVE I,122,422,64,432,0.0000,35,0.0507,control,OK
MIGRAINE_ACUTE_NMA_REVIEW.html,NCT03235479,ACHIEVE II,91,464,60,456,0.0097,7,0.0543,control,OK
MIGRAINE_ACUTE_NMA_REVIEW.html,NCT02867709,SAMURAI,174,583,86,575,0.0000,56,0.0556,control,OK
MIGRAINE_ACUTE_NMA_REVIEW.html,NCT03872453,Rimegepant Study 303,92,543,49,541,0.0001,20,0.0601,control,OK
MIRIKIZUMAB_UC_REVIEW.html,NCT03518086,LUCENT-1,210,868,39,294,0.0001,16,0.0539,control,OK
MIRIKIZUMAB_UC_REVIEW.html,NCT03524092,LUCENT-2,182,365,45,179,0.0000,28,0.0547,control,OK
MIRVETUXIMAB_OVARIAN_REVIEW.html,NCT04209855,MIRASOL,0,227,0,226,1.0000,,,,NOT_SIGNIFICANT
MITAPIVAT_THALASSEMIA_REVIEW.html,NCT04770753,ENERGIZE,81,130,1,64,0.0000,30,0.0887,control,OK
MITRAL_FUNCMR_REVIEW.html,NCT01626079,COAPT,151,302,212,312,0.0000,31,0.0529,treatment,OK
MITRAL_FUNCMR_REVIEW.html,NCT01920698,MITRA-FR,83,152,78,155,0.4935,,,,NOT_SIGNIFICANT
MITRAL_FUNCMR_REVIEW.html,NCT02444338,RESHAPE-HF2,139,255,170,250,0.0019,13,0.0524,treatment,OK
MM_1L_NMA_REVIEW.html,NCT02252172,MAIA,99,368,152,369,0.0001,27,0.0574,treatment,OK
MM_1L_NMA_REVIEW.html,NCT02195479,ALCYONE,88,350,156,356,0.0000,40,0.0550,treatment,OK
MM_1L_NMA_REVIEW.html,NCT02541383,CASSIOPEIA,60,543,122,542,0.0000,37,0.0589,treatment,OK
MM_1L_NMA_REVIEW.html,NCT03319667,IMROZ,64,265,102,265,0.0005,16,0.0546,treatment,OK
NEOADJUVANT_IO_NSCLC_REVIEW.html,NCT02998528,CheckMate-816,109,179,124,179,0.1205,,,,NOT_SIGNIFICANT
NEOADJUVANT_IO_NSCLC_REVIEW.html,NCT03425643,KEYNOTE-671,169,397,235,400,0.0000,37,0.0546,treatment,OK
NEOADJUVANT_IO_NSCLC_REVIEW.html,NCT03800134,AEGEAN,162,401,213,401,0.0004,23,0.0565,treatment,OK
NIRSEVIMAB_INFANT_RSV_REVIEW.html,NCT02878330,Nirsevimab Phase 2b,25,969,46,484,0.0000,39,0.0579,treatment,OK
NIRSEVIMAB_INFANT_RSV_REVIEW.html,NCT03979313,MELODY,12,994,25,496,0.0000,17,0.0546,treatment,OK
NIRSEVIMAB_INFANT_RSV_REVIEW.html,NCT05437510,HARMONIE,11,4037,60,4021,0.0000,30,0.0574,treatment,OK
OBESITY_DRUGS_NMA_REVIEW.html,NCT04184622,SURMOUNT-1,1812,2519,31,643,0.0000,406,0.0511,control,OK
OBESITY_DRUGS_NMA_REVIEW.html,NCT03548935,STEP 1,1047,1306,138,655,0.0000,362,0.0529,control,OK
OBESITY_DRUGS_NMA_REVIEW.html,NCT01272219,SCALE Obesity,1257,2487,376,1244,0.0000,210,0.0518,control,OK
OSIMERTINIB_EGFR_NSCLC_REVIEW.html,NCT02151981,AURA3,140,279,110,140,0.0000,54,0.0630,treatment,OK
OSIMERTINIB_EGFR_NSCLC_REVIEW.html,NCT02296125,FLAURA,136,279,206,277,0.0000,50,0.0510,treatment,OK
OSIMERTINIB_EGFR_NSCLC_REVIEW.html,NCT02511106,ADAURA,26,339,130,343,0.0000,78,0.0529,treatment,OK
OSIMERTINIB_EGFR_NSCLC_REVIEW.html,NCT04035486,FLAURA2,153,279,199,278,0.0001,25,0.0571,treatment,OK
PAH_THERAPY_NMA_REVIEW.html,NCT04576988,STELLAR,9,163,42,160,0.0000,19,0.0585,treatment,OK
PAH_THERAPY_NMA_REVIEW.html,NCT01106014,GRIPHON,155,574,242,582,0.0000,51,0.0533,treatment,OK
PAH_THERAPY_NMA_REVIEW.html,NCT00810693,PATENT-1,23,254,21,126,0.0400,2,0.0660,treatment,WARN
PAH_THERAPY_NMA_REVIEW.html,NCT00660179,SERAPHIN,116,242,116,250,0.7865,,,,NOT_SIGNIFICANT
PARP_ARPI_MCRPC_REVIEW.html,NCT03732820,PROpel,150,399,226,397,0.0000,50,0.0555,treatment,OK
PARP_ARPI_MCRPC_REVIEW.html,NCT03748641,MAGNITUDE,101,212,137,211,0.0004,17,0.0591,treatment,OK
PARP_ARPI_MCRPC_REVIEW.html,NCT03395197,TALAPRO-2,146,402,230,403,0.0000,56,0.0565,treatment,OK
PARP_OVARIAN_REVIEW.html,NCT01844986,SOLO-1,102,260,96,131,0.0000,62,0.0534,treatment,OK
PARP_OVARIAN_REVIEW.html,NCT02477644,PAOLA-1,244,537,181,269,0.0000,79,0.0537,treatment,OK
PARP_OVARIAN_REVIEW.html,NCT02655016,PRIMA,350,487,241,246,0.0000,113,0.0702,treatment,OK
PBC_PPAR_REVIEW.html,NCT04526665,ELATIVE,55,108,2,53,0.0000,17,0.0923,control,OK
PBC_PPAR_REVIEW.html,NCT04620733,RESPONSE,81,130,13,63,0.0000,17,0.0629,control,OK
PCSK9_LIPID_NMA_REVIEW.html,NCT00202878,IMPROVE-IT,2572,9067,2742,9077,0.0064,47,0.0509,treatment,OK
PCSK9_LIPID_NMA_REVIEW.html,NCT01764633,FOURIER,1344,13784,1563,13780,0.0000,118,0.0516,treatment,OK
PCSK9_LIPID_NMA_REVIEW.html,NCT01663402,ODYSSEY-OUTCOMES,903,9462,1052,9462,0.0004,65,0.0507,treatment,OK
PCSK9_LIPID_NMA_REVIEW.html,NCT02993406,CLEAR-OUTCOMES,819,6992,927,6978,0.0053,32,0.0506,treatment,OK
PEDIATRIC_HIV_ART_NMA_REVIEW.html,NCT02259127,"ODYSSEY (DTG vs SOC, paeds)",47,354,75,353,0.0053,8,0.0526,treatment,OK
PEDIATRIC_HIV_ART_NMA_REVIEW.html,LEGACY-ISRCTN-69078957-CHAPAS-3,CHAPAS-3 (NRTI backbone in paeds),12,159,22,158,0.0720,,,,NOT_SIGNIFICANT
PEDIATRIC_HIV_ART_NMA_REVIEW.html,LEGACY-ISRCTN-24791884-ARROW,ARROW (clinical vs lab monitoring),64,397,60,401,0.6962,,,,NOT_SIGNIFICANT
PHYSICAL_REHAB_OLDER_NMA_REVIEW.html,NCT02196038,REHAB-HF (Kitzman 2021),12,175,8,174,0.4906,,,,NOT_SIGNIFICANT
PHYSICAL_REHAB_OLDER_NMA_REVIEW.html,NCT01072500,LIFE (Pahor 2014),246,818,290,817,0.0205,7,0.0521,treatment,OK
PI3K_AKT_BC_REVIEW.html,NCT02437318,SOLAR-1,103,169,129,172,0.0074,7,0.0582,treatment,OK
PI3K_AKT_BC_REVIEW.html,NCT04305496,CAPItello-291,195,355,245,353,0.0001,27,0.0572,treatment,OK
PI3K_AKT_BC_REVIEW.html,NCT04191499,INAVO120,76,161,124,164,0.0000,29,0.0514,treatment,OK
PNEUMONIA_AMOXICILLIN_DURATION_REVIEW.html,LEGACY-ISRCTN-76888927-CAP-IT,CAP-IT (Bielicki 2021),51,410,50,404,1.0000,,,,NOT_SIGNIFICANT
POLYCYTHEMIA_VERA_NMA_REVIEW.html,NCT01243944,RESPONSE (Vannucchi 2015),23,110,1,112,0.0000,12,0.0697,control,OK
POLYCYTHEMIA_VERA_NMA_REVIEW.html,NCT02038036,RESPONSE-2 (Passamonti 2017),27,74,4,75,0.0000,13,0.0742,control,OK
POLYCYTHEMIA_VERA_NMA_REVIEW.html,NCT01949805,PROUD-PV (Gisslinger 2020),25,122,22,127,0.6273,,,,NOT_SIGNIFICANT
POSTPARTUM_HEMORRHAGE_NMA_REVIEW.html,NCT04341662,E-MOTIVE (PPH bundle),802,49565,2156,50094,0.0000,1208,0.0515,treatment,OK
POSTPARTUM_HEMORRHAGE_NMA_REVIEW.html,LEGACY-ISRCTN-76912190-WOMAN,WOMAN trial (TXA for PPH),155,10036,191,9985,0.0508,,,,NOT_SIGNIFICANT
POSTPARTUM_HEMORRHAGE_NMA_REVIEW.html,LEGACY-ISRCTN-95444399-CHAMPION,CHAMPION (heat-stable carbetocin),2107,14536,2092,14529,0.8283,,,,NOT_SIGNIFICANT
PPH_BUNDLE_NMA_REVIEW.html,NCT00872469,WOMAN,155,10036,191,9985,0.0508,,,,NOT_SIGNIFICANT
PPH_BUNDLE_NMA_REVIEW.html,NCT03475342,WOMAN-2,469,4178,471,4225,0.9173,,,,NOT_SIGNIFICANT
PPH_BUNDLE_NMA_REVIEW.html,NCT04341662,E-MOTIVE,850,53183,2245,52240,0.0000,1307,0.0505,treatment,OK
PREGNANCY_HIV_VESTED_REVIEW.html,NCT03048422,IMPAACT 2010 / VESTED,395,426,184,217,0.0021,7,0.0562,control,OK
PREGNANCY_IRON_FCM_REVIEW.html,LEGACY-ANZCTR-12618001268235-FCM,Pasricha 2023 Malawi (FCM vs oral iron),179,341,189,333,0.2793,,,,NOT_SIGNIFICANT
PRIMAQUINE_GAMETOCYTE_DR_REVIEW.html,NCT01365598,Eziefula 2014 Uganda,12,115,78,117,0.0000,50,0.0601,treatment,OK
PSA_BIOLOGICS_NMA_REVIEW.html,NCT01695239,SPIRIT-P1,64,107,31,106,0.0000,18,0.0550,control,OK
PSA_BIOLOGICS_NMA_REVIEW.html,NCT03158285,DISCOVER-2,156,245,81,246,0.0000,54,0.0538,control,OK
PSA_BIOLOGICS_NMA_REVIEW.html,NCT03895203,BE OPTIMAL,189,431,28,281,0.0000,74,0.0512,control,OK
PSA_BIOLOGICS_NMA_REVIEW.html,NCT03104400,SELECT-PsA 1,305,425,154,423,0.0000,123,0.0543,control,OK
RCC_1L_NMA_REVIEW.html,NCT03141177,CheckMate 9ER,144,323,191,328,0.0006,20,0.0592,treatment,OK
RCC_1L_NMA_REVIEW.html,NCT02853331,KEYNOTE-426,195,432,250,429,0.0001,28,0.0551,treatment,OK
RCC_1L_NMA_REVIEW.html,NCT02811861,CLEAR,160,355,226,357,0.0000,39,0.0561,treatment,OK
RCC_1L_NMA_REVIEW.html,NCT02231749,CheckMate 214,173,425,196,422,0.0966,,,,NOT_SIGNIFICANT
RESMETIROM_MASH_REVIEW.html,NCT03900429,MAESTRO-NASH,84,322,31,322,0.0000,32,0.0602,control,OK
RISANKIZUMAB_CD_REVIEW.html,NCT03105128,ADVANCE,152,336,60,175,0.0182,4,0.0728,control,OK
RISANKIZUMAB_CD_REVIEW.html,NCT03104413,MOTIVATE,103,206,38,206,0.0000,45,0.0598,control,OK
RISANKIZUMAB_CD_REVIEW.html,NCT03105102,FORTIFY,71,141,55,164,0.0035,9,0.0502,control,OK
ROMOSOZUMAB_OP_REVIEW.html,NCT01575834,FRAME,16,3589,59,3591,0.0000,23,0.0528,treatment,OK
ROMOSOZUMAB_OP_REVIEW.html,NCT01631214,ARCH,127,2046,243,2047,0.0000,76,0.0503,treatment,OK
ROMOSOZUMAB_OP_REVIEW.html,NCT02186171,BRIDGE,1,163,8,82,0.0008,5,0.0773,treatment,OK
ROTAVIRUS_VACCINE_AFRICA_NMA_REVIEW.html,NCT00241644,Rotarix Africa (Madhi 2010),21,1042,37,1047,0.0449,1,0.0636,treatment,FAIL
ROTAVIRUS_VACCINE_AFRICA_NMA_REVIEW.html,NCT00362648,RotaTeq Africa (Armah 2010),79,2733,129,2735,0.0005,21,0.0585,treatment,OK
ROTAVIRUS_VACCINE_AFRICA_NMA_REVIEW.html,NCT02145000,Rotasiil ROSE Niger (Isanaka 2017),31,2207,87,2206,0.0000,33,0.0573,treatment,OK
RSV_VACCINE_OLDER_REVIEW.html,NCT05035212,RENOIR,11,17215,33,17069,0.0008,8,0.0524,treatment,OK
RSV_VACCINE_OLDER_REVIEW.html,NCT04886596,AReSVi-006,7,12466,40,12494,0.0000,17,0.0596,treatment,OK
RSV_VACCINE_OLDER_REVIEW.html,NCT05127434,ConquerRSV,9,17572,55,17516,0.0000,28,0.0607,treatment,OK
RUSFERTIDE_PV_REVIEW.html,NCT05210790,VERIFY,152,156,65,137,0.0000,61,0.0596,control,OK
SAM_SIMPLIFIED_PROTOCOL_REVIEW.html,NCT04698070,OptiMA Niger (ComPAS vs Standard),277,576,283,577,0.7684,,,,NOT_SIGNIFICANT
SCHISTOSOMIASIS_ARPRAZIQUANTEL_REVIEW.html,NCT03845140,L-PZQ ODT (arpraziquantel) phase 3,73,96,38,49,1.0000,,,,NOT_SIGNIFICANT
SEMAGLUTIDE_OBESITY_REVIEW.html,NCT03552757,STEP-2,0,404,0,403,1.0000,,,,NOT_SIGNIFICANT
SEPSIS_RESUSCITATION_NMA_REVIEW.html,NCT01945983,CENSER (Permpikul 2019),16,156,22,154,0.3028,,,,NOT_SIGNIFICANT
SEPSIS_RESUSCITATION_NMA_REVIEW.html,NCT03434028,CLOVERS (Shapiro 2023),109,781,116,782,0.6656,,,,NOT_SIGNIFICANT
SEPSIS_RESUSCITATION_NMA_REVIEW.html,NCT03668236,CLASSIC (Meyhoff 2022),323,770,329,784,1.0000,,,,NOT_SIGNIFICANT
SEVERE_ASTHMA_NMA_REVIEW.html,NCT01691521,MENSA,66,194,172,191,0.0000,95,0.0522,treatment,OK
SEVERE_ASTHMA_NMA_REVIEW.html,NCT01287039,Castro-2015-Resliz,77,464,192,477,0.0000,81,0.0507,treatment,OK
SEVERE_ASTHMA_NMA_REVIEW.html,NCT01928771,SIROCCO,0,398,0,407,1.0000,,,,NOT_SIGNIFICANT
SEVERE_ASTHMA_NMA_REVIEW.html,NCT02414854,QUEST,0,631,0,317,1.0000,,,,NOT_SIGNIFICANT
SEVERE_ASTHMA_NMA_REVIEW.html,NCT03347279,NAVIGATOR,0,528,0,531,1.0000,,,,NOT_SIGNIFICANT
SEVERE_PEDIATRIC_FEBRILE_AFRICA_NMA_REVIEW.html,LEGACY-ISRCTN-50258054-AQUAMAT,AQUAMAT (IV artesunate vs IV quinine),230,2712,297,2713,0.0025,23,0.0530,treatment,OK
SEVERE_PEDIATRIC_FEBRILE_AFRICA_NMA_REVIEW.html,LEGACY-ISRCTN-69856593-FEAST,FEAST (fluid bolus severe sepsis),226,2097,76,1044,0.0016,13,0.0506,control,OK
SEVERE_PEDIATRIC_FEBRILE_AFRICA_NMA_REVIEW.html,LEGACY-ISRCTN-84086586-TRACT,TRACT (transfusion threshold anaemic),142,1605,142,1591,0.9505,,,,NOT_SIGNIFICANT
SGLT2_HF_REVIEW.html,NCT03036124,DAPA-HF,386,2373,502,2371,0.0000,62,0.0501,treatment,OK
SGLT2_HF_REVIEW.html,NCT03057977,EMPEROR-Reduced,361,1863,462,1867,0.0001,50,0.0533,treatment,OK
SGLT2_HF_REVIEW.html,NCT03057951,EMPEROR-Preserved,415,2997,511,2991,0.0006,41,0.0534,treatment,OK
SGLT2_HF_REVIEW.html,NCT03619213,DELIVER,512,3131,610,3132,0.0014,37,0.0509,treatment,OK
SGLT2_HF_REVIEW.html,NCT03521934,SOLOIST-WHF,245,608,355,614,0.0000,72,0.0506,treatment,OK
SGLT2_MACE_CVOT_REVIEW.html,NCT01131676,EMPA-REG OUTCOME,490,4687,282,2333,0.0428,3,0.0523,treatment,WARN
SGLT2_MACE_CVOT_REVIEW.html,NCT01032629,CANVAS,561,5795,493,4347,0.0070,26,0.0510,treatment,OK
SGLT2_MACE_CVOT_REVIEW.html,NCT01730534,DECLARE-TIMI 58,756,8582,803,8578,0.2119,,,,NOT_SIGNIFICANT
SGLT2_MACE_CVOT_REVIEW.html,NCT01986881,VERTIS-CV,653,5493,327,2747,1.0000,,,,NOT_SIGNIFICANT
SGLT2I_HF_NMA_REVIEW.html,NCT03036124,DAPA-HF,386,2373,502,2371,0.0000,62,0.0501,treatment,OK
SGLT2I_HF_NMA_REVIEW.html,NCT03057977,EMPEROR-Reduced,361,1863,462,1867,0.0001,50,0.0533,treatment,OK
SGLT2I_HF_NMA_REVIEW.html,NCT03057951,EMPEROR-Preserved,415,2997,511,2991,0.0006,41,0.0534,treatment,OK
SGLT2I_HF_NMA_REVIEW.html,NCT03619213,DELIVER,512,3131,610,3132,0.0014,37,0.0509,treatment,OK
SGLT2I_HF_NMA_REVIEW.html,NCT03521934,SOLOIST-WHF,245,608,355,614,0.0000,72,0.0506,treatment,OK
SGLT2I_HF_NMA_REVIEW.html,NCT03315143,SCORED,400,5292,539,5292,0.0000,79,0.0517,treatment,OK
SOTAGLIFLOZIN_HF_REVIEW.html,NCT03521934,SOLOIST-WHF,245,608,355,614,0.0000,72,0.0506,treatment,OK
SOTAGLIFLOZIN_HF_REVIEW.html,NCT03315143,SCORED,400,5292,540,5292,0.0000,80,0.0519,treatment,OK
SOTATERCEPT_PAH_REVIEW.html,NCT04576988,STELLAR,9,163,42,160,0.0000,19,0.0585,treatment,OK
SPARSENTAN_IGAN_REVIEW.html,NCT03762850,PROTECT,0,202,0,200,1.0000,,,,NOT_SIGNIFICANT
SPONDYLOARTHRITIS_NMA_REVIEW.html,NCT02696785,MEASURE 4,49,116,23,117,0.0002,12,0.0567,control,OK
SPONDYLOARTHRITIS_NMA_REVIEW.html,NCT03928704,BE MOBILE 1,122,254,50,132,0.0665,,,,NOT_SIGNIFICANT
SPONDYLOARTHRITIS_NMA_REVIEW.html,NCT03928743,BE MOBILE 2,175,332,48,110,0.1233,,,,NOT_SIGNIFICANT
SPONDYLOARTHRITIS_NMA_REVIEW.html,NCT04169373,SELECT-AXIS 2,111,211,36,209,0.0000,54,0.0516,control,OK
TAVR_LOWRISK_REVIEW.html,NCT02675114,PARTNER 3,42,496,68,454,0.0022,11,0.0515,treatment,OK
TAVR_LOWRISK_REVIEW.html,NCT02701283,Evolut Low Risk,38,725,49,678,0.1495,,,,NOT_SIGNIFICANT
TAVR_LOWRISK_REVIEW.html,NCT01057173,NOTION,19,145,22,135,0.5006,,,,NOT_SIGNIFICANT
TB_DRUG_SUSCEPTIBLE_4MO_REVIEW.html,NCT02410772,Study 31 / A5349 (4-month rifapentine-mo,49,791,39,768,0.3803,,,,NOT_SIGNIFICANT
TB_PREVENTION_NMA_REVIEW.html,NCT01404312,BRIEF-TB / A5279 (1HP),32,1488,33,1498,1.0000,,,,NOT_SIGNIFICANT
TB_PREVENTION_NMA_REVIEW.html,NCT00023452,TBTC Study 26 / PREVENT TB (3HP),7,3986,15,3745,0.0859,,,,NOT_SIGNIFICANT
TB_PREVENTION_NMA_REVIEW.html,NCT01582711,iAdhere / TBTC Study 33 (3HP SAT vs DOT),348,504,372,498,0.0493,1,0.0578,treatment,FAIL
TB_PREVENTION_REVIEW.html,NCT01404312,BRIEF-TB / A5279,32,1488,33,1498,1.0000,,,,NOT_SIGNIFICANT
TDXD_HER2LOW_BC_REVIEW.html,NCT03734029,DESTINY-Breast04,172,373,130,184,0.0000,60,0.0588,treatment,OK
TDXD_HER2LOW_BC_REVIEW.html,NCT04494425,DESTINY-Breast06,224,436,236,430,0.3078,,,,NOT_SIGNIFICANT
TEPLIZUMAB_T1D_REVIEW.html,NCT01030861,TN-10,19,44,23,32,0.0192,2,0.0590,treatment,WARN
TIRZEPATIDE_T2D_REVIEW.html,NCT03987919,SURPASS-2,0,470,0,469,1.0000,,,,NOT_SIGNIFICANT
TIRZEPATIDE_T2D_REVIEW.html,NCT03730662,SURPASS-4,0,997,0,1000,1.0000,,,,NOT_SIGNIFICANT
TNK_VS_TPA_STROKE_REVIEW.html,NCT01949948,NOR-TEST,358,549,330,542,0.1492,,,,NOT_SIGNIFICANT
TNK_VS_TPA_STROKE_REVIEW.html,NCT03889249,AcT,296,802,266,765,0.3993,,,,NOT_SIGNIFICANT
TNK_VS_TPA_STROKE_REVIEW.html,NCT04797013,TRACE-2,439,708,415,700,0.3005,,,,NOT_SIGNIFICANT
TNK_VS_TPA_STROKE_REVIEW.html,NCT02388061,EXTEND-IA TNK,22,101,10,101,0.0329,1,0.0559,control,FAIL
TNK_VS_TPA_STROKE_REVIEW.html,NCT03854500,NOR-TEST 2 Part A,66,102,78,101,0.0634,,,,NOT_SIGNIFICANT
TNK_VS_TPA_STROKE_REVIEW.html,NCT02814409,ATTEST-2,320,727,305,739,0.2914,,,,NOT_SIGNIFICANT
TOFACITINIB_UC_REVIEW.html,NCT01465763,OCTAVE Induction 1,88,476,10,122,0.0058,4,0.0789,control,OK
TOFACITINIB_UC_REVIEW.html,NCT01458951,OCTAVE Induction 2,71,429,4,112,0.0002,6,0.0524,control,OK
TOFACITINIB_UC_REVIEW.html,NCT01458574,OCTAVE Sustain,80,197,22,198,0.0000,40,0.0595,control,OK
TYVAC_TYPHOID_REVIEW.html,NCT03299426,TyVAC Malawi,12,14069,62,14061,0.0000,31,0.0639,treatment,OK
UC_BIOLOGICS_NMA_REVIEW.html,NCT00036439,ACT-1,46,121,18,121,0.0001,13,0.0530,control,OK
UC_BIOLOGICS_NMA_REVIEW.html,NCT00408629,ULTRA-2,41,248,23,246,0.0223,3,0.0654,control,WARN
UC_BIOLOGICS_NMA_REVIEW.html,NCT00488774,PURSUIT-SC,59,331,20,331,0.0000,21,0.0646,control,OK
UC_BIOLOGICS_NMA_REVIEW.html,NCT00783718,GEMINI-1,41,225,12,149,0.0062,4,0.0562,control,OK
UC_BIOLOGICS_NMA_REVIEW.html,NCT02407236,UNIFI-induction,49,322,17,319,0.0000,15,0.0569,control,OK
UC_BIOLOGICS_NMA_REVIEW.html,NCT01465763,OCTAVE-1,88,476,10,122,0.0058,4,0.0789,control,OK
UC_BIOLOGICS_NMA_REVIEW.html,NCT02819635,U-ACHIEVE,83,319,7,154,0.0000,21,0.0644,control,OK
UC_BIOLOGICS_NMA_REVIEW.html,NCT02435992,TRUE-NORTH,80,429,13,216,0.0000,14,0.0562,control,OK
UC_BIOLOGICS_NMA_REVIEW.html,NCT03518086,LUCENT-1,210,868,57,294,0.0928,,,,NOT_SIGNIFICANT
UPADACITINIB_CD_REVIEW.html,NCT03345849,U-EXCEL,130,263,77,263,0.0000,30,0.0538,control,OK
UPADACITINIB_CD_REVIEW.html,NCT03345836,U-EXCEED,96,247,52,248,0.0000,24,0.0594,control,OK
UPADACITINIB_CD_REVIEW.html,NCT03345823,U-ENDURE,94,252,34,250,0.0000,39,0.0585,control,OK
VENETOCLAX_AML_REVIEW.html,NCT02993523,VIALE-A,161,286,109,145,0.0001,28,0.0607,treatment,OK
VENETOCLAX_AML_REVIEW.html,NCT03069352,VIALE-C,78,143,45,68,0.1353,,,,NOT_SIGNIFICANT
VENETOCLAX_CLL_REVIEW.html,NCT02242942,CLL14,50,216,93,216,0.0000,23,0.0600,treatment,OK
VENETOCLAX_CLL_REVIEW.html,NCT02005471,MURANO,32,194,114,195,0.0000,62,0.0537,treatment,OK
VENETOCLAX_CLL_REVIEW.html,NCT02950051,CLL13/GAIA,53,229,79,229,0.0098,6,0.0528,treatment,OK
VITAMIN_D_FRACTURE_FALL_NMA_REVIEW.html,NCT01169259,VITAL (Manson 2019),805,12927,754,12944,0.1744,,,,NOT_SIGNIFICANT
VITAMIN_D_FRACTURE_FALL_NMA_REVIEW.html,LEGACY-ACTRN12613000743763-DHEALTH,D-Health (Neale 2022),1100,10662,1188,10653,0.0515,,,,NOT_SIGNIFICANT
VITAMIN_D_FRACTURE_FALL_NMA_REVIEW.html,LEGACY-ACTRN12611000402943-VIDA,ViDA (Khaw 2017),1199,2558,1206,2552,0.8009,,,,NOT_SIGNIFICANT
VITILIGO_NMA_REVIEW.html,NCT04052425,TRuE-V1 (Rosmarin 2022),50,222,5,109,0.0000,10,0.0767,control,OK
VITILIGO_NMA_REVIEW.html,NCT04057573,TRuE-V2 (Rosmarin 2022),67,224,12,110,0.0001,10,0.0651,control,OK
VITILIGO_NMA_REVIEW.html,NCT04927975,UpA-Vitiligo Phase 2/3 (Passeron 2024),28,70,5,55,0.0001,8,0.0580,control,OK
VOCLOSPORIN_LN_REVIEW.html,NCT03021499,AURORA 1,73,179,40,178,0.0003,15,0.0606,control,OK
VORASIDENIB_GLIOMA_REVIEW.html,NCT04164901,INDIGO,28,168,67,163,0.0000,23,0.0509,treatment,OK
VUTRISIRAN_ATTR_REVIEW.html,NCT04153149,HELIOS-B,84,326,113,329,0.0173,5,0.0522,treatment,OK
ZOLBETUXIMAB_GASTRIC_REVIEW.html,NCT03504397,SPOTLIGHT,0,283,0,282,1.0000,,,,NOT_SIGNIFICANT
ZOLBETUXIMAB_GASTRIC_REVIEW.html,NCT03653507,GLOW,0,254,0,253,1.0000,,,,NOT_SIGNIFICANT
