file,key,name,estimandType,tE,tN,cE,cN,claim_pt,claim_lci,claim_uci,implied_pT,implied_pC,verdict,issues
ACALABRUTINIB_CLL_REVIEW.html,NCT02475681,ELEVATE-TN,HR,22.0,179.0,101.0,177.0,0.21,0.14,0.32,0.1229,0.5706,OK,
ACALABRUTINIB_CLL_REVIEW.html,NCT02970318,ASCEND,HR,27.0,155.0,95.0,155.0,0.28,0.2,0.38,0.1742,0.6129,OK,
ACORAMIDIS_ATTR_CM_REVIEW.html,NCT03860935,ATTRibute-CM,RR,76.0,421.0,62.0,211.0,0.78,0.56,1.1,0.1805,0.2938,OK,
ACS_ANTIPLATELET_REVIEW.html,NCT00391872,PLATO,RR,864.0,9333.0,1014.0,9291.0,0.84,0.77,0.92,0.0926,0.1091,OK,
ACS_ANTIPLATELET_REVIEW.html,NCT00097591,TRITON-TIMI 38,RR,643.0,6813.0,781.0,6795.0,0.81,0.73,0.9,0.0944,0.1149,OK,
ACS_ANTIPLATELET_REVIEW.html,NCT01944800,ISAR-REACT 5,RR,184.0,2012.0,137.0,2006.0,1.36,1.09,1.7,0.0915,0.0683,OK,
ACS_ANTIPLATELET_REVIEW.html,NCT02270242,TWILIGHT,RR,141.0,3555.0,250.0,3564.0,0.56,0.45,0.68,0.0397,0.0701,OK,
ADC_HER2_ADJUVANT_REVIEW.html,NCT01772472,KATHERINE,HR,91.0,743.0,165.0,743.0,0.5,0.39,0.64,0.1225,0.2221,OK,
ADC_HER2_LOW_REVIEW.html,NCT03734029,DESTINY-Breast04,HR,184.0,373.0,127.0,184.0,0.5,0.4,0.63,0.4933,0.6902,OK,
ADC_HER2_LOW_REVIEW.html,NCT04494425,DESTINY-Breast06,HR,235.0,436.0,274.0,430.0,0.62,0.52,0.75,0.5390,0.6372,OK,
ADC_HER2_NMA_REVIEW.html,NCT03529110,DESTINY-Breast03,HR,131.0,261.0,215.0,263.0,0.33,0.26,0.43,0.5019,0.8175,OK,
ADC_HER2_NMA_REVIEW.html,NCT00829166,EMILIA,HR,265.0,495.0,304.0,496.0,0.65,0.55,0.77,0.5354,0.6129,OK,
ADC_HER2_NMA_REVIEW.html,NCT01419197,TH3RESA,HR,219.0,404.0,149.0,198.0,0.528,0.422,0.661,0.5421,0.7525,OK,
ADC_HER2_NMA_REVIEW.html,NCT03523585,DESTINY-Breast02,HR,0.0,406.0,0.0,202.0,0.36,0.28,0.45,0.0000,0.0000,OK,
ADJUVANT_IO_MELANOMA_REVIEW.html,NCT02362594,KEYNOTE-054,HR,135.0,514.0,216.0,505.0,0.57,0.43,0.74,0.2626,0.4277,OK,
ADJUVANT_IO_MELANOMA_REVIEW.html,NCT02388906,CheckMate-238,HR,154.0,453.0,206.0,453.0,0.65,0.51,0.83,0.3400,0.4547,OK,
ADJUVANT_IO_MELANOMA_REVIEW.html,NCT01682083,COMBI-AD,HR,166.0,438.0,248.0,432.0,0.47,0.39,0.58,0.3790,0.5741,OK,
AFICAMTEN_HCM_REVIEW.html,NCT05186818,SEQUOIA-HCM,RR,95.0,139.0,32.0,143.0,2.06,1.45,2.93,0.6835,0.2238,OK,
AGYW_HIV_PREP_REVIEW.html,NCT02732730,"HPTN 082 (oral PrEP, AGYW)",RR,51.0,226.0,27.0,225.0,1.88,1.21,2.94,0.2257,0.1200,OK,
AGYW_HIV_PREP_REVIEW.html,NCT01386294,"FACTS-001 (vaginal tenofovir gel, A",HR,61.0,1015.0,62.0,1009.0,0.98,0.69,1.4,0.0601,0.0614,OK,
ALK_NSCLC_REVIEW.html,NCT02075840,ALEX,HR,62.0,152.0,102.0,151.0,0.47,0.34,0.65,0.4079,0.6755,OK,
ALK_NSCLC_REVIEW.html,NCT02737501,ALTA-1L,HR,56.0,137.0,87.0,138.0,0.49,0.35,0.68,0.4088,0.6304,OK,
ALK_NSCLC_REVIEW.html,NCT03052608,CROWN,HR,35.0,149.0,88.0,147.0,0.28,0.19,0.41,0.2349,0.5986,OK,
ALK_NSCLC_REVIEW.html,NCT02767804,eXalt3,HR,60.0,143.0,89.0,147.0,0.51,0.35,0.72,0.4196,0.6054,OK,
ALOPECIA_JAKI_REVIEW.html,NCT03570749,BRAVE-AA1,RR,102.0,281.0,9.0,189.0,7.6,3.96,14.59,0.3630,0.0476,OK,
ALOPECIA_JAKI_REVIEW.html,NCT03899259,BRAVE-AA2,RR,80.0,234.0,5.0,156.0,10.66,4.41,25.81,0.3419,0.0321,OK,
ALOPECIA_JAKI_REVIEW.html,NCT03732807,ALLEGRO-2b/3,RR,35.0,130.0,1.0,131.0,35.27,4.91,253.39,0.2692,0.0076,OK,
ALOPECIA_JAKI_REVIEW.html,NCT04518995,THRIVE-AA1,RR,92.0,235.0,1.0,117.0,45.83,6.51,322.85,0.3915,0.0085,OK,
ALOPECIA_JAKI_REVIEW.html,NCT04797650,THRIVE-AA2,RR,75.0,175.0,1.0,86.0,36.86,5.21,260.69,0.4286,0.0116,OK,
ANIFROLUMAB_SLE_REVIEW.html,NCT02446912,TULIP-1,OR,122.0,180.0,92.0,184.0,1.55,1.03,2.33,0.6778,0.5000,OK,
ANIFROLUMAB_SLE_REVIEW.html,NCT02446899,TULIP-2,OR,86.0,180.0,57.0,182.0,1.99,1.31,3.03,0.4778,0.3132,OK,
ANTI_CD20_MS_REVIEW.html,NCT01247324,OPERA I,RR,95.0,410.0,167.0,411.0,0.54,0.42,0.69,0.2317,0.4063,OK,
ANTI_CD20_MS_REVIEW.html,NCT01412333,OPERA II,RR,87.0,417.0,153.0,418.0,0.53,0.4,0.69,0.2086,0.3660,OK,
ANTI_CD20_MS_REVIEW.html,NCT02792218,ASCLEPIOS I,RR,99.0,465.0,169.0,462.0,0.49,0.37,0.65,0.2129,0.3658,OK,
ANTI_CD20_MS_REVIEW.html,NCT02792231,ASCLEPIOS II,RR,95.0,481.0,165.0,474.0,0.51,0.41,0.62,0.1975,0.3481,OK,
ANTI_CD20_MS_REVIEW.html,NCT03277261,ULTIMATE I,RR,35.0,274.0,90.0,275.0,0.41,0.27,0.62,0.1277,0.3273,OK,
ANTI_CD20_MS_REVIEW.html,NCT03277248,ULTIMATE II,RR,36.0,272.0,91.0,272.0,0.41,0.27,0.61,0.1324,0.3346,OK,
ANTIAMYLOID_AD_NMA_REVIEW.html,NCT03887455,Clarity AD,MD,0.0,859.0,0.0,875.0,-0.45,-0.67,-0.23,0.0000,0.0000,OK,
ANTIAMYLOID_AD_NMA_REVIEW.html,NCT04437511,TRAILBLAZER-ALZ 2,MD,0.0,860.0,0.0,876.0,-0.7,-0.95,-0.45,0.0000,0.0000,OK,
ANTIAMYLOID_AD_NMA_REVIEW.html,NCT02477800,EMERGE,MD,0.0,547.0,0.0,545.0,-0.39,-0.69,-0.09,0.0000,0.0000,OK,
ANTIAMYLOID_AD_NMA_REVIEW.html,NCT02484547,ENGAGE,MD,0.0,555.0,0.0,548.0,0.03,-0.26,0.32,0.0000,0.0000,OK,
ANTIAMYLOID_AD_NMA_REVIEW.html,NCT03444870,GRADUATE I,MD,0.0,493.0,0.0,492.0,-0.31,-0.66,0.05,0.0000,0.0000,OK,
ANTIAMYLOID_AD_NMA_REVIEW.html,NCT03443973,GRADUATE II,MD,0.0,490.0,0.0,490.0,-0.19,-0.55,0.17,0.0000,0.0000,OK,
ANTIAMYLOID_AD_NMA_REVIEW.html,NCT01900665,EXPEDITION 3,MD,0.0,1057.0,0.0,1072.0,-0.1,-0.26,0.07,0.0000,0.0000,OK,
ANTIAMYLOID_AD_REVIEW.html,NCT02484547,ENGAGE,RR,0.0,555.0,0.0,548.0,1.03,0.77,1.38,0.0000,0.0000,OK,
ANTIPSYCHOTICS_SCHIZO_REVIEW.html,LEGACY-OLANZAPINE-PIVOTAL,Olanzapine-Pivotal,MD,0.0,335.0,0.0,105.0,-0.59,-0.82,-0.37,0.0000,0.0000,OK,
ANTIPSYCHOTICS_SCHIZO_REVIEW.html,LEGACY-RISPERIDONE-PIVOTAL,Risperidone-Pivotal,MD,0.0,80.0,0.0,80.0,-0.56,-0.88,-0.24,0.0000,0.0000,OK,
ANTIPSYCHOTICS_SCHIZO_REVIEW.html,LEGACY-QUETIAPINE-PIVOTAL,Quetiapine-Pivotal,MD,0.0,361.0,0.0,96.0,-0.44,-0.66,-0.22,0.0000,0.0000,OK,
ANTIPSYCHOTICS_SCHIZO_REVIEW.html,LEGACY-ARIPIPRAZOLE-PIVOTAL,Aripiprazole-Pivotal,MD,0.0,211.0,0.0,106.0,-0.43,-0.62,-0.24,0.0000,0.0000,OK,
ANTIPSYCHOTICS_SCHIZO_REVIEW.html,LEGACY-ZIPRASIDONE-PIVOTAL,Ziprasidone-Pivotal,MD,0.0,139.0,0.0,91.0,-0.39,-0.58,-0.2,0.0000,0.0000,OK,
ANTIPSYCHOTICS_SCHIZO_REVIEW.html,LEGACY-PALIPERIDONE-PIVOTAL,Paliperidone-Pivotal,MD,0.0,444.0,0.0,124.0,-0.5,-0.72,-0.28,0.0000,0.0000,OK,
ANTIPSYCHOTICS_SCHIZO_REVIEW.html,LEGACY-LURASIDONE-PIVOTAL,Lurasidone-Pivotal,MD,0.0,354.0,0.0,120.0,-0.33,-0.55,-0.11,0.0000,0.0000,OK,
ANTIPSYCHOTICS_SCHIZO_REVIEW.html,LEGACY-HALOPERIDOL-PIVOTAL,Haloperidol-Pivotal,MD,0.0,270.0,0.0,136.0,-0.45,-0.65,-0.25,0.0000,0.0000,OK,
ANTIVEGF_NAMD_NMA_REVIEW.html,NCT00509795,VIEW-1,MD,0.0,304.0,0.0,304.0,0.5,-1.1,2.1,0.0000,0.0000,OK,
ANTIVEGF_NAMD_NMA_REVIEW.html,NCT00637377,VIEW-2,MD,0.0,306.0,0.0,291.0,0.6,-1.1,2.3,0.0000,0.0000,OK,
ANTIVEGF_NAMD_NMA_REVIEW.html,NCT03823287,TENAYA,MD,0.0,334.0,0.0,337.0,0.7,-0.65,2.05,0.0000,0.0000,OK,
ANTIVEGF_NAMD_NMA_REVIEW.html,NCT03823300,LUCERNE,MD,0.0,331.0,0.0,327.0,0.5,-0.85,1.85,0.0000,0.0000,OK,
ANTIVEGF_NAMD_NMA_REVIEW.html,NCT04423718,PULSAR,MD,0.0,335.0,0.0,336.0,1.0,-0.4,2.5,0.0000,0.0000,OK,
ANTIVEGF_NAMD_NMA_REVIEW.html,NCT02307682,HAWK,MD,0.0,360.0,0.0,360.0,-0.2,-1.5,1.1,0.0000,0.0000,OK,
ANTIVEGF_NAMD_NMA_REVIEW.html,NCT02434328,HARRIER,MD,0.0,370.0,0.0,369.0,0.7,-0.6,2.0,0.0000,0.0000,OK,
ANTIVEGF_NAMD_NMA_REVIEW.html,NCT00593450,CATT,MD,0.0,284.0,0.0,286.0,-0.5,-2.5,1.5,0.0000,0.0000,OK,
ANTIVEGF_NAMD_NMA_REVIEW.html,NCT00056836,MARINA,MD,0.0,240.0,0.0,238.0,17.6,14.5,20.7,0.0000,0.0000,OK,
ANTIVEGF_NAMD_NMA_REVIEW.html,NCT00061594,ANCHOR,MD,0.0,140.0,0.0,143.0,20.8,17.4,24.2,0.0000,0.0000,OK,
ARPI_mHSPC_REVIEW.html,NCT02677896,ARCHES,HR,154.0,574.0,202.0,576.0,0.66,0.53,0.81,0.2683,0.3507,OK,
ARPI_mHSPC_REVIEW.html,NCT02446405,ENZAMET,HR,102.0,562.0,143.0,563.0,0.67,0.52,0.86,0.1815,0.2540,OK,
ARPI_mHSPC_REVIEW.html,NCT02489318,TITAN,HR,170.0,525.0,235.0,527.0,0.65,0.53,0.79,0.3238,0.4459,OK,
ARPI_mHSPC_REVIEW.html,NCT02799602,ARASENS,HR,229.0,651.0,304.0,654.0,0.68,0.57,0.8,0.3518,0.4648,OK,
ARPI_mHSPC_REVIEW.html,NCT01715285,LATITUDE,HR,275.0,597.0,365.0,602.0,0.66,0.56,0.78,0.4606,0.6063,OK,
ARPI_NMCRPC_REVIEW.html,NCT01946204,SPARTAN,HR,184.0,806.0,194.0,401.0,0.28,0.23,0.35,0.2283,0.4838,OK,
ARPI_NMCRPC_REVIEW.html,NCT02003924,PROSPER,HR,219.0,933.0,228.0,468.0,0.29,0.24,0.35,0.2347,0.4872,OK,
ARPI_NMCRPC_REVIEW.html,NCT02200614,ARAMIS,HR,221.0,955.0,216.0,554.0,0.41,0.34,0.5,0.2314,0.3899,OK,
ATOPIC_DERM_NMA_REVIEW.html,NCT02277743,SOLO-1-Dupi,HR,115.0,224.0,34.0,224.0,6.4,4.1,9.99,0.5134,0.1518,OK,
ATOPIC_DERM_NMA_REVIEW.html,NCT03131648,ECZTRA-1,HR,62.0,249.0,32.0,251.0,2.28,1.43,3.63,0.2490,0.1275,OK,
ATOPIC_DERM_NMA_REVIEW.html,NCT04146363,ADvocate1,OR,165.0,283.0,24.0,141.0,7.4,4.54,12.07,0.5830,0.1702,OK,
ATOPIC_DERM_NMA_REVIEW.html,NCT03985943,ARCADIA-1,HR,168.0,412.0,32.0,202.0,3.45,2.28,5.22,0.4078,0.1584,OK,
ATOPIC_DERM_NMA_REVIEW.html,NCT03349060,JADE-MONO-1,OR,96.0,154.0,9.0,77.0,13.94,6.23,31.2,0.6234,0.1169,OK,
ATOPIC_DERM_NMA_REVIEW.html,NCT03569293,MeasureUp-1,OR,196.0,281.0,23.0,141.0,11.74,6.82,20.21,0.6975,0.1631,OK,
ATOPIC_DERM_NMA_REVIEW.html,NCT03334396,BREEZE-AD1,HR,59.0,249.0,22.0,249.0,3.34,1.97,5.66,0.2369,0.0884,OK,
ATTR_PN_REVIEW.html,NCT01960348,APOLLO,MD,,148.0,,77.0,-34.0,-39.9,-28.1,,,OK,
ATTR_PN_REVIEW.html,NCT03759379,HELIOS-A,MD,,122.0,,77.0,-17.0,-21.83,-12.17,,,OK,
ATTR_PN_REVIEW.html,NCT04136184,NEURO-TTRansform,MD,,144.0,,60.0,-14.83,-19.07,-10.59,,,OK,
AZITHROMYCIN_CHILD_MORTALITY_REVIEW.html,NCT02047981,MORDOR-I,HR,3000.0,95000.0,3500.0,95000.0,0.86,0.79,0.93,0.0316,0.0368,OK,
AZITHROMYCIN_CHILD_MORTALITY_REVIEW.html,NCT02048007,MORDOR-II,HR,1100.0,50000.0,1265.0,50000.0,0.87,0.81,0.94,0.0220,0.0253,OK,
AZITHROMYCIN_CHILD_MORTALITY_REVIEW.html,NCT04224987,AVENIR,HR,580.0,45000.0,672.0,45000.0,0.86,0.78,0.94,0.0129,0.0149,OK,
BELIMUMAB_SLE_REVIEW.html,NCT00424476,BLISS-52,RR,118.0,205.0,93.0,213.0,1.32,1.11,1.57,0.5756,0.4366,OK,
BELIMUMAB_SLE_REVIEW.html,NCT00410384,BLISS-76,RR,85.0,197.0,66.0,195.0,1.28,1.02,1.6,0.4315,0.3385,OK,
BELIMUMAB_SLE_REVIEW.html,NCT01484496,BLISS-SC,RR,341.0,556.0,136.0,280.0,1.27,1.11,1.44,0.6133,0.4857,OK,
BELIMUMAB_SLE_REVIEW.html,NCT01639339,BLISS-LN,RR,96.0,223.0,72.0,223.0,1.34,1.04,1.72,0.4305,0.3229,OK,
BIMEKIZUMAB_PSORIASIS_REVIEW.html,NCT03370133,BE-VIVID,RR,273.0,321.0,4.0,83.0,17.62,6.74,46.07,0.8505,0.0482,OK,
BIMEKIZUMAB_PSORIASIS_REVIEW.html,NCT03410992,BE-READY,RR,273.0,349.0,1.0,86.0,67.27,9.55,473.83,0.7822,0.0116,OK,
BIMEKIZUMAB_PSORIASIS_REVIEW.html,NCT03412747,BE-SURE,RR,275.0,319.0,75.0,159.0,1.83,1.55,2.15,0.8621,0.4717,OK,
BIOLOGIC_ASTHMA_REVIEW.html,NCT01691521,MENSA,HR,,385.0,,191.0,0.53,0.4,0.69,,,OK,
BIOLOGIC_ASTHMA_REVIEW.html,NCT01914757,CALIMA,HR,,239.0,,248.0,0.72,0.54,0.95,,,OK,
BIOLOGIC_ASTHMA_REVIEW.html,NCT02414854,QUEST,HR,,631.0,,321.0,0.52,0.41,0.66,,,OK,
BIOLOGIC_ASTHMA_REVIEW.html,NCT03347279,NAVIGATOR,HR,,528.0,,531.0,0.44,0.37,0.53,,,OK,
BPAL_MDRTB_REVIEW.html,NCT02589782,TB-PRACTECAL,RR,123.0,138.0,60.0,113.0,1.68,1.4,2.01,0.8913,0.5310,OK,
BPAL_MDRTB_REVIEW.html,NCT02409290,STREAM-2,RR,172.0,207.0,143.0,202.0,1.17,1.05,1.31,0.8309,0.7079,OK,
BPAL_MDRTB_REVIEW.html,NCT02754765,endTB-MDR,RR,136.0,155.0,120.0,151.0,1.1,1.0,1.21,0.8774,0.7947,OK,
BTKI_CLL_NMA_REVIEW.html,NCT02475681,ELEVATE-TN,HR,22.0,179.0,101.0,177.0,0.21,0.14,0.32,0.1229,0.5706,OK,
BTKI_CLL_NMA_REVIEW.html,NCT02477696,ELEVATE-RR,HR,143.0,268.0,143.0,265.0,1.0,0.81,1.24,0.5336,0.5396,OK,
BTKI_CLL_NMA_REVIEW.html,NCT03734016,ALPINE,HR,87.0,327.0,118.0,325.0,0.65,0.49,0.86,0.2661,0.3631,OK,
BTKI_CLL_NMA_REVIEW.html,NCT01722487,RESONATE-2,HR,25.0,136.0,104.0,133.0,0.146,0.098,0.218,0.1838,0.7820,OK,
BTKI_CLL_NMA_REVIEW.html,NCT03336333,SEQUOIA,HR,82.0,241.0,166.0,238.0,0.42,0.28,0.63,0.3402,0.6975,OK,
BTKI_CLL_NMA_REVIEW.html,NCT01578707,RESONATE,HR,33.0,195.0,124.0,196.0,0.135,0.095,0.19,0.1692,0.6327,OK,
BTKI_CLL_NMA_REVIEW.html,NCT02970318,ASCEND,OR,55.0,155.0,95.0,155.0,0.28,0.2,0.38,0.3548,0.6129,OK,
CAB_PREP_HIV_REVIEW.html,NCT02720094,HPTN 083,HR,13.0,2282.0,39.0,2284.0,0.34,0.18,0.62,0.0057,0.0171,OK,
CAB_PREP_HIV_REVIEW.html,NCT03164564,HPTN 084,HR,4.0,1614.0,36.0,1610.0,0.12,0.05,0.31,0.0025,0.0224,OK,
CABOTEGRAVIR_HIV_ART_REVIEW.html,NCT02951052,ATLAS,RR,5.0,308.0,3.0,308.0,1.67,0.4,6.91,0.0162,0.0097,OK,
CABOTEGRAVIR_HIV_ART_REVIEW.html,NCT02938520,FLAIR,RR,6.0,283.0,7.0,283.0,0.86,0.29,2.53,0.0212,0.0247,OK,
CABOTEGRAVIR_HIV_ART_REVIEW.html,NCT03299049,ATLAS-2M,RR,9.0,522.0,5.0,523.0,1.8,0.61,5.34,0.0172,0.0096,OK,
CANGRELOR_PCI_REVIEW.html,NCT00305162,CHAMPION-PCI,OR,335.0,4459.0,317.0,4466.0,1.05,0.88,1.24,0.0751,0.0710,OK,
CANGRELOR_PCI_REVIEW.html,NCT00385138,CHAMPION-PLATFORM,OR,185.0,2654.0,210.0,2641.0,0.87,0.71,1.07,0.0697,0.0795,OK,
CANGRELOR_PCI_REVIEW.html,NCT01156571,CHAMPION-PHOENIX,OR,257.0,5472.0,322.0,5470.0,0.78,0.66,0.93,0.0470,0.0589,OK,
CAPIVASERTIB_BC_REVIEW.html,NCT04305496,CAPItello-291,HR,0.0,355.0,0.0,353.0,0.6,0.51,0.71,0.0000,0.0000,OK,
CARDIORENAL_DKD_NMA_REVIEW.html,NCT02540993,FIDELIO-DKD,HR,504.0,2833.0,600.0,2841.0,0.82,0.73,0.93,0.1779,0.2112,OK,
CARDIORENAL_DKD_NMA_REVIEW.html,NCT02545049,FIGARO-DKD,HR,458.0,3686.0,519.0,3666.0,0.87,0.76,1.01,0.1243,0.1416,OK,
CARDIORENAL_DKD_NMA_REVIEW.html,NCT02065791,CREDENCE,HR,245.0,2202.0,340.0,2199.0,0.7,0.59,0.82,0.1113,0.1546,OK,
CARDIORENAL_DKD_NMA_REVIEW.html,NCT03036150,DAPA-CKD,HR,197.0,2152.0,312.0,2152.0,0.61,0.51,0.72,0.0915,0.1450,OK,
CARDIORENAL_DKD_NMA_REVIEW.html,NCT03594110,EMPA-KIDNEY,HR,432.0,3304.0,558.0,3305.0,0.72,0.64,0.82,0.1308,0.1688,OK,
CARDIORENAL_DKD_NMA_REVIEW.html,NCT03819153,FLOW,HR,331.0,1767.0,410.0,1766.0,0.76,0.66,0.88,0.1873,0.2322,OK,
CART_DLBCL_REVIEW.html,NCT03391466,ZUMA-7,HR,108.0,180.0,144.0,179.0,0.4,0.31,0.51,0.6000,0.8045,OK,
CART_DLBCL_REVIEW.html,NCT03575351,TRANSFORM,HR,35.0,92.0,63.0,92.0,0.35,0.23,0.53,0.3804,0.6848,OK,
CART_DLBCL_REVIEW.html,NCT03570892,BELINDA,HR,94.0,162.0,95.0,160.0,1.07,0.82,1.4,0.5802,0.5938,OK,
CART_MM_REVIEW.html,NCT04181827,CARTITUDE-4,HR,45.0,208.0,106.0,211.0,0.26,0.18,0.38,0.2163,0.5024,OK,
CART_MM_REVIEW.html,NCT03651128,KarMMa-3,HR,120.0,254.0,93.0,132.0,0.49,0.38,0.65,0.4724,0.7045,OK,
CBD_SEIZURE_REVIEW.html,NCT02091375,GWPCARE1,RR,26.0,61.0,16.0,59.0,1.57,0.95,2.6,0.4262,0.2712,OK,
CBD_SEIZURE_REVIEW.html,NCT02224690,GWPCARE2,RR,31.0,67.0,17.0,65.0,1.77,1.1,2.86,0.4627,0.2615,OK,
CBD_SEIZURE_REVIEW.html,NCT02224560,GWPCARE3,RR,30.0,76.0,11.0,73.0,2.66,1.46,4.85,0.3947,0.1507,OK,
CBD_SEIZURE_REVIEW.html,NCT02224703,GWPCARE4,RR,38.0,86.0,20.0,85.0,1.88,1.19,2.97,0.4419,0.2353,OK,
CD_BIOLOGICS_NMA_REVIEW.html,LEGACY-PRENCT-ACCENT-1,ACCENT-1,HR,72.0,385.0,22.0,188.0,2.11,1.28,3.48,0.1870,0.1170,OK,
CD_BIOLOGICS_NMA_REVIEW.html,LEGACY-PRENCT-CLASSIC-1,CLASSIC-1,HR,66.0,74.0,14.0,74.0,4.74,2.19,10.26,0.8919,0.1892,OK,
CD_BIOLOGICS_NMA_REVIEW.html,NCT00152490,PRECiSE-1,HR,81.0,331.0,56.0,331.0,1.53,1.07,2.21,0.2447,0.1692,OK,
CD_BIOLOGICS_NMA_REVIEW.html,NCT01224171,GEMINI-2,HR,32.0,220.0,10.0,148.0,2.54,1.21,5.33,0.1455,0.0676,OK,
CD_BIOLOGICS_NMA_REVIEW.html,NCT01369329,UNITI-1,HR,67.0,249.0,37.0,247.0,1.5,1.14,1.97,0.2691,0.1498,OK,
CD_BIOLOGICS_NMA_REVIEW.html,NCT03105128,ADVANCE,HR,110.0,372.0,41.0,175.0,1.82,1.21,2.73,0.2957,0.2343,OK,
CD_BIOLOGICS_NMA_REVIEW.html,NCT03345849,U-EXCEL,OR,129.0,306.0,34.0,177.0,4.69,3.04,7.24,0.4216,0.1921,OK,
CDK46_MBC_REVIEW.html,NCT01740427,PALOMA-2,HR,194.0,444.0,137.0,222.0,0.58,0.46,0.72,0.4369,0.6171,OK,
CDK46_MBC_REVIEW.html,NCT01958021,MONALEESA-2,HR,93.0,334.0,150.0,334.0,0.56,0.43,0.72,0.2784,0.4491,OK,
CDK46_MBC_REVIEW.html,NCT02246621,MONARCH-3,HR,151.0,328.0,114.0,165.0,0.54,0.42,0.7,0.4604,0.6909,OK,
CFTR_MODULATORS_NMA_REVIEW.html,NCT01807923,TRAFFIC,HR,0.0,369.0,0.0,184.0,2.7,1.4,4.0,0.0000,0.0000,OK,
CFTR_MODULATORS_NMA_REVIEW.html,NCT02347657,EVOLVE,HR,0.0,251.0,0.0,248.0,4.0,3.1,4.8,0.0000,0.0000,OK,
CFTR_MODULATORS_NMA_REVIEW.html,NCT03525444,VX18-445-102,HR,0.0,200.0,0.0,203.0,13.8,12.1,15.4,0.0000,0.0000,OK,
CGRP_MIGRAINE_NMA_REVIEW.html,NCT02456740,STRIVE,MD,0.0,319.0,0.0,316.0,-3.7,-4.0,-3.4,0.0000,0.0000,OK,
CGRP_MIGRAINE_NMA_REVIEW.html,NCT02629861,HALO-EM,MD,0.0,290.0,0.0,294.0,-1.3,-1.79,-0.82,0.0000,0.0000,OK,
CGRP_MIGRAINE_NMA_REVIEW.html,NCT02614183,EVOLVE-1,MD,0.0,213.0,0.0,425.0,-1.9,-2.48,-1.26,0.0000,0.0000,OK,
CGRP_MIGRAINE_NMA_REVIEW.html,NCT02559895,PROMISE-1,MD,0.0,222.0,0.0,222.0,-0.69,-1.16,-0.22,0.0000,0.0000,OK,
CHOLERA_OCV_REVIEW.html,NCT02027207,Single-Dose Shanchol Bangladesh,RR,14.0,102552.0,28.0,101886.0,0.5,0.26,0.97,0.0001,0.0003,OK,
COLCHICINE_CVD_REVIEW.html,NCT02551094,COLCOT,HR,131.0,2366.0,170.0,2379.0,0.77,0.61,0.96,0.0554,0.0715,OK,
COLCHICINE_CVD_REVIEW.html,NCT03048825,CLEAR SYNERGY,HR,322.0,3528.0,327.0,3534.0,0.99,0.85,1.16,0.0913,0.0925,OK,
COLCHICINE_CVD_REVIEW.html,NCT02898610,CONVINCE,HR,153.0,1569.0,185.0,1575.0,0.84,0.68,1.05,0.0975,0.1175,OK,
COPD_TRIPLE_REVIEW.html,NCT02164513,IMPACT,RR,4420.0,4151.0,4957.0,4134.0,0.75,0.7,0.81,1.0648,1.1991,OK,
COPD_TRIPLE_REVIEW.html,NCT02465567,ETHOS,RR,1523.0,2137.0,1912.0,2120.0,0.76,0.69,0.83,0.7127,0.9019,OK,
COPD_TRIPLE_REVIEW.html,NCT02497001,KRONOS,RR,385.0,639.0,619.0,625.0,0.52,0.4,0.69,0.6025,0.9904,OK,
COVID_ORAL_ANTIVIRALS_REVIEW.html,NCT04960202,EPIC-HR,RR,5.0,697.0,44.0,682.0,0.11,0.04,0.29,0.0072,0.0645,OK,
COVID_ORAL_ANTIVIRALS_REVIEW.html,NCT04575597,MOVe-OUT,RR,48.0,709.0,68.0,699.0,0.69,0.48,0.99,0.0677,0.0973,OK,
CRYPTOCOCCAL_MENINGITIS_AFRICA_REVIEW.html,LEGACY-ISRCTN-45035509-ACTA,ACTA (Molloy 2018),HR,86.0,333.0,95.0,332.0,0.77,0.58,1.04,0.2583,0.2861,OK,
CRYPTOCOCCAL_MENINGITIS_AFRICA_REVIEW.html,LEGACY-ISRCTN-72509687-AMBITION-CM,AMBITION-cm (Jarvis 2022),RR,101.0,407.0,117.0,407.0,0.86,0.69,1.07,0.2482,0.2875,OK,
CRYPTOCOCCAL_MENINGITIS_AFRICA_REVIEW.html,NCT01075152,COAT (ART timing in CM),HR,40.0,88.0,27.0,89.0,1.73,1.06,2.82,0.4545,0.3034,OK,
DIABETIC_MACULAR_EDEMA_REVIEW.html,NCT01627249,Protocol T DRCR (Wells 2015),MD,11.6,224.0,9.6,218.0,2.1,0.4,3.8,0.0518,0.0440,OK,
DIABETIC_MACULAR_EDEMA_REVIEW.html,NCT03622580,YOSEMITE (Wykoff 2022),MD,10.7,315.0,10.9,312.0,-0.2,-2.1,1.7,0.0340,0.0349,OK,
DIABETIC_MACULAR_EDEMA_REVIEW.html,NCT03622593,RHINE (Wykoff 2022),MD,11.8,317.0,10.3,315.0,1.5,-0.4,3.4,0.0372,0.0327,OK,
DIABETIC_RETINOPATHY_REVIEW.html,NCT01489189,Protocol S DRCR (Gross 2015),MD,6.0,191.0,8.0,203.0,2.2,-0.5,5.0,0.0314,0.0394,OK,
DIABETIC_RETINOPATHY_REVIEW.html,NCT02718326,PANORAMA (Brown 2021),RR,79.0,269.0,16.0,133.0,2.44,1.49,4.01,0.2937,0.1203,OK,
DIABETIC_RETINOPATHY_REVIEW.html,NCT02634333,Protocol W DRCR (Maturi 2021),RR,41.0,200.0,75.0,199.0,0.54,0.39,0.75,0.2050,0.3769,OK,
DOAC_AF_NMA_REVIEW.html,NCT00262600,RE-LY,HR,134.0,6076.0,202.0,6022.0,0.66,0.53,0.82,0.0221,0.0335,OK,
DOAC_AF_NMA_REVIEW.html,NCT00403767,ROCKET-AF,HR,188.0,7081.0,241.0,7090.0,0.88,0.74,1.03,0.0265,0.0340,OK,
DOAC_AF_NMA_REVIEW.html,NCT00412984,ARISTOTLE,HR,212.0,9120.0,265.0,9081.0,0.79,0.66,0.95,0.0232,0.0292,OK,
DOAC_AF_NMA_REVIEW.html,NCT00781391,ENGAGE-AF-TIMI-48,HR,182.0,7035.0,232.0,7036.0,0.79,0.63,0.99,0.0259,0.0330,OK,
DOAC_AF_REVIEW.html,NCT00262600,RE-LY,HR,134.0,6076.0,199.0,6022.0,0.66,0.53,0.82,0.0221,0.0330,OK,
DOAC_AF_REVIEW.html,NCT00403767,ROCKET-AF,HR,269.0,7081.0,306.0,7090.0,0.88,0.75,1.03,0.0380,0.0432,OK,
DOAC_AF_REVIEW.html,NCT00412984,ARISTOTLE,HR,212.0,9120.0,265.0,9081.0,0.79,0.66,0.95,0.0232,0.0292,OK,
DOAC_AF_REVIEW.html,NCT00781391,ENGAGE AF-TIMI 48,HR,296.0,7035.0,337.0,7036.0,0.79,0.68,0.92,0.0421,0.0479,OK,
DOAC_VTE_NMA_REVIEW.html,NCT00291330,RE-COVER,HR,30.0,1274.0,27.0,1265.0,1.1,0.65,1.84,0.0235,0.0213,OK,
DOAC_VTE_NMA_REVIEW.html,NCT00440193,EINSTEIN-DVT,HR,36.0,1731.0,51.0,1718.0,0.68,0.44,1.04,0.0208,0.0297,OK,
DOAC_VTE_NMA_REVIEW.html,NCT00643201,AMPLIFY,HR,59.0,2691.0,71.0,2704.0,0.84,0.6,1.18,0.0219,0.0263,OK,
DOAC_VTE_NMA_REVIEW.html,NCT00986154,HOKUSAI-VTE,HR,130.0,4118.0,146.0,4122.0,0.89,0.7,1.13,0.0316,0.0354,OK,
DOLUTEGRAVIR_ART_SSA_REVIEW.html,NCT03122262,ADVANCE,RR,285.0,351.0,257.0,351.0,1.11,1.02,1.2,0.8120,0.7322,OK,
DOLUTEGRAVIR_ART_SSA_REVIEW.html,NCT02777229,NAMSAL,RR,231.0,310.0,209.0,303.0,1.08,0.97,1.2,0.7452,0.6898,OK,
DOLUTEGRAVIR_ART_SSA_REVIEW.html,NCT03048422,IMPAACT 2010,RR,212.0,217.0,183.0,211.0,1.13,1.06,1.21,0.9770,0.8673,OK,
DONANEMAB_AD_SOLO_REVIEW.html,NCT04437511,TRAILBLAZER-ALZ 2,RR,246.0,860.0,297.0,876.0,0.84,0.71,0.99,0.2860,0.3390,OK,
DORAVIRINE_HIV_REVIEW.html,NCT02403674,DRIVE-AHEAD,RR,307.0,364.0,294.0,364.0,1.04,0.97,1.13,0.8434,0.8077,OK,
DORAVIRINE_HIV_REVIEW.html,NCT02275780,DRIVE-FORWARD,RR,321.0,383.0,306.0,383.0,1.05,0.98,1.13,0.8381,0.7990,OK,
DORAVIRINE_HIV_REVIEW.html,NCT02397096,DRIVE-SHIFT,RR,406.0,447.0,211.0,223.0,0.96,0.92,1.01,0.9083,0.9462,OK,
DUPILUMAB_AD_REVIEW.html,NCT02277743,SOLO-1,OR,85.0,224.0,23.0,224.0,5.68,3.45,9.37,0.3795,0.1027,OK,
DUPILUMAB_AD_REVIEW.html,NCT02277769,SOLO-2,OR,84.0,233.0,20.0,236.0,6.4,3.8,10.78,0.3605,0.0847,OK,
DUPILUMAB_AD_REVIEW.html,NCT02260986,CHRONOS,OR,125.0,319.0,39.0,315.0,4.64,3.11,6.92,0.3918,0.1238,OK,
DUPILUMAB_COPD_REVIEW.html,NCT03930732,BOREAS,RR,330.0,468.0,457.0,471.0,0.7,0.58,0.86,0.7051,0.9703,OK,
DUPILUMAB_COPD_REVIEW.html,NCT04456673,NOTUS,RR,309.0,468.0,457.0,467.0,0.66,0.54,0.82,0.6603,0.9786,OK,
EBOLA_VACCINE_REVIEW.html,LEGACY-PACTR-EBOLA-CI-RING,Ebola ça Suffit Guinea Ring (Henao-,RR,0.0,2119.0,16.0,2041.0,0.0,0.0,0.207,0.0000,0.0078,OK,
EFGARTIGIMOD_MG_REVIEW.html,NCT03669588,ADAPT,RR,56.0,84.0,25.0,83.0,2.28,1.61,3.23,0.6667,0.3012,OK,
ELACESTRANT_BC_REVIEW.html,NCT03778931,EMERALD,HR,0.0,239.0,0.0,239.0,0.7,0.55,0.88,0.0000,0.0000,OK,
ENSIFENTRINE_COPD_REVIEW.html,NCT04535986,ENHANCE-1,RR,116.0,380.0,182.0,380.0,0.64,0.5,0.81,0.3053,0.4789,OK,
ENSIFENTRINE_COPD_REVIEW.html,NCT04542057,ENHANCE-2,RR,105.0,395.0,184.0,394.0,0.57,0.45,0.73,0.2658,0.4670,OK,
ETRASIMOD_UC_REVIEW.html,NCT03945188,ELEVATE UC 52,RR,78.0,289.0,10.0,144.0,3.89,2.1,7.2,0.2699,0.0694,OK,
ETRASIMOD_UC_REVIEW.html,NCT03996369,ELEVATE UC 12,RR,60.0,238.0,17.0,116.0,1.72,1.05,2.83,0.2521,0.1466,OK,
EVT_BASILAR_REVIEW.html,NCT04751708,ATTENTION,RR,104.0,226.0,26.0,114.0,2.43,1.68,3.51,0.4602,0.2281,OK,
EVT_BASILAR_REVIEW.html,NCT02737189,BAOCHE,RR,51.0,110.0,26.0,107.0,1.91,1.29,2.82,0.4636,0.2430,OK,
EVT_BASILAR_REVIEW.html,NCT01717755,BASICS,RR,68.0,154.0,55.0,146.0,1.17,0.89,1.54,0.4416,0.3767,OK,
EVT_EXTENDED_WINDOW_REVIEW.html,NCT02142283,DAWN,RR,52.0,107.0,13.0,99.0,3.71,2.16,6.38,0.4860,0.1313,OK,
EVT_EXTENDED_WINDOW_REVIEW.html,NCT02586415,DEFUSE 3,RR,52.0,115.0,16.0,92.0,2.6,1.59,4.26,0.4522,0.1739,OK,
EVT_EXTENDED_WINDOW_REVIEW.html,NCT03098355,MR CLEAN-LATE,RR,98.0,255.0,66.0,247.0,1.43,1.1,1.87,0.3843,0.2672,OK,
EVT_LARGECORE_REVIEW.html,NCT03702413,RESCUE-Japan LIMIT,RR,14.0,101.0,8.0,101.0,1.75,0.77,3.99,0.1386,0.0792,OK,
EVT_LARGECORE_REVIEW.html,NCT04551664,ANGEL-ASPECT,RR,69.0,230.0,27.0,225.0,2.5,1.67,3.74,0.3000,0.1200,OK,
EVT_LARGECORE_REVIEW.html,NCT03876457,SELECT2,RR,35.0,178.0,12.0,172.0,2.82,1.5,5.29,0.1966,0.0698,OK,
EVT_LARGECORE_REVIEW.html,NCT03094715,TENSION,RR,50.0,125.0,18.0,128.0,2.84,1.78,4.53,0.4000,0.1406,OK,
EVT_LARGECORE_REVIEW.html,NCT03811769,LASTE,RR,16.0,166.0,7.0,167.0,2.3,0.97,5.43,0.0964,0.0419,OK,
EVT_LARGECORE_REVIEW.html,NCT03805308,TESLA,RR,30.0,152.0,24.0,148.0,1.22,0.74,2.01,0.1974,0.1622,OK,
FENFLURAMINE_SEIZURE_REVIEW.html,NCT02682927,Study 1 (Dravet),RR,27.0,40.0,5.0,40.0,5.4,2.29,12.75,0.6750,0.1250,OK,
FENFLURAMINE_SEIZURE_REVIEW.html,NCT02926898,Study 2 (Dravet+stiripentol),RR,23.0,43.0,2.0,44.0,11.77,2.96,46.79,0.5349,0.0455,OK,
FENFLURAMINE_SEIZURE_REVIEW.html,NCT03355209,LGS Study 1,RR,22.0,87.0,9.0,87.0,2.44,1.2,4.99,0.2529,0.1034,OK,
FINERENONE_REVIEW.html,NCT02540993,FIDELIO-DKD,HR,367.0,2833.0,420.0,2841.0,0.86,0.75,0.99,0.1295,0.1478,OK,
FINERENONE_REVIEW.html,NCT02545049,FIGARO-DKD,HR,458.0,3686.0,519.0,3666.0,0.87,0.76,0.98,0.1243,0.1416,OK,
FINERENONE_REVIEW.html,NCT04435626,FINEARTS-HF,RR,624.0,3003.0,719.0,2998.0,0.84,0.74,0.95,0.2078,0.2398,OK,
FRAGILITY_FRACTURE_REVIEW.html,NCT01631214,ARCH,RR,127.0,2046.0,243.0,2047.0,0.52,0.4,0.66,0.0621,0.1187,OK,
FRAGILITY_FRACTURE_REVIEW.html,NCT01575834,FRAME,RR,16.0,3589.0,59.0,3591.0,0.27,0.16,0.47,0.0045,0.0164,OK,
FRAGILITY_FRACTURE_REVIEW.html,NCT00321620,ACTIVE,RR,8.0,824.0,39.0,821.0,0.2,0.1,0.42,0.0097,0.0475,OK,
FRAGILITY_FRACTURE_REVIEW.html,NCT00089791,FREEDOM,RR,86.0,3902.0,264.0,3906.0,0.32,0.26,0.41,0.0220,0.0676,OK,
FRAGILITY_FRACTURE_REVIEW.html,LEGACY-VERT-1999,VERT,RR,35.0,197.0,64.0,191.0,0.53,0.37,0.77,0.1777,0.3351,OK,
GLP1_CVOT_NMA_REVIEW.html,NCT01179048,LEADER,HR,608.0,4668.0,694.0,4672.0,0.87,0.78,0.97,0.1302,0.1485,OK,
GLP1_CVOT_NMA_REVIEW.html,NCT01720446,SUSTAIN-6,HR,108.0,1648.0,146.0,1649.0,0.74,0.58,0.95,0.0655,0.0885,OK,
GLP1_CVOT_NMA_REVIEW.html,NCT01394952,REWIND,HR,594.0,4949.0,663.0,4952.0,0.88,0.79,0.99,0.1200,0.1339,OK,
GLP1_CVOT_NMA_REVIEW.html,NCT02692716,PIONEER-6,HR,61.0,1591.0,76.0,1592.0,0.79,0.57,1.11,0.0383,0.0477,OK,
GLP1_CVOT_NMA_REVIEW.html,NCT01147250,ELIXA,HR,406.0,3034.0,399.0,3034.0,1.02,0.89,1.17,0.1338,0.1315,OK,
GLP1_CVOT_NMA_REVIEW.html,NCT02465515,HARMONY-Outcomes,HR,338.0,4731.0,428.0,4732.0,0.78,0.68,0.9,0.0714,0.0904,OK,
GLP1_CVOT_NMA_REVIEW.html,NCT01144338,EXSCEL,HR,839.0,7356.0,905.0,7396.0,0.91,0.83,1.0,0.1141,0.1224,OK,
GLP1_CVOT_NMA_REVIEW.html,NCT03496298,AMPLITUDE-O,HR,189.0,2717.0,125.0,1359.0,0.73,0.58,0.92,0.0696,0.0920,OK,
GLP1_CVOT_REVIEW.html,NCT01147250,ELIXA,HR,406.0,3034.0,399.0,3034.0,1.02,0.89,1.17,0.1338,0.1315,OK,
GLP1_CVOT_REVIEW.html,NCT01179048,LEADER,HR,608.0,4668.0,694.0,4672.0,0.87,0.78,0.97,0.1302,0.1485,OK,
GLP1_CVOT_REVIEW.html,NCT01720446,SUSTAIN-6,HR,108.0,1648.0,146.0,1649.0,0.74,0.58,0.95,0.0655,0.0885,OK,
GLP1_CVOT_REVIEW.html,NCT01144338,EXSCEL,HR,839.0,7356.0,905.0,7396.0,0.91,0.83,1.0,0.1141,0.1224,OK,
GLP1_CVOT_REVIEW.html,NCT02465515,HARMONY Outcomes,HR,338.0,4731.0,428.0,4732.0,0.78,0.68,0.9,0.0714,0.0904,OK,
GLP1_CVOT_REVIEW.html,NCT01394952,REWIND,HR,594.0,4949.0,663.0,4952.0,0.88,0.79,0.99,0.1200,0.1339,OK,
GLP1_CVOT_REVIEW.html,NCT02692716,PIONEER 6,HR,61.0,1591.0,76.0,1592.0,0.79,0.57,1.11,0.0383,0.0477,OK,
GLP1_CVOT_REVIEW.html,NCT03574597,SELECT,HR,569.0,8803.0,701.0,8801.0,0.8,0.72,0.9,0.0646,0.0797,OK,
GLP1_CVOT_REVIEW.html,NCT03496298,AMPLITUDE-O,HR,189.0,2717.0,125.0,1359.0,0.73,0.58,0.92,0.0696,0.0920,OK,
GLP1_CVOT_REVIEW.html,NCT03914326,SOUL,HR,579.0,4825.0,668.0,4825.0,0.86,0.77,0.96,0.1200,0.1384,OK,
GLP1_MASH_REVIEW.html,NCT04822181,ESSENCE,RR,199.0,534.0,88.0,533.0,3.18,2.43,4.16,0.3727,0.1651,OK,
GLP1_MASH_REVIEW.html,NCT04166773,SYNERGY-NASH,OR,33.0,64.0,7.0,65.0,9.71,3.83,24.61,0.5156,0.1077,OK,
GLP1_MASH_REVIEW.html,NCT02970942,Newsome NAFLD,OR,59.0,80.0,17.0,80.0,10.41,4.79,22.62,0.7375,0.2125,OK,
HCC_1L_REVIEW.html,NCT03434379,IMbrave150,RR,137.0,336.0,86.0,165.0,0.66,0.52,0.85,0.4077,0.5212,OK,
HCC_1L_REVIEW.html,NCT04039607,CheckMate 9DW,RR,268.0,335.0,281.0,333.0,0.79,0.65,0.96,0.8000,0.8438,OK,
HCC_1L_REVIEW.html,NCT03713593,LEAP-002,RR,205.0,395.0,213.0,399.0,0.84,0.71,1.01,0.5190,0.5338,OK,
HEPATITIS_B_TAF_TDF_REVIEW.html,NCT01940341,"GS-US-320-0108 (TAF vs TDF, HBeAg-n",RR,268.0,285.0,130.0,140.0,1.01,0.96,1.07,0.9404,0.9286,OK,
HEPATITIS_B_TAF_TDF_REVIEW.html,NCT01940471,"GS-US-320-0110 (TAF vs TDF, HBeAg-p",RR,371.0,581.0,195.0,292.0,0.96,0.87,1.05,0.6386,0.6678,OK,
HEPATITIS_HCV_DAA_REVIEW.html,NCT02201940,ASTRAL-1,RR,619.0,624.0,0.0,116.0,99.0,50.0,200.0,0.9920,0.0000,OK,
HEPATITIS_HCV_DAA_REVIEW.html,NCT02201953,ASTRAL-3,RR,264.0,277.0,264.0,275.0,1.19,1.13,1.25,0.9531,0.9600,OK,
HER2_LOW_ADC_REVIEW.html,NCT03734029,DESTINY-Breast04,RR,172.0,373.0,130.0,184.0,0.5,0.4,0.63,0.4611,0.7065,OK,
HER2_LOW_ADC_REVIEW.html,NCT03901339,TROPiCS-02,RR,196.0,272.0,218.0,271.0,0.66,0.53,0.83,0.7206,0.8044,OK,
HER2_LOW_ADC_REVIEW.html,NCT05374512,TROPION-Breast01,RR,188.0,365.0,232.0,367.0,0.63,0.52,0.76,0.5151,0.6322,OK,
HF_QUADRUPLE_NMA_REVIEW.html,NCT03036124,DAPA-HF,RR,386.0,2373.0,502.0,2371.0,0.74,0.65,0.85,0.1627,0.2117,OK,
HF_QUADRUPLE_NMA_REVIEW.html,NCT03057977,EMPEROR-Reduced,RR,361.0,1863.0,462.0,1867.0,0.75,0.65,0.86,0.1938,0.2475,OK,
HF_QUADRUPLE_NMA_REVIEW.html,NCT03619213,DELIVER,RR,512.0,3131.0,610.0,3132.0,0.82,0.73,0.92,0.1635,0.1948,OK,
HF_QUADRUPLE_NMA_REVIEW.html,NCT03057951,EMPEROR-Preserved,RR,415.0,2997.0,511.0,2991.0,0.79,0.69,0.9,0.1385,0.1708,OK,
HF_QUADRUPLE_NMA_REVIEW.html,NCT01035255,PARADIGM-HF,RR,914.0,4187.0,1117.0,4212.0,0.8,0.73,0.87,0.2183,0.2652,OK,
HF_QUADRUPLE_NMA_REVIEW.html,NCT04435626,FINEARTS-HF,RR,624.0,3003.0,719.0,3001.0,0.84,0.74,0.95,0.2078,0.2396,OK,
HIDRADENITIS_SUPPURATIVA_REVIEW.html,NCT01468207,PIONEER I (Kimball 2016),RR,65.0,153.0,40.0,154.0,1.61,1.16,2.24,0.4248,0.2597,OK,
HIDRADENITIS_SUPPURATIVA_REVIEW.html,NCT01468233,PIONEER II (Kimball 2016),RR,96.0,163.0,45.0,163.0,2.13,1.61,2.83,0.5890,0.2761,OK,
HIDRADENITIS_SUPPURATIVA_REVIEW.html,NCT04242446,BE HEARD I (Kimball 2024),RR,122.0,289.0,50.0,142.0,1.2,1.03,1.4,0.4221,0.3521,OK,
HIFPH_CKD_ANEMIA_REVIEW.html,NCT02879305,ASCEND-D,HR,374.0,1487.0,394.0,1477.0,0.93,0.81,1.07,0.2515,0.2668,OK,
HIFPH_CKD_ANEMIA_REVIEW.html,NCT02876835,ASCEND-ND,HR,378.0,1937.0,371.0,1935.0,1.03,0.9,1.18,0.1951,0.1917,OK,
HIFPH_CKD_ANEMIA_REVIEW.html,NCT02648347,PRO2TECT,HR,467.0,1739.0,408.0,1737.0,1.17,1.01,1.36,0.2685,0.2349,OK,
HIFPH_CKD_ANEMIA_REVIEW.html,NCT02892149,INNO2VATE,HR,432.0,1964.0,461.0,1959.0,0.96,0.83,1.11,0.2200,0.2353,OK,
HIFPH_CKD_ANEMIA_REVIEW.html,NCT02052310,HIMALAYAS,HR,144.0,522.0,145.0,521.0,0.96,0.76,1.21,0.2759,0.2783,OK,
HIGH_EFFICACY_MS_REVIEW.html,NCT01247324,OPERA-I,RR,127.0,410.0,236.0,411.0,0.54,0.4,0.72,0.3098,0.5742,OK,
HIGH_EFFICACY_MS_REVIEW.html,NCT01412333,OPERA-II,RR,127.0,417.0,240.0,418.0,0.53,0.4,0.71,0.3046,0.5742,OK,
HIGH_EFFICACY_MS_REVIEW.html,NCT02792218,ASCLEPIOS-I,RR,51.0,465.0,105.0,481.0,0.49,0.35,0.68,0.1097,0.2183,OK,
HIGH_EFFICACY_MS_REVIEW.html,NCT02792231,ASCLEPIOS-II,RR,45.0,481.0,120.0,474.0,0.51,0.41,0.62,0.0936,0.2532,OK,
HIV_ART_FIRSTLINE_REVIEW.html,NCT03122262,ADVANCE DTG/TAF,RR,310.0,351.0,282.0,351.0,1.1,1.02,1.18,0.8832,0.8034,OK,
HIV_ART_FIRSTLINE_REVIEW.html,NCT03122262_TDF,ADVANCE DTG/TDF,RR,315.0,351.0,282.0,351.0,1.12,1.04,1.21,0.8974,0.8034,OK,
HIV_ART_TIMING_REVIEW.html,NCT00867048,START (INSIGHT 2015),HR,42.0,2326.0,96.0,2359.0,0.43,0.3,0.62,0.0181,0.0407,OK,
HIV_ART_TIMING_REVIEW.html,NCT00495651,TEMPRANO (ANRS 12136),HR,175.0,1029.0,175.0,1044.0,0.56,0.41,0.76,0.1701,0.1676,OK,
HIV_LA_PREP_REVIEW.html,NCT02720094,HPTN 083,HR,12.0,2283.0,39.0,2283.0,0.34,0.18,0.62,0.0053,0.0171,OK,
HIV_LA_PREP_REVIEW.html,NCT03164564,HPTN 084,HR,4.0,1614.0,36.0,1610.0,0.12,0.05,0.31,0.0025,0.0224,OK,
HIV_LA_PREP_REVIEW.html,NCT04994509,PURPOSE-1,HR,0.0,2134.0,39.0,2136.0,0.0,0.0,0.04,0.0000,0.0183,OK,
HIV_LA_PREP_REVIEW.html,NCT04925752,PURPOSE-2,HR,2.0,2179.0,9.0,1086.0,0.11,0.02,0.51,0.0009,0.0083,OK,
HIV_PREP_INJECTABLE_REVIEW.html,NCT02720094,HPTN 083,HR,13.0,2282.0,39.0,2284.0,0.34,0.18,0.62,0.0057,0.0171,OK,
HIV_PREP_INJECTABLE_REVIEW.html,NCT03164564,HPTN 084,HR,4.0,1614.0,36.0,1610.0,0.12,0.05,0.31,0.0025,0.0224,OK,
HIV_PREP_INJECTABLE_REVIEW.html,NCT02842086,DISCOVER (F/TAF vs F/TDF),IRR,8.0,2694.0,15.0,2693.0,0.47,0.19,1.15,0.0030,0.0056,OK,
HIV_TB_COINFECTION_ART_TIMING_REVIEW.html,NCT00091936,SAPiT (Karim 2010+2011),HR,36.0,429.0,27.0,213.0,0.56,0.34,0.92,0.0839,0.1268,OK,
HIV_TB_COINFECTION_ART_TIMING_REVIEW.html,NCT00108862,STRIDE / ACTG A5221 (Havlir 2011),HR,87.0,405.0,105.0,401.0,0.81,0.61,1.07,0.2148,0.2618,OK,
HIV_TB_COINFECTION_ART_TIMING_REVIEW.html,NCT00226434,CAMELIA (Blanc 2011),HR,59.0,332.0,90.0,329.0,0.62,0.44,0.86,0.1777,0.2736,OK,
HPV_DOSE_REDUCTION_REVIEW.html,NCT03675256,KEN-SHE bivalent,RR,0.0,758.0,38.0,758.0,0.025,0.003,0.183,0.0000,0.0501,OK,
HPV_DOSE_REDUCTION_REVIEW.html,NCT03675256_NONAV,KEN-SHE nonavalent,RR,4.0,760.0,38.0,758.0,0.105,0.038,0.292,0.0053,0.0501,OK,
HPV_DOSE_REDUCTION_REVIEW.html,NCT02834637,DoRIS 1d-vs-3d bivalent,RR,155.0,155.0,155.0,155.0,1.0,0.96,1.04,1.0000,1.0000,OK,
HPV_VACCINE_SCHEDULES_REVIEW.html,NCT00122681,PATRICIA Cervarix 3-dose,RR,4.0,7344.0,56.0,7322.0,0.071,0.026,0.197,0.0005,0.0076,OK,
HPV_VACCINE_SCHEDULES_REVIEW.html,NCT00092534,FUTURE II Gardasil-4 3-dose,RR,1.0,5305.0,42.0,5260.0,0.024,0.003,0.179,0.0002,0.0080,OK,
HPV_VACCINE_SCHEDULES_REVIEW.html,NCT03675256,KEN SHE single-dose (Barnabas 2022),RR,2.0,1492.0,32.0,759.0,0.032,0.008,0.135,0.0013,0.0422,OK,
HYDROCORTISONE_SEPTIC_SHOCK_REVIEW.html,NCT01448109,ADRENAL (Venkatesh 2018),RR,511.0,1832.0,526.0,1826.0,0.96,0.86,1.08,0.2789,0.2881,OK,
HYDROCORTISONE_SEPTIC_SHOCK_REVIEW.html,NCT00625209,APROCCHSS (Annane 2018),RR,264.0,614.0,308.0,627.0,0.88,0.78,0.99,0.4300,0.4912,OK,
HYDROCORTISONE_SEPTIC_SHOCK_REVIEW.html,NCT00670254,HYPRESS (Keh 2016),RR,21.0,190.0,29.0,190.0,0.72,0.43,1.22,0.1105,0.1526,OK,
ICU_SEDATION_REVIEW.html,NCT01728558,SPICE-III (Shehabi 2019),RR,566.0,1948.0,569.0,1956.0,1.0,0.91,1.1,0.2906,0.2909,OK,
ICU_SEDATION_REVIEW.html,NCT00466492,Strom 2010 no-sedation,MD,27.0,55.0,36.0,58.0,4.2,0.3,8.1,0.4909,0.6207,OK,
ICU_SEDATION_REVIEW.html,NCT03653832,A2B Trial (Lewis 2025),HR,233.0,521.0,250.0,519.0,0.93,0.78,1.1,0.4472,0.4817,OK,
IL23_PSA_REVIEW.html,NCT03675308,KEEPsAKE-1,RR,248.0,483.0,152.0,481.0,1.62,1.38,1.91,0.5135,0.3160,OK,
IL23_PSA_REVIEW.html,NCT03671148,KEEPsAKE-2,RR,110.0,224.0,44.0,220.0,2.45,1.83,3.28,0.4911,0.2000,OK,
IL23_PSA_REVIEW.html,NCT03162796,DISCOVER-1,RR,78.0,127.0,28.0,127.0,2.79,1.96,3.96,0.6142,0.2205,OK,
IL23_PSA_REVIEW.html,NCT03158285,DISCOVER-2,RR,156.0,246.0,80.0,246.0,1.95,1.59,2.4,0.6341,0.3252,OK,
IL23_PSORIASIS_REVIEW.html,NCT02207231,VOYAGE 1,RR,241.0,329.0,5.0,174.0,25.8,10.53,63.2,0.7325,0.0287,OK,
IL23_PSORIASIS_REVIEW.html,NCT02684370,UltIMMa-1,OR,229.0,304.0,5.0,102.0,59.21,23.38,149.88,0.7533,0.0490,OK,
IL23_PSORIASIS_REVIEW.html,NCT01722331,reSURFACE 1,OR,74.0,308.0,1.0,154.0,48.38,6.66,351.4,0.2403,0.0065,OK,
IL_PSORIASIS_NMA_REVIEW.html,NCT02207231,VOYAGE 1,OR,241.0,329.0,5.0,174.0,86.76,34.66,217.14,0.7325,0.0287,OK,
IL_PSORIASIS_NMA_REVIEW.html,NCT02684370,UltIMMa-1,OR,229.0,304.0,4.0,102.0,74.83,26.21,213.6,0.7533,0.0392,OK,
IL_PSORIASIS_NMA_REVIEW.html,NCT01474512,UNCOVER-1,OR,234.0,433.0,2.0,431.0,252.18,62.66,1014.79,0.5404,0.0046,OK,
IL_PSORIASIS_NMA_REVIEW.html,NCT01597245,UNCOVER-2,HR,207.0,351.0,75.0,358.0,5.26,3.83,7.22,0.5897,0.2095,OK,
IL_PSORIASIS_NMA_REVIEW.html,NCT01646177,UNCOVER-3,OR,242.0,385.0,5.0,193.0,63.64,25.44,159.19,0.6286,0.0259,OK,
IL_PSORIASIS_NMA_REVIEW.html,NCT01365455,ERASURE,OR,176.0,245.0,2.0,248.0,314.11,76.61,1287.94,0.7184,0.0081,OK,
IL_PSORIASIS_NMA_REVIEW.html,NCT01358578,FIXTURE,OR,202.0,323.0,67.0,323.0,6.38,4.61,8.82,0.6254,0.2074,OK,
IL_PSORIASIS_NMA_REVIEW.html,NCT03536884,BE RADIANT,HR,343.0,373.0,326.0,370.0,1.55,0.98,2.45,0.9196,0.8811,OK,
IL_PSORIASIS_NMA_REVIEW.html,NCT03370133,BE VIVID,OR,273.0,321.0,5.0,83.0,88.6,33.74,232.7,0.8505,0.0602,OK,
IL_PSORIASIS_NMA_REVIEW.html,NCT03412747,BE SURE,OR,263.0,319.0,86.0,159.0,3.99,2.68,5.94,0.8245,0.5409,OK,
IL_PSORIASIS_NMA_REVIEW.html,NCT02207244,VOYAGE 2,OR,248.0,355.0,1.0,128.0,147.09,20.3,1066.05,0.6986,0.0078,OK,
IL_PSORIASIS_NMA_REVIEW.html,NCT02684357,UltIMMa-2,OR,220.0,294.0,2.0,98.0,135.52,29.12,630.76,0.7483,0.0204,OK,
IL_PSORIASIS_NMA_REVIEW.html,NCT01708590,AMAGINE-1,OR,141.0,222.0,1.0,220.0,381.26,52.81,2753.45,0.6351,0.0045,OK,
IL_PSORIASIS_NMA_REVIEW.html,NCT01722331,reSURFACE-1,OR,103.0,308.0,3.0,154.0,25.28,7.81,81.81,0.3344,0.0195,OK,
IL_PSORIASIS_NMA_REVIEW.html,NCT01729754,reSURFACE-2,OR,117.0,314.0,40.0,313.0,4.05,2.7,6.08,0.3726,0.1278,OK,
IL_PSORIASIS_NMA_REVIEW.html,NCT01708603,AMAGINE-2,OR,445.0,646.0,200.0,425.0,2.49,1.94,3.2,0.6889,0.4706,OK,
IL_PSORIASIS_NMA_REVIEW.html,NCT02074982,CLEAR,OR,264.0,334.0,192.0,334.0,2.79,2.0,3.89,0.7904,0.5749,OK,
IL_PSORIASIS_NMA_REVIEW.html,NCT03410992,BE READY,OR,318.0,349.0,1.0,86.0,871.9,117.5,6483.0,0.9112,0.0116,OK,
INAVOLISIB_BC_REVIEW.html,NCT04191499,INAVO120,HR,0.0,161.0,0.0,164.0,0.43,0.32,0.59,0.0000,0.0000,OK,
INCRETINS_T2D_NMA_REVIEW.html,NCT03954834,SURPASS-1,MD,0.0,121.0,0.0,113.0,-1.87,-2.07,-1.67,0.0000,0.0000,OK,
INCRETINS_T2D_NMA_REVIEW.html,NCT03987919,SURPASS-2,MD,0.0,470.0,0.0,469.0,-0.45,-0.57,-0.33,0.0000,0.0000,OK,
INCRETINS_T2D_NMA_REVIEW.html,NCT02054897,SUSTAIN-1,MD,0.0,130.0,0.0,128.0,-1.55,-1.73,-1.36,0.0000,0.0000,OK,
INCRETINS_T2D_NMA_REVIEW.html,NCT01885208,SUSTAIN-3,MD,0.0,404.0,0.0,405.0,-0.62,-0.8,-0.44,0.0000,0.0000,OK,
INCRETINS_T2D_NMA_REVIEW.html,NCT02648204,SUSTAIN-7,MD,0.0,301.0,0.0,299.0,-0.31,-0.42,-0.2,0.0000,0.0000,OK,
INCRETINS_T2D_NMA_REVIEW.html,NCT00518882,LEAD-6,MD,0.0,233.0,0.0,231.0,-0.33,-0.47,-0.18,0.0000,0.0000,OK,
INCRETINS_T2D_NMA_REVIEW.html,NCT01624259,AWARD-6,MD,0.0,299.0,0.0,300.0,-0.06,-0.19,0.07,0.0000,0.0000,OK,
INCRETINS_T2D_NMA_REVIEW.html,NCT00318461,LEAD-2,MD,0.0,242.0,0.0,122.0,-1.1,-1.3,-0.9,0.0000,0.0000,OK,
INCRETINS_T2D_NMA_REVIEW.html,NCT01720446,SUSTAIN-6,MD,108.0,1648.0,146.0,1649.0,0.74,0.58,0.95,0.0655,0.0885,OK,
INCRETINS_T2D_NMA_REVIEW.html,NCT01144338,EXSCEL,MD,0.0,7356.0,0.0,7396.0,-0.53,-0.57,-0.49,0.0000,0.0000,OK,
INCRETINS_T2D_NMA_REVIEW.html,NCT02863419,PIONEER-4,MD,0.0,285.0,0.0,284.0,-0.1,-0.2,0.0,0.0000,0.0000,OK,
INCRETINS_T2D_NMA_REVIEW.html,NCT02607865,PIONEER-3,MD,0.0,466.0,0.0,465.0,-0.5,-0.6,-0.4,0.0000,0.0000,OK,
INCRETINS_T2D_NMA_REVIEW.html,NCT01930188,SUSTAIN-2,MD,0.0,408.0,0.0,407.0,-1.1,-1.2,-1.0,0.0000,0.0000,OK,
INCRETINS_T2D_NMA_REVIEW.html,NCT03882970,SURPASS-3,MD,0.0,407.0,0.0,475.0,-1.04,-1.17,-0.91,0.0000,0.0000,OK,
INCRETINS_T2D_NMA_REVIEW.html,NCT03730662,SURPASS-4,MD,0.0,469.0,0.0,1002.0,-1.15,-1.26,-1.03,0.0000,0.0000,OK,
INCRETINS_T2D_NMA_REVIEW.html,NCT04039503,SURPASS-5,MD,0.0,117.0,0.0,120.0,-2.5,-2.69,-2.32,0.0000,0.0000,OK,
INCRETINS_T2D_NMA_REVIEW.html,NCT04537923,SURPASS-6,MD,0.0,243.0,0.0,245.0,-0.92,-1.04,-0.79,0.0000,0.0000,OK,
INTENSIVE_BP_REVIEW.html,NCT01206062_SENIOR,SPRINT-SENIOR,HR,102.0,1317.0,148.0,1319.0,0.66,0.51,0.85,0.0774,0.1122,OK,
INTENSIVE_BP_REVIEW.html,NCT01206062_CKD,SPRINT-CKD,HR,112.0,1330.0,131.0,1316.0,0.81,0.63,1.05,0.0842,0.0995,OK,
INTENSIVE_BP_REVIEW.html,NCT00000620,ACCORD-BP,HR,208.0,2362.0,237.0,2371.0,0.88,0.73,1.06,0.0881,0.1000,OK,
INTENSIVE_BP_REVIEW.html,NCT03015311,STEP,HR,147.0,4243.0,196.0,4268.0,0.74,0.6,0.92,0.0346,0.0459,OK,
INTENSIVE_BP_REVIEW.html,NCT00059306,SPS3-BP,HR,125.0,1519.0,152.0,1501.0,0.81,0.64,1.03,0.0823,0.1013,OK,
IO_CHEMO_NSCLC_1L_REVIEW.html,NCT02578680,KEYNOTE-189,HR,235.0,410.0,164.0,206.0,0.56,0.45,0.7,0.5732,0.7961,OK,
IO_CHEMO_NSCLC_1L_REVIEW.html,NCT02775435,KEYNOTE-407,HR,137.0,278.0,171.0,281.0,0.64,0.49,0.85,0.4928,0.6085,OK,
IO_CHEMO_NSCLC_1L_REVIEW.html,NCT02366143,IMpower150,HR,230.0,356.0,256.0,336.0,0.78,0.64,0.96,0.6461,0.7619,OK,
IO_CHEMO_NSCLC_1L_REVIEW.html,NCT03164616,POSEIDON,HR,210.0,338.0,240.0,337.0,0.77,0.65,0.92,0.6213,0.7122,OK,
IPTACOPAN_IGAN_REVIEW.html,NCT04578834,APPLAUSE-IgAN,RATIO,0.0,222.0,0.0,221.0,0.62,0.52,0.74,0.0000,0.0000,OK,
JAK_RA_REVIEW.html,NCT01710358,RA-BEAM,OR,341.0,487.0,195.0,488.0,3.5,2.68,4.58,0.7002,0.3996,OK,
JAK_RA_REVIEW.html,NCT02675426,SELECT-NEXT,OR,142.0,221.0,80.0,221.0,3.3,2.28,4.76,0.6425,0.3620,OK,
JAK_RA_REVIEW.html,NCT02889796,FINCH-1,OR,371.0,475.0,237.0,475.0,3.28,2.52,4.28,0.7811,0.4989,OK,
JAK_UC_REVIEW.html,NCT01465763,OCTAVE Induction 1,OR,88.0,476.0,10.0,122.0,2.53,1.29,4.95,0.1849,0.0820,OK,
JAK_UC_REVIEW.html,NCT02819635,U-ACHIEVE Induction,OR,83.0,319.0,7.0,154.0,7.77,3.47,17.38,0.2602,0.0455,OK,
JAK_UC_REVIEW.html,NCT02914522,SELECTION Induction A,OR,66.0,245.0,15.0,98.0,2.04,1.11,3.74,0.2694,0.1531,OK,
JAKI_AD_REVIEW.html,NCT03349060,JADE MONO-1,RR,67.0,155.0,6.0,77.0,5.54,2.52,12.18,0.4323,0.0779,OK,
JAKI_AD_REVIEW.html,NCT03575871,JADE MONO-2,RR,59.0,155.0,7.0,78.0,4.25,2.04,8.85,0.3806,0.0897,OK,
JAKI_AD_REVIEW.html,NCT03569293,MEASURE-UP 1,RR,171.0,281.0,23.0,281.0,7.43,4.99,11.08,0.6085,0.0819,OK,
JAKI_AD_REVIEW.html,NCT03607422,MEASURE-UP 2,RR,144.0,276.0,13.0,278.0,11.16,6.49,19.18,0.5217,0.0468,OK,
JAKI_RA_NMA_REVIEW.html,NCT00853385,ORAL-Standard,HR,105.0,204.0,29.0,102.0,2.67,1.6,4.45,0.5147,0.2843,OK,
JAKI_RA_NMA_REVIEW.html,NCT01710358,RA-BEAM,OR,341.0,487.0,195.0,488.0,3.51,2.69,4.58,0.7002,0.3996,OK,
JAKI_RA_NMA_REVIEW.html,NCT02629159,SELECT-Compare,OR,462.0,651.0,234.0,651.0,4.36,3.45,5.5,0.7097,0.3594,OK,
JAKI_RA_NMA_REVIEW.html,NCT02889796,FINCH-1,OR,366.0,475.0,238.0,475.0,3.34,2.53,4.42,0.7705,0.5011,OK,
KRAS_G12C_REVIEW.html,NCT04303780,CodeBreaK 200,HR,0.0,171.0,0.0,174.0,0.66,0.51,0.86,0.0000,0.0000,OK,
KRAS_G12C_REVIEW.html,NCT04685135,KRYSTAL-12,HR,0.0,301.0,0.0,152.0,0.58,0.45,0.76,0.0000,0.0000,OK,
LEBRIKIZUMAB_AD_REVIEW.html,NCT04146363,ADvocate1,RR,91.0,211.0,18.0,141.0,3.38,2.13,5.36,0.4313,0.1277,OK,
LEBRIKIZUMAB_AD_REVIEW.html,NCT04178967,ADvocate2,RR,70.0,211.0,15.0,142.0,3.14,1.89,5.21,0.3318,0.1056,OK,
LEBRIKIZUMAB_AD_REVIEW.html,NCT04250337,ADhere,RR,60.0,145.0,15.0,66.0,1.82,1.13,2.93,0.4138,0.2273,OK,
LENACAPAVIR_PREP_REVIEW.html,NCT04994509,PURPOSE-1,RR,0.0,2134.0,39.0,3204.0,0.02,0.001,0.1,0.0000,0.0122,OK,
LENACAPAVIR_PREP_REVIEW.html,NCT04925752,PURPOSE-2,RR,2.0,2180.0,9.0,1087.0,0.11,0.03,0.38,0.0009,0.0083,OK,
LIPID_HUB_REVIEW.html,NCT01492361,REDUCE-IT,HR,705.0,4089.0,901.0,4090.0,0.75,,,0.1724,0.2203,OK,
LIPID_HUB_REVIEW.html,NCT02104817,STRENGTH,HR,785.0,6539.0,795.0,6539.0,1.02,,,0.1200,0.1216,OK,
LIPID_HUB_REVIEW.html,NCT01169259,VITAL,HR,386.0,12933.0,419.0,12938.0,0.92,,,0.0298,0.0324,OK,
LIPID_HUB_REVIEW.html,NCT01841944,OMEMI,HR,99.0,505.0,91.0,522.0,1.08,,,0.1960,0.1743,OK,
LIPID_HUB_REVIEW.html,NCT02944682,RESPECT-EPA,HR,91.0,1939.0,118.0,1945.0,0.79,,,0.0469,0.0607,OK,
LU_PSMA_MCRPC_REVIEW.html,NCT03511664,VISION,HR,102.0,551.0,130.0,280.0,0.4,0.29,0.57,0.1851,0.4643,OK,
LU_PSMA_MCRPC_REVIEW.html,NCT04689828,PSMAfore,HR,65.0,234.0,150.0,234.0,0.43,0.33,0.54,0.2778,0.6410,OK,
MALARIA_ACT_REVIEW.html,NCT01704508,Bandim AL-vs-DP,RR,6.0,173.0,12.0,173.0,0.5,0.19,1.3,0.0347,0.0694,OK,
MALARIA_ACT_REVIEW.html,NCT06076213,TES2022 DRC,RR,14.0,628.0,18.0,632.0,0.78,0.39,1.55,0.0223,0.0285,OK,
MALARIA_ACT_REVIEW.html,NCT04565184,Yaounde TES Cameroon,RR,5.0,121.0,7.0,121.0,0.71,0.23,2.18,0.0413,0.0579,OK,
MALARIA_ACT_REVIEW.html,NCT05192265,Nigeria PA-vs-AL,RR,4.0,86.0,5.0,86.0,0.8,0.22,2.86,0.0465,0.0581,OK,
MALARIA_ACT_REVIEW.html,NCT04767191,Siaya-Bungoma TES Kenya,RR,4.0,200.0,7.0,200.0,0.57,0.17,1.91,0.0200,0.0350,OK,
MALARIA_VACCINE_REVIEW.html,NCT00866619,"RTS,S/AS01 Phase 3",VE,1612.0,5949.0,1115.0,2974.0,0.637,0.595,0.682,0.2710,0.3749,OK,
MALARIA_VACCINE_REVIEW.html,NCT03896724,R21/Matrix-M Phase 2b (Datoo 2021),HR,38.0,146.0,105.0,147.0,0.23,0.16,0.33,0.2603,0.7143,OK,
MALARIA_VACCINES_REVIEW.html,NCT00866619,"RTS,S Phase 3",HR,2960.0,5949.0,4165.0,5950.0,0.64,0.59,0.68,0.4976,0.7000,OK,
MALARIA_VACCINES_REVIEW.html,NCT03896724,R21 Phase 2b,HR,38.0,150.0,105.0,150.0,0.23,0.16,0.33,0.2533,0.7000,OK,
MALARIA_VACCINES_REVIEW.html,NCT04704830,R21 Phase 3,HR,400.0,1601.0,1199.0,1599.0,0.25,0.21,0.3,0.2498,0.7498,OK,
MDR_TB_SHORTENED_REVIEW.html,NCT02589782,TB-PRACTECAL (BPaLM vs SOC),RR,11.0,138.0,49.0,137.0,0.22,0.12,0.39,0.0797,0.3577,OK,
MDR_TB_SHORTENED_REVIEW.html,NCT03086486,ZeNix (BPaL dose-finding),RR,7.0,91.0,9.0,93.0,0.79,0.31,2.04,0.0769,0.0968,OK,
MEDITERRANEAN_DIET_CV_REVIEW.html,LEGACY-ISRCTN-35739639-PREDIMED,PREDIMED (Estruch 2018 reanalysis),HR,96.0,2543.0,109.0,2450.0,0.69,0.53,0.91,0.0378,0.0445,OK,
MEDITERRANEAN_DIET_CV_REVIEW.html,NCT00924937,CORDIOPREV (Delgado-Lista 2022),HR,87.0,502.0,122.0,500.0,0.74,0.57,0.96,0.1733,0.2440,OK,
MEDITERRANEAN_DIET_CV_REVIEW.html,LEGACY-ISRCTN-89898870-PREDIMEDPLUS,PREDIMED-Plus (Salas-Salvado 2024),HR,295.0,3438.0,354.0,3436.0,0.83,0.71,0.97,0.0858,0.1030,OK,
MENTAL_HEALTH_FRIENDSHIP_BENCH_REVIEW.html,LEGACY-PACTR-FRIENDSHIP-BENCH,Friendship Bench Zimbabwe,RR,39.0,286.0,143.0,287.0,0.21,0.15,0.29,0.1364,0.4983,OK,
MHEALTH_ART_ADHERENCE_REVIEW.html,NCT00830622,WelTel Kenya 1,RR,168.0,273.0,132.0,263.0,1.23,1.06,1.43,0.6154,0.5019,OK,
MIGRAINE_ACUTE_REVIEW.html,NCT03461757,ACHIEVE I,RR,122.0,422.0,64.0,432.0,1.95,1.48,2.57,0.2891,0.1481,OK,
MIGRAINE_ACUTE_REVIEW.html,NCT03235479,ACHIEVE II,RR,91.0,464.0,60.0,456.0,1.49,1.1,2.02,0.1961,0.1316,OK,
MIGRAINE_ACUTE_REVIEW.html,NCT02867709,SAMURAI,RR,174.0,583.0,86.0,575.0,2.0,1.58,2.53,0.2985,0.1496,OK,
MIGRAINE_ACUTE_REVIEW.html,NCT03872453,Rimegepant Study 303,RR,92.0,543.0,49.0,541.0,1.87,1.34,2.61,0.1694,0.0906,OK,
MIRIKIZUMAB_UC_REVIEW.html,NCT03518086,LUCENT-1,OR,210.0,868.0,39.0,294.0,2.08,1.44,3.02,0.2419,0.1327,OK,
MIRIKIZUMAB_UC_REVIEW.html,NCT03524092,LUCENT-2,OR,182.0,365.0,45.0,179.0,2.97,2.01,4.38,0.4986,0.2514,OK,
MIRVETUXIMAB_OVARIAN_REVIEW.html,NCT04209855,MIRASOL,HR,0.0,227.0,0.0,226.0,0.65,0.52,0.81,0.0000,0.0000,OK,
MITRAL_FUNCMR_REVIEW.html,NCT01626079,COAPT,HR,151.0,302.0,212.0,312.0,0.57,0.45,0.71,0.5000,0.6795,OK,
MITRAL_FUNCMR_REVIEW.html,NCT01920698,MITRA-FR,HR,83.0,152.0,78.0,155.0,1.13,0.86,1.47,0.5461,0.5032,OK,
MITRAL_FUNCMR_REVIEW.html,NCT02444338,RESHAPE-HF2,HR,139.0,255.0,170.0,250.0,0.64,0.48,0.85,0.5451,0.6800,OK,
MM_1L_REVIEW.html,NCT02252172,MAIA,RR,99.0,368.0,152.0,369.0,0.56,0.43,0.73,0.2690,0.4119,OK,
MM_1L_REVIEW.html,NCT02195479,ALCYONE,RR,88.0,350.0,156.0,356.0,0.5,0.38,0.65,0.2514,0.4382,OK,
MM_1L_REVIEW.html,NCT02541383,CASSIOPEIA,RR,60.0,543.0,122.0,542.0,0.47,0.33,0.67,0.1105,0.2251,OK,
MM_1L_REVIEW.html,NCT03319667,IMROZ,RR,64.0,265.0,102.0,265.0,0.6,0.44,0.81,0.2415,0.3849,OK,
NEOADJUVANT_IO_NSCLC_REVIEW.html,NCT02998528,CheckMate-816,HR,109.0,179.0,124.0,179.0,0.63,0.43,0.91,0.6089,0.6927,OK,
NEOADJUVANT_IO_NSCLC_REVIEW.html,NCT03425643,KEYNOTE-671,HR,169.0,397.0,235.0,400.0,0.58,0.46,0.72,0.4257,0.5875,OK,
NEOADJUVANT_IO_NSCLC_REVIEW.html,NCT03800134,AEGEAN,HR,162.0,401.0,213.0,401.0,0.68,0.53,0.88,0.4040,0.5312,OK,
NIRSEVIMAB_INFANT_RSV_REVIEW.html,NCT02878330,Nirsevimab Phase 2b,RR,25.0,969.0,46.0,484.0,0.3,0.19,0.48,0.0258,0.0950,OK,
NIRSEVIMAB_INFANT_RSV_REVIEW.html,NCT03979313,MELODY,RR,12.0,994.0,25.0,496.0,0.25,0.12,0.51,0.0121,0.0504,OK,
NIRSEVIMAB_INFANT_RSV_REVIEW.html,NCT05437510,HARMONIE,RR,11.0,4037.0,60.0,4021.0,0.17,0.09,0.31,0.0027,0.0149,OK,
OBESITY_DRUGS_REVIEW.html,NCT03548935,STEP 1,OR,1047.0,1306.0,138.0,655.0,18.4,14.4,23.4,0.8017,0.2107,OK,
OSIMERTINIB_EGFR_NSCLC_REVIEW.html,NCT02151981,AURA3,OR,140.0,279.0,110.0,140.0,0.3,0.23,0.41,0.5018,0.7857,OK,
OSIMERTINIB_EGFR_NSCLC_REVIEW.html,NCT02296125,FLAURA,HR,136.0,279.0,206.0,277.0,0.46,0.37,0.57,0.4875,0.7437,OK,
OSIMERTINIB_EGFR_NSCLC_REVIEW.html,NCT02511106,ADAURA,HR,26.0,339.0,130.0,343.0,0.2,0.14,0.3,0.0767,0.3790,OK,
OSIMERTINIB_EGFR_NSCLC_REVIEW.html,NCT04035486,FLAURA2,HR,153.0,279.0,199.0,278.0,0.62,0.49,0.79,0.5484,0.7158,OK,
PAH_THERAPY_REVIEW.html,NCT04576988,STELLAR,RR,9.0,163.0,42.0,160.0,0.16,0.08,0.35,0.0552,0.2625,OK,
PAH_THERAPY_REVIEW.html,NCT01106014,GRIPHON,RR,155.0,574.0,242.0,582.0,0.6,0.46,0.78,0.2700,0.4158,OK,
PAH_THERAPY_REVIEW.html,NCT00810693,PATENT-1,RR,23.0,254.0,21.0,126.0,0.55,0.3,0.99,0.0906,0.1667,OK,
PARP_ARPI_MCRPC_REVIEW.html,NCT03732820,PROpel,HR,150.0,399.0,226.0,397.0,0.66,0.54,0.81,0.3759,0.5693,OK,
PARP_ARPI_MCRPC_REVIEW.html,NCT03748641,MAGNITUDE,HR,101.0,212.0,137.0,211.0,0.73,0.56,0.96,0.4764,0.6493,OK,
PARP_ARPI_MCRPC_REVIEW.html,NCT03395197,TALAPRO-2,HR,146.0,402.0,230.0,403.0,0.63,0.51,0.78,0.3632,0.5707,OK,
PARP_OVARIAN_REVIEW.html,NCT01844986,SOLO-1,HR,102.0,260.0,96.0,131.0,0.3,0.23,0.41,0.3923,0.7328,OK,
PARP_OVARIAN_REVIEW.html,NCT02477644,PAOLA-1,HR,244.0,537.0,181.0,269.0,0.59,0.49,0.72,0.4544,0.6729,OK,
PARP_OVARIAN_REVIEW.html,NCT02655016,PRIMA,HR,350.0,487.0,241.0,246.0,0.62,0.5,0.76,0.7187,0.9797,OK,
PBC_PPAR_REVIEW.html,NCT04526665,ELATIVE,RR,55.0,108.0,2.0,53.0,13.4,3.4,53.0,0.5093,0.0377,OK,
PBC_PPAR_REVIEW.html,NCT04620733,RESPONSE,RR,81.0,130.0,13.0,63.0,3.0,1.81,4.98,0.6231,0.2063,OK,
PCSK9_LIPID_NMA_REVIEW.html,NCT00202878,IMPROVE-IT,HR,2572.0,9067.0,2742.0,9077.0,0.936,0.89,0.99,0.2837,0.3021,OK,
PCSK9_LIPID_NMA_REVIEW.html,NCT01764633,FOURIER,HR,1344.0,13784.0,1563.0,13780.0,0.85,0.79,0.92,0.0975,0.1134,OK,
PCSK9_LIPID_NMA_REVIEW.html,NCT01663402,ODYSSEY-OUTCOMES,HR,903.0,9462.0,1052.0,9462.0,0.85,0.78,0.93,0.0954,0.1112,OK,
PCSK9_LIPID_NMA_REVIEW.html,NCT02993406,CLEAR-OUTCOMES,HR,819.0,6992.0,927.0,6978.0,0.87,0.79,0.96,0.1171,0.1328,OK,
PEDIATRIC_HIV_ART_REVIEW.html,NCT02259127,"ODYSSEY (DTG vs SOC, paeds)",HR,47.0,354.0,75.0,353.0,0.61,0.42,0.87,0.1328,0.2125,OK,
PEDIATRIC_HIV_ART_REVIEW.html,LEGACY-ISRCTN-69078957-CHAPAS-3,CHAPAS-3 (NRTI backbone in paeds),RR,12.0,159.0,22.0,158.0,0.54,0.28,1.06,0.0755,0.1392,OK,
PEDIATRIC_HIV_ART_REVIEW.html,LEGACY-ISRCTN-24791884-ARROW,ARROW (clinical vs lab monitoring),HR,64.0,397.0,60.0,401.0,1.13,0.8,1.61,0.1612,0.1496,OK,
PHYSICAL_REHAB_OLDER_REVIEW.html,NCT02196038,REHAB-HF (Kitzman 2021),MD,12.0,175.0,8.0,174.0,1.5,0.9,2.0,0.0686,0.0460,OK,
PHYSICAL_REHAB_OLDER_REVIEW.html,NCT01072500,LIFE (Pahor 2014),HR,246.0,818.0,290.0,817.0,0.82,0.69,0.98,0.3007,0.3550,OK,
PHYSICAL_REHAB_OLDER_REVIEW.html,NCT00871715,ICARE (Winstein 2016),MD,14.5,119.0,13.6,119.0,1.0,-2.4,4.4,0.1218,0.1143,OK,
PI3K_AKT_BC_REVIEW.html,NCT02437318,SOLAR-1,HR,103.0,169.0,129.0,172.0,0.65,0.5,0.85,0.6095,0.7500,OK,
PI3K_AKT_BC_REVIEW.html,NCT04305496,CAPItello-291,HR,195.0,355.0,245.0,353.0,0.6,0.51,0.71,0.5493,0.6941,OK,
PI3K_AKT_BC_REVIEW.html,NCT04191499,INAVO120,HR,76.0,161.0,124.0,164.0,0.43,0.32,0.59,0.4720,0.7561,OK,
PNEUMONIA_AMOXICILLIN_DURATION_REVIEW.html,LEGACY-ISRCTN-76888927-CAP-IT,CAP-IT (Bielicki 2021),RR,51.0,410.0,50.0,404.0,1.02,0.69,1.49,0.1244,0.1238,OK,
POLYCYTHEMIA_VERA_REVIEW.html,NCT01243944,RESPONSE (Vannucchi 2015),RR,23.0,110.0,1.0,112.0,28.6,4.5,1206.0,0.2091,0.0089,OK,
POLYCYTHEMIA_VERA_REVIEW.html,NCT02038036,RESPONSE-2 (Passamonti 2017),RR,27.0,74.0,4.0,75.0,6.84,2.46,19.0,0.3649,0.0533,OK,
POLYCYTHEMIA_VERA_REVIEW.html,NCT01949805,PROUD-PV (Gisslinger 2020),RR,25.0,122.0,22.0,127.0,1.18,0.71,1.95,0.2049,0.1732,OK,
POSTPARTUM_HEMORRHAGE_REVIEW.html,NCT04341662,E-MOTIVE (PPH bundle),RR,802.0,49565.0,2156.0,50094.0,0.4,0.32,0.5,0.0162,0.0430,OK,
POSTPARTUM_HEMORRHAGE_REVIEW.html,LEGACY-ISRCTN-76912190-WOMAN,WOMAN trial (TXA for PPH),RR,155.0,10036.0,191.0,9985.0,0.81,0.65,1.0,0.0154,0.0191,OK,
POSTPARTUM_HEMORRHAGE_REVIEW.html,LEGACY-ISRCTN-95444399-CHAMPION,CHAMPION (heat-stable carbetocin),RR,2107.0,14536.0,2092.0,14529.0,1.01,0.95,1.06,0.1450,0.1440,OK,
PPH_BUNDLE_REVIEW.html,NCT00872469,WOMAN,RR,155.0,10036.0,191.0,9985.0,0.81,0.65,1.0,0.0154,0.0191,OK,
PPH_BUNDLE_REVIEW.html,NCT03475342,WOMAN-2,RR,469.0,4178.0,471.0,4225.0,1.01,0.87,1.15,0.1123,0.1115,OK,
PPH_BUNDLE_REVIEW.html,NCT04341662,E-MOTIVE,RR,850.0,53183.0,2245.0,52240.0,0.4,0.32,0.5,0.0160,0.0430,OK,
PREGNANCY_HIV_VESTED_REVIEW.html,NCT03048422,IMPAACT 2010 / VESTED,RR,395.0,426.0,184.0,217.0,1.03,0.99,1.07,0.9272,0.8479,OK,
PREGNANCY_IRON_FCM_REVIEW.html,LEGACY-ANZCTR-12618001268235-FCM,Pasricha 2023 Malawi (FCM vs oral i,RR,179.0,341.0,189.0,333.0,0.92,0.81,1.06,0.5249,0.5676,OK,
PRIMAQUINE_GAMETOCYTE_DR_REVIEW.html,NCT01365598,Eziefula 2014 Uganda,RR,12.0,115.0,78.0,117.0,0.157,0.09,0.273,0.1043,0.6667,OK,
PRIMAQUINE_GAMETOCYTE_DR_REVIEW.html,NCT02174900,SAFEPRIM Burkina Faso,MD,-10.0,25.0,-16.0,25.0,-6.0,-11.0,-1.0,-0.4000,-0.6400,OK,
PSA_BIOLOGICS_REVIEW.html,NCT01695239,SPIRIT-P1,RR,64.0,107.0,31.0,106.0,2.04,1.45,2.87,0.5981,0.2925,OK,
PSA_BIOLOGICS_REVIEW.html,NCT03158285,DISCOVER-2,RR,156.0,245.0,81.0,246.0,1.93,1.58,2.36,0.6367,0.3293,OK,
PSA_BIOLOGICS_REVIEW.html,NCT03895203,BE OPTIMAL,RR,189.0,431.0,28.0,281.0,4.4,3.05,6.34,0.4385,0.0996,OK,
PSA_BIOLOGICS_REVIEW.html,NCT03104400,SELECT-PsA 1,RR,305.0,425.0,154.0,423.0,1.97,1.71,2.27,0.7176,0.3641,OK,
RCC_1L_REVIEW.html,NCT03141177,CheckMate 9ER,OR,144.0,323.0,191.0,328.0,0.51,0.41,0.64,0.4458,0.5823,OK,
RCC_1L_REVIEW.html,NCT02853331,KEYNOTE-426,RR,195.0,432.0,250.0,429.0,0.69,0.57,0.84,0.4514,0.5828,OK,
RCC_1L_REVIEW.html,NCT02811861,CLEAR,OR,160.0,355.0,226.0,357.0,0.39,0.32,0.49,0.4507,0.6331,OK,
RCC_1L_REVIEW.html,NCT02231749,CheckMate 214,RR,173.0,425.0,196.0,422.0,0.63,0.44,0.89,0.4071,0.4645,OK,
RESMETIROM_MASH_REVIEW.html,NCT03900429,MAESTRO-NASH,RR,84.0,322.0,31.0,322.0,2.71,1.85,3.96,0.2609,0.0963,OK,
RISANKIZUMAB_CD_REVIEW.html,NCT03105128,ADVANCE,OR,152.0,336.0,60.0,175.0,2.49,1.7,3.63,0.4524,0.3429,OK,
RISANKIZUMAB_CD_REVIEW.html,NCT03104413,MOTIVATE,OR,103.0,206.0,38.0,206.0,3.15,2.01,4.95,0.5000,0.1845,OK,
RISANKIZUMAB_CD_REVIEW.html,NCT03105102,FORTIFY,OR,71.0,141.0,55.0,164.0,1.79,1.14,2.8,0.5035,0.3354,OK,
ROMOSOZUMAB_OP_REVIEW.html,NCT01575834,FRAME,RR,16.0,3589.0,59.0,3591.0,0.27,0.16,0.47,0.0045,0.0164,OK,
ROMOSOZUMAB_OP_REVIEW.html,NCT01631214,ARCH,RR,127.0,2046.0,243.0,2047.0,0.52,0.4,0.66,0.0621,0.1187,OK,
ROMOSOZUMAB_OP_REVIEW.html,NCT02186171,BRIDGE,RR,1.0,163.0,8.0,82.0,0.056,0.007,0.44,0.0061,0.0976,OK,
ROTAVIRUS_VACCINE_AFRICA_REVIEW.html,NCT00241644,Rotarix Africa (Madhi 2010),RR,21.0,1042.0,37.0,1047.0,0.388,0.268,0.56,0.0202,0.0353,OK,
ROTAVIRUS_VACCINE_AFRICA_REVIEW.html,NCT00362648,RotaTeq Africa (Armah 2010),RR,79.0,2733.0,129.0,2735.0,0.607,0.453,0.809,0.0289,0.0472,OK,
ROTAVIRUS_VACCINE_AFRICA_REVIEW.html,NCT02145000,Rotasiil ROSE Niger (Isanaka 2017),RR,31.0,2207.0,87.0,2206.0,0.353,0.221,0.501,0.0140,0.0394,OK,
RSV_VACCINE_OLDER_REVIEW.html,NCT05035212,RENOIR,RR,11.0,17215.0,33.0,17069.0,0.33,0.17,0.65,0.0006,0.0019,OK,
RSV_VACCINE_OLDER_REVIEW.html,NCT04886596,AReSVi-006,RR,7.0,12466.0,40.0,12494.0,0.17,0.08,0.38,0.0006,0.0032,OK,
RSV_VACCINE_OLDER_REVIEW.html,NCT05127434,ConquerRSV,RR,9.0,17572.0,55.0,17516.0,0.16,0.08,0.33,0.0005,0.0031,OK,
RUSFERTIDE_PV_REVIEW.html,NCT05210790,VERIFY,RR,152.0,156.0,65.0,137.0,2.05,1.71,2.46,0.9744,0.4745,OK,
SAM_SIMPLIFIED_PROTOCOL_REVIEW.html,NCT04698070,OptiMA Niger (ComPAS vs Standard),RR,277.0,576.0,283.0,577.0,0.96,0.86,1.07,0.4809,0.4905,OK,
SCD_DISEASE_MOD_REVIEW.html,NCT01179217,L-glutamine (Endari),RR,365.0,152.0,354.0,78.0,0.75,0.59,0.95,2.4013,4.5385,OK,
SCHISTOSOMIASIS_ARPRAZIQUANTEL_REVIEW.html,NCT03845140,L-PZQ ODT (arpraziquantel) phase 3,RR,73.0,96.0,38.0,49.0,0.98,0.85,1.14,0.7604,0.7755,OK,
SEMAGLUTIDE_OBESITY_REVIEW.html,NCT03552757,STEP-2,MD,0.0,404.0,0.0,403.0,-6.2,-7.3,-5.2,0.0000,0.0000,OK,
SEPSIS_RESUSCITATION_REVIEW.html,NCT01945983,CENSER (Permpikul 2019),RR,16.0,156.0,22.0,154.0,0.72,0.39,1.32,0.1026,0.1429,OK,
SEPSIS_RESUSCITATION_REVIEW.html,NCT03434028,CLOVERS (Shapiro 2023),HR,109.0,781.0,116.0,782.0,0.93,0.72,1.2,0.1396,0.1483,OK,
SEPSIS_RESUSCITATION_REVIEW.html,NCT03668236,CLASSIC (Meyhoff 2022),RR,323.0,770.0,329.0,784.0,0.99,0.89,1.1,0.4195,0.4196,OK,
SEVERE_ASTHMA_NMA_REVIEW.html,NCT01691521,MENSA,HR,66.0,194.0,172.0,191.0,0.53,0.4,0.69,0.3402,0.9005,OK,
SEVERE_ASTHMA_NMA_REVIEW.html,NCT01287039,Castro-2015-Resliz,HR,77.0,464.0,192.0,477.0,0.5,0.37,0.67,0.1659,0.4025,OK,
SEVERE_ASTHMA_NMA_REVIEW.html,NCT01928771,SIROCCO,HR,0.0,398.0,0.0,407.0,0.49,0.37,0.64,0.0000,0.0000,OK,
SEVERE_ASTHMA_NMA_REVIEW.html,NCT02414854,QUEST,HR,0.0,631.0,0.0,317.0,0.54,0.44,0.65,0.0000,0.0000,OK,
SEVERE_ASTHMA_NMA_REVIEW.html,NCT03347279,NAVIGATOR,HR,0.0,528.0,0.0,531.0,0.44,0.37,0.53,0.0000,0.0000,OK,
SEVERE_PEDIATRIC_FEBRILE_AFRICA_REVIEW.html,LEGACY-ISRCTN-50258054-AQUAMAT,AQUAMAT (IV artesunate vs IV quinin,RR,230.0,2712.0,297.0,2713.0,0.78,0.66,0.91,0.0848,0.1095,OK,
SEVERE_PEDIATRIC_FEBRILE_AFRICA_REVIEW.html,LEGACY-ISRCTN-69856593-FEAST,FEAST (fluid bolus severe sepsis),RR,226.0,2097.0,76.0,1044.0,1.45,1.13,1.86,0.1078,0.0728,OK,
SEVERE_PEDIATRIC_FEBRILE_AFRICA_REVIEW.html,LEGACY-ISRCTN-84086586-TRACT,TRACT (transfusion threshold anaemi,HR,142.0,1605.0,142.0,1591.0,0.99,0.79,1.25,0.0885,0.0893,OK,
SGLT2_HF_REVIEW.html,NCT03036124,DAPA-HF,HR,386.0,2373.0,502.0,2371.0,0.74,0.65,0.85,0.1627,0.2117,OK,
SGLT2_HF_REVIEW.html,NCT03057977,EMPEROR-Reduced,HR,361.0,1863.0,462.0,1867.0,0.75,0.65,0.86,0.1938,0.2475,OK,
SGLT2_HF_REVIEW.html,NCT03057951,EMPEROR-Preserved,HR,415.0,2997.0,511.0,2991.0,0.79,0.69,0.9,0.1385,0.1708,OK,
SGLT2_HF_REVIEW.html,NCT03619213,DELIVER,HR,512.0,3131.0,610.0,3132.0,0.82,0.73,0.92,0.1635,0.1948,OK,
SGLT2_HF_REVIEW.html,NCT03521934,SOLOIST-WHF,RR,245.0,608.0,355.0,614.0,0.67,0.52,0.85,0.4030,0.5782,OK,
SGLT2_MACE_CVOT_REVIEW.html,NCT01131676,EMPA-REG OUTCOME,HR,490.0,4687.0,282.0,2333.0,0.86,0.74,0.99,0.1045,0.1209,OK,
SGLT2_MACE_CVOT_REVIEW.html,NCT01032629,CANVAS,HR,561.0,5795.0,493.0,4347.0,0.86,0.75,0.97,0.0968,0.1134,OK,
SGLT2_MACE_CVOT_REVIEW.html,NCT01730534,DECLARE-TIMI 58,HR,756.0,8582.0,803.0,8578.0,0.93,0.84,1.03,0.0881,0.0936,OK,
SGLT2_MACE_CVOT_REVIEW.html,NCT01986881,VERTIS-CV,HR,653.0,5493.0,327.0,2747.0,0.97,0.85,1.11,0.1189,0.1190,OK,
SGLT2I_HF_NMA_REVIEW.html,NCT03036124,DAPA-HF,HR,386.0,2373.0,502.0,2371.0,0.74,0.65,0.85,0.1627,0.2117,OK,
SGLT2I_HF_NMA_REVIEW.html,NCT03057977,EMPEROR-Reduced,HR,361.0,1863.0,462.0,1867.0,0.75,0.65,0.86,0.1938,0.2475,OK,
SGLT2I_HF_NMA_REVIEW.html,NCT03057951,EMPEROR-Preserved,HR,415.0,2997.0,511.0,2991.0,0.79,0.69,0.9,0.1385,0.1708,OK,
SGLT2I_HF_NMA_REVIEW.html,NCT03619213,DELIVER,HR,512.0,3131.0,610.0,3132.0,0.82,0.73,0.92,0.1635,0.1948,OK,
SGLT2I_HF_NMA_REVIEW.html,NCT03521934,SOLOIST-WHF,HR,245.0,608.0,355.0,614.0,0.67,0.52,0.85,0.4030,0.5782,OK,
SGLT2I_HF_NMA_REVIEW.html,NCT03315143,SCORED,HR,400.0,5292.0,539.0,5292.0,0.74,0.63,0.88,0.0756,0.1019,OK,
SOTAGLIFLOZIN_HF_REVIEW.html,NCT03521934,SOLOIST-WHF,HR,245.0,608.0,355.0,614.0,0.67,0.52,0.85,0.4030,0.5782,OK,
SOTAGLIFLOZIN_HF_REVIEW.html,NCT03315143,SCORED,HR,400.0,5292.0,540.0,5292.0,0.74,0.63,0.88,0.0756,0.1020,OK,
SOTATERCEPT_PAH_REVIEW.html,NCT04576988,STELLAR,RR,9.0,163.0,42.0,160.0,0.16,0.08,0.35,0.0552,0.2625,OK,
SPARSENTAN_IGAN_REVIEW.html,NCT03762850,PROTECT,RATIO,0.0,202.0,0.0,200.0,0.55,0.46,0.65,0.0000,0.0000,OK,
SPONDYLOARTHRITIS_REVIEW.html,NCT02696785,MEASURE 4,RR,49.0,116.0,23.0,117.0,2.15,1.41,3.27,0.4224,0.1966,OK,
SPONDYLOARTHRITIS_REVIEW.html,NCT03928704,BE MOBILE 1,RR,122.0,254.0,50.0,132.0,1.27,0.99,1.62,0.4803,0.3788,OK,
SPONDYLOARTHRITIS_REVIEW.html,NCT03928743,BE MOBILE 2,RR,175.0,332.0,48.0,110.0,1.21,0.97,1.51,0.5271,0.4364,OK,
SPONDYLOARTHRITIS_REVIEW.html,NCT04169373,SELECT-AXIS 2,RR,111.0,211.0,36.0,209.0,3.06,2.2,4.26,0.5261,0.1722,OK,
TAVR_LOWRISK_REVIEW.html,NCT02675114,PARTNER 3,HR,42.0,496.0,68.0,454.0,0.54,0.37,0.79,0.0847,0.1498,OK,
TAVR_LOWRISK_REVIEW.html,NCT02701283,Evolut Low Risk,HR,38.0,725.0,49.0,678.0,0.72,0.47,1.1,0.0524,0.0723,OK,
TAVR_LOWRISK_REVIEW.html,NCT01057173,NOTION,HR,19.0,145.0,22.0,135.0,0.79,0.44,1.41,0.1310,0.1630,OK,
TB_DRUG_SUSCEPTIBLE_4MO_REVIEW.html,NCT02410772,Study 31 / A5349 (4-month rifapenti,RR,49.0,791.0,39.0,768.0,1.22,0.81,1.84,0.0619,0.0508,OK,
TB_PREVENTION_REVIEW.html,NCT01404312,BRIEF-TB / A5279,HR,32.0,1488.0,33.0,1498.0,0.97,0.59,1.61,0.0215,0.0220,OK,
TDXD_HER2LOW_BC_REVIEW.html,NCT03734029,DESTINY-Breast04,HR,172.0,373.0,130.0,184.0,0.5,0.4,0.63,0.4611,0.7065,OK,
TDXD_HER2LOW_BC_REVIEW.html,NCT04494425,DESTINY-Breast06,HR,224.0,436.0,236.0,430.0,0.62,0.51,0.74,0.5138,0.5488,OK,
TEPLIZUMAB_T1D_REVIEW.html,NCT01030861,TN-10,HR,19.0,44.0,23.0,32.0,0.41,0.22,0.78,0.4318,0.7188,OK,
TIRZEPATIDE_T2D_REVIEW.html,NCT03987919,SURPASS-2,MD,0.0,470.0,0.0,469.0,-0.45,-0.57,-0.33,0.0000,0.0000,OK,
TIRZEPATIDE_T2D_REVIEW.html,NCT03730662,SURPASS-4,MD,0.0,997.0,0.0,1000.0,-0.99,-1.13,-0.86,0.0000,0.0000,OK,
TNK_VS_TPA_STROKE_REVIEW.html,NCT01949948,NOR-TEST,RR,358.0,549.0,330.0,542.0,1.08,0.96,1.2,0.6521,0.6089,OK,
TNK_VS_TPA_STROKE_REVIEW.html,NCT03889249,AcT,RR,296.0,802.0,266.0,765.0,1.06,0.95,1.19,0.3691,0.3477,OK,
TNK_VS_TPA_STROKE_REVIEW.html,NCT04797013,TRACE-2,RR,439.0,708.0,415.0,700.0,1.05,0.96,1.13,0.6201,0.5929,OK,
TNK_VS_TPA_STROKE_REVIEW.html,NCT02388061,EXTEND-IA TNK,RR,22.0,101.0,10.0,101.0,2.2,1.1,4.4,0.2178,0.0990,OK,
TNK_VS_TPA_STROKE_REVIEW.html,NCT03854500,NOR-TEST 2 Part A,RR,66.0,102.0,78.0,101.0,0.84,0.66,1.07,0.6471,0.7723,OK,
TNK_VS_TPA_STROKE_REVIEW.html,NCT02814409,ATTEST-2,RR,320.0,727.0,305.0,739.0,1.07,0.96,1.2,0.4402,0.4127,OK,
TOFACITINIB_UC_REVIEW.html,NCT01465763,OCTAVE Induction 1,RR,88.0,476.0,10.0,122.0,2.26,1.21,4.2,0.1849,0.0820,OK,
TOFACITINIB_UC_REVIEW.html,NCT01458951,OCTAVE Induction 2,RR,71.0,429.0,4.0,112.0,4.63,1.74,12.31,0.1655,0.0357,OK,
TOFACITINIB_UC_REVIEW.html,NCT01458574,OCTAVE Sustain,RR,80.0,197.0,22.0,198.0,3.66,2.39,5.61,0.4061,0.1111,OK,
TYVAC_TYPHOID_REVIEW.html,NCT03299426,TyVAC Malawi,HR,12.0,14069.0,62.0,14061.0,0.193,0.105,0.358,0.0009,0.0044,OK,
UC_BIOLOGICS_NMA_REVIEW.html,NCT00036439,ACT-1,HR,46.0,121.0,18.0,121.0,3.7,2.05,6.68,0.3802,0.1488,OK,
UC_BIOLOGICS_NMA_REVIEW.html,NCT00408629,ULTRA-2,HR,41.0,248.0,23.0,246.0,1.92,1.1,3.35,0.1653,0.0935,OK,
UC_BIOLOGICS_NMA_REVIEW.html,NCT00488774,PURSUIT-SC,HR,59.0,331.0,20.0,331.0,3.16,1.63,6.12,0.1782,0.0604,OK,
UC_BIOLOGICS_NMA_REVIEW.html,NCT00783718,GEMINI-1,HR,41.0,225.0,12.0,149.0,3.56,1.41,9.0,0.1822,0.0805,OK,
UC_BIOLOGICS_NMA_REVIEW.html,NCT02407236,UNIFI-induction,HR,49.0,322.0,17.0,319.0,3.29,1.37,7.9,0.1522,0.0533,OK,
UC_BIOLOGICS_NMA_REVIEW.html,NCT01465763,OCTAVE-1,HR,88.0,476.0,10.0,122.0,2.55,1.26,5.17,0.1849,0.0820,OK,
UC_BIOLOGICS_NMA_REVIEW.html,NCT02819635,U-ACHIEVE,HR,83.0,319.0,7.0,154.0,7.07,3.07,16.27,0.2602,0.0455,OK,
UC_BIOLOGICS_NMA_REVIEW.html,NCT02435992,TRUE-NORTH,HR,80.0,429.0,13.0,216.0,3.53,1.6,7.8,0.1865,0.0602,OK,
UC_BIOLOGICS_NMA_REVIEW.html,NCT03518086,LUCENT-1,HR,210.0,868.0,57.0,294.0,2.07,1.34,3.18,0.2419,0.1939,OK,
UPADACITINIB_CD_REVIEW.html,NCT03345849,U-EXCEL,OR,130.0,263.0,77.0,263.0,2.29,1.57,3.34,0.4943,0.2928,OK,
UPADACITINIB_CD_REVIEW.html,NCT03345836,U-EXCEED,OR,96.0,247.0,52.0,248.0,2.44,1.65,3.62,0.3887,0.2097,OK,
UPADACITINIB_CD_REVIEW.html,NCT03345823,U-ENDURE,OR,94.0,252.0,34.0,250.0,3.77,2.4,5.91,0.3730,0.1360,OK,
VENETOCLAX_AML_REVIEW.html,NCT02993523,VIALE-A,HR,161.0,286.0,109.0,145.0,0.66,0.52,0.85,0.5629,0.7517,OK,
VENETOCLAX_AML_REVIEW.html,NCT03069352,VIALE-C,HR,78.0,143.0,45.0,68.0,0.7,0.5,0.98,0.5455,0.6618,OK,
VENETOCLAX_CLL_REVIEW.html,NCT02242942,CLL14,HR,50.0,216.0,93.0,216.0,0.35,0.23,0.53,0.2315,0.4306,OK,
VENETOCLAX_CLL_REVIEW.html,NCT02005471,MURANO,HR,32.0,194.0,114.0,195.0,0.17,0.11,0.25,0.1649,0.5846,OK,
VENETOCLAX_CLL_REVIEW.html,NCT02950051,CLL13/GAIA,HR,53.0,229.0,79.0,229.0,0.42,0.3,0.59,0.2314,0.3450,OK,
VITAMIN_D_FRACTURE_FALL_REVIEW.html,NCT01169259,VITAL (Manson 2019),HR,805.0,12927.0,754.0,12944.0,1.04,0.94,1.16,0.0623,0.0583,OK,
VITAMIN_D_FRACTURE_FALL_REVIEW.html,LEGACY-ACTRN12613000743763-DHEALTH,D-Health (Neale 2022),HR,1100.0,10662.0,1188.0,10653.0,0.93,0.86,1.01,0.1032,0.1115,OK,
VITAMIN_D_FRACTURE_FALL_REVIEW.html,LEGACY-ACTRN12611000402943-VIDA,ViDA (Khaw 2017),RR,1199.0,2558.0,1206.0,2552.0,0.99,0.93,1.06,0.4687,0.4726,OK,
VITILIGO_REVIEW.html,NCT04052425,TRuE-V1 (Rosmarin 2022),RR,50.0,222.0,5.0,109.0,4.04,1.66,9.83,0.2252,0.0459,OK,
VITILIGO_REVIEW.html,NCT04057573,TRuE-V2 (Rosmarin 2022),RR,67.0,224.0,12.0,110.0,2.83,1.61,4.99,0.2991,0.1091,OK,
VITILIGO_REVIEW.html,NCT04927975,UpA-Vitiligo Phase 2/3 (Passeron 20,RR,28.0,70.0,5.0,55.0,4.4,1.83,10.59,0.4000,0.0909,OK,
VOCLOSPORIN_LN_REVIEW.html,NCT03021499,AURORA 1,RR,73.0,179.0,40.0,178.0,2.36,1.46,3.81,0.4078,0.2247,OK,
VORASIDENIB_GLIOMA_REVIEW.html,NCT04164901,INDIGO,RR,28.0,168.0,67.0,163.0,0.39,0.27,0.56,0.1667,0.4110,OK,
VUTRISIRAN_ATTR_REVIEW.html,NCT04153149,HELIOS-B,RR,84.0,326.0,113.0,329.0,0.72,0.56,0.93,0.2577,0.3435,OK,
ZOLBETUXIMAB_GASTRIC_REVIEW.html,NCT03504397,SPOTLIGHT,HR,0.0,283.0,0.0,282.0,0.75,0.6,0.94,0.0000,0.0000,OK,
ZOLBETUXIMAB_GASTRIC_REVIEW.html,NCT03653507,GLOW,HR,0.0,254.0,0.0,253.0,0.69,0.54,0.87,0.0000,0.0000,OK,
