dashboard,trial_name,nct,pmid,phase,year,tE,tN,cE,cN,flags,group,snippet
ABLATION_AF_REVIEW.html,CASTLE-AF,NCT00643188,29385358,III,2018,51,179,82,184,,AF+HF,
ABLATION_AF_REVIEW.html,CABANA,NCT00911508,30874766,III,2019,89,1108,101,1096,BIG_TRIAL,General AF,
ABLATION_AF_REVIEW.html,EAST-AFNET 4,NCT01288352,32865375,III,2020,249,1395,316,1394,BIG_TRIAL,Early rhythm control,
ABLATION_AF_REVIEW.html,RAFT-AF,NCT01420393,35313733,III,2022,44,214,55,197,,AF+HF,
ACALABRUTINIB_CLL_REVIEW.html,ELEVATE-TN,NCT02475681,32305093,III,2020,22,179,101,177,,"Treatment-naive CLL aged >=65 or unfit, acalabrutinib monotherapy vs chlorambucil+obinutuzumab (median f/u 58 mo, IRC-assessed PFS HR)",
ACALABRUTINIB_CLL_REVIEW.html,ASCEND,NCT02970318,30782187,III,2020,27,155,95,155,EQUAL_ARMS,"Relapsed/refractory CLL, acalabrutinib vs investigators choice (idelalisib+rituximab or bendamustine+rituximab), IRC-assessed PFS HR (46-mo update)",
ACORAMIDIS_ATTR_CM_REVIEW.html,ATTRibute-CM,NCT03860935,38842402,III,2024,76,421,62,211,,"ATTR-CM (wild-type or hereditary), acoramidis 800 mg PO BID vs placebo (30-mo ACM secondary HR; primary was hierarchical win-ratio)",
ACS_ANTIPLATELET_NMA_REVIEW.html,PLATO,NCT00391872,19717846,III,2009,864,9333,1014,9291,BIG_TRIAL,"ACS (NSTE-ACS or STEMI), ticagrelor 90 mg BID vs clopidogrel 75 mg daily on aspirin (12-mo CV death/MI/stroke; HR)",
ACS_ANTIPLATELET_NMA_REVIEW.html,TRITON-TIMI 38,NCT00097591,17982182,III,2007,643,6813,781,6795,BIG_TRIAL,"ACS undergoing PCI, prasugrel 10 mg vs clopidogrel 75 mg on aspirin (15-mo CV death/MI/stroke; HR)",
ACS_ANTIPLATELET_NMA_REVIEW.html,ISAR-REACT 5,NCT01852201,31475799,III,2019,184,2012,137,2006,BIG_TRIAL,"ACS planned for invasive evaluation, ticagrelor 90 mg BID vs prasugrel 10 mg on aspirin (12-mo composite; HR)",
ACS_ANTIPLATELET_NMA_REVIEW.html,TWILIGHT,NCT01776424,31556978,III,2019,135,3555,137,3564,BIG_TRIAL,"High-risk PCI patients, ticagrelor monotherapy vs ticagrelor+aspirin after 3 mo DAPT (15-mo death/MI/stroke; HR)",
ADC_HER2_ADJUVANT_NMA_REVIEW.html,KATHERINE,NCT01772472,30516102,III,2019,91,743,165,743,EQUAL_ARMS;BIG_TRIAL,Trastuzumab Emtansine (T-DM1) 3.6 mg/kg IV q3w x14 | ADC (HER2+ EBC with residual invasive disease post-neoadjuvant; vs Trastuzumab 6 mg/kg q3w x14),
ADC_HER2_LOW_NMA_REVIEW.html,DESTINY-Breast04,NCT03734029,35665782,III,2022,184,373,127,184,,"Trastuzumab Deruxtecan (T-DXd) 5.4 mg/kg IV q3w | ADC (HER2-low MBC IHC 1+ or IHC 2+/ISH-, previously treated; vs Treatment of Physician’s Choice chemo)",
ADC_HER2_LOW_NMA_REVIEW.html,DESTINY-Breast06,NCT04494425,39282896,III,2024,235,436,274,430,,"Trastuzumab Deruxtecan (T-DXd) 5.4 mg/kg IV q3w | ADC (HR+ HER2-low or HER2-ultralow MBC, chemo-naive in MBC; vs Treatment of Physician’s Choice chemo)",
ADC_HER2_NMA_REVIEW.html,DESTINY-Breast03,NCT03529110,36495879,III,2022,131,261,215,263,,Trastuzumab Deruxtecan (T-DXd) 5.4 mg/kg IV q3w | ADC (HER2+ MBC 2L; vs T-DM1 head-to-head),
ADC_HER2_NMA_REVIEW.html,EMILIA,NCT00829166,23020162,III,2012,265,495,304,496,,Trastuzumab Emtansine (T-DM1) 3.6 mg/kg IV q3w | ADC (HER2+ MBC 2L; vs Lapatinib 1250 mg PO QD + Capecitabine 1000 mg/m2 BID),
ADC_HER2_NMA_REVIEW.html,TH3RESA,NCT01419197,24793816,III,2014,219,404,149,198,,T-DM1 3.6 mg/kg IV q3w | ADC (HER2+ MBC 3L+ after trastuzumab + lapatinib; vs Treatment of Physician’s Choice),
ADC_HER2_NMA_REVIEW.html,DESTINY-Breast02,NCT03523585,37086745,III,2023,0,406,0,202,,Trastuzumab Deruxtecan (T-DXd) 5.4 mg/kg IV q3w vs Treatment of Physician’s Choice (trastuzumab+capecitabine or lapatinib+capecitabine; HER2+ MBC 3L+ post-T-DM1; DESTINY-Breast02),
ADJUVANT_IO_MELANOMA_REVIEW.html,KEYNOTE-054,NCT02362594,29658430,III,2018,135,514,216,505,BIG_TRIAL,"Adjuvant pembrolizumab vs placebo, completely-resected stage III melanoma; primary endpoint RFS",
ADJUVANT_IO_MELANOMA_REVIEW.html,CheckMate-238,NCT02388906,28891423,III,2017,154,453,206,453,EQUAL_ARMS,"Adjuvant nivolumab vs ipilimumab 10 mg/kg, completely-resected stage IIIB-C / IV melanoma; primary endpoint RFS",
ADJUVANT_IO_MELANOMA_REVIEW.html,COMBI-AD,NCT01682083,28891408,III,2017,166,438,248,432,,"Adjuvant dabrafenib + trametinib vs placebo, completely-resected stage III BRAF V600E/K-mutant melanoma; primary endpoint RFS",
AFICAMTEN_HCM_REVIEW.html,SEQUOIA-HCM,NCT05186818,38754167,III,2024,95,139,32,143,,"Symptomatic obstructive HCM, aficamten 5-20 mg PO daily vs placebo (wk 24, composite functional response RR)",
ALK_NSCLC_NMA_REVIEW.html,ALEX,NCT02075840,28586279,III,2017,62,152,102,151,,Alectinib 600 mg BID vs crizotinib 250 mg BID; 1L ALK+ advanced NSCLC; primary investigator-assessed PFS,
ALK_NSCLC_NMA_REVIEW.html,ALTA-1L,NCT02737501,30280657,III,2018,56,137,87,138,,Brigatinib 180 mg QD (with 7-day 90 mg lead-in) vs crizotinib; 1L ALK+ advanced NSCLC; primary BIRC-PFS,
ALK_NSCLC_NMA_REVIEW.html,CROWN,NCT03052608,33207094,III,2020,35,149,88,147,,Lorlatinib 100 mg QD vs crizotinib; 1L ALK+ advanced NSCLC; primary BIRC-PFS,
ALK_NSCLC_NMA_REVIEW.html,eXalt3,NCT02767804,34516551,III,2021,60,143,89,147,,Ensartinib 225 mg QD vs crizotinib; 1L ALK+ advanced NSCLC; primary BIRC-PFS,
ALOPECIA_JAKI_NMA_REVIEW.html,BRAVE-AA1,NCT03570749,35334197,III,2022,102,281,9,189,,"Severe alopecia areata, baricitinib 4 mg PO daily vs placebo (SALT<=20 at wk 36; RR)",
ALOPECIA_JAKI_NMA_REVIEW.html,BRAVE-AA2,NCT03899259,35334197,III,2022,80,234,5,156,,"Severe alopecia areata, baricitinib 4 mg PO daily vs placebo (SALT<=20 at wk 36; RR)",
ALOPECIA_JAKI_NMA_REVIEW.html,ALLEGRO-2b/3,NCT03732807,37148884,III,2023,35,130,1,131,,"Severe alopecia areata, ritlecitinib 50 mg PO daily vs placebo (SALT<=20 at wk 24; RR)",
ALOPECIA_JAKI_NMA_REVIEW.html,THRIVE-AA1,NCT04518995,37423283,III,2023,92,235,1,117,,"Severe alopecia areata, deuruxolitinib 8 mg PO BID vs placebo (SALT<=20 at wk 24; RR)",
ALOPECIA_JAKI_NMA_REVIEW.html,THRIVE-AA2,NCT04797650,37423283,III,2023,75,175,1,86,,"Severe alopecia areata, deuruxolitinib 8 mg PO BID vs placebo (SALT<=20 at wk 24; RR)",
ANIFROLUMAB_SLE_REVIEW.html,TULIP-1,NCT02446912,38229377,III,2019,122,180,92,184,,"Moderate-severe SLE on standard therapy, anifrolumab 300 mg IV Q4W vs placebo (wk 52, BICLA)",
ANIFROLUMAB_SLE_REVIEW.html,TULIP-2,NCT02446899,31851795,III,2020,86,180,57,182,,"Moderate-severe SLE on standard therapy, anifrolumab 300 mg IV Q4W vs placebo (wk 52, BICLA primary)",
ANTI_CD20_MS_NMA_REVIEW.html,OPERA I,NCT01247324,28002679,III,2017,95,410,167,411,,"Relapsing MS, ocrelizumab 600 mg IV Q6M vs IFN beta-1a SC (annualized relapse rate at 96 wk; rate ratio)",
ANTI_CD20_MS_NMA_REVIEW.html,OPERA II,NCT01412333,28002679,III,2017,87,417,153,418,,"Relapsing MS, ocrelizumab 600 mg IV Q6M vs IFN beta-1a SC (ARR at 96 wk; rate ratio)",
ANTI_CD20_MS_NMA_REVIEW.html,ASCLEPIOS I,NCT02792218,32757523,III,2020,99,465,169,462,,"Relapsing MS, ofatumumab 20 mg SC monthly vs teriflunomide 14 mg PO daily (ARR at 30 mo; rate ratio)",
ANTI_CD20_MS_NMA_REVIEW.html,ASCLEPIOS II,NCT02792231,32757523,III,2020,95,481,165,474,,"Relapsing MS, ofatumumab 20 mg SC monthly vs teriflunomide 14 mg PO daily (ARR at 30 mo; rate ratio)",
ANTI_CD20_MS_NMA_REVIEW.html,ULTIMATE I,NCT03277261,36044451,III,2022,35,274,90,275,,"Relapsing MS, ublituximab 450 mg IV Q6M vs teriflunomide 14 mg PO daily (ARR at 96 wk; rate ratio)",
ANTI_CD20_MS_NMA_REVIEW.html,ULTIMATE II,NCT03277248,36044451,III,2022,36,272,91,272,EQUAL_ARMS,"Relapsing MS, ublituximab 450 mg IV Q6M vs teriflunomide 14 mg PO daily (ARR at 96 wk; rate ratio)",
ANTIAMYLOID_AD_NMA_REVIEW.html,Clarity AD,NCT03887455,36449413,III,2023,0,859,0,875,BIG_TRIAL,Lecanemab 10 mg/kg IV Q2W | Anti-Abeta mAb (vs placebo),
ANTIAMYLOID_AD_NMA_REVIEW.html,TRAILBLAZER-ALZ 2,NCT04437511,37459141,III,2023,0,860,0,876,BIG_TRIAL,Donanemab 700/1400 mg IV Q4W | Anti-Abeta mAb (vs placebo),
ANTIAMYLOID_AD_NMA_REVIEW.html,EMERGE,NCT02477800,34807243,III,2022,0,547,0,545,BIG_TRIAL,Aducanumab 10 mg/kg IV Q4W | Anti-Abeta mAb (vs placebo; EMERGE positive pivotal),
ANTIAMYLOID_AD_NMA_REVIEW.html,ENGAGE,NCT02484547,34807243,III,2022,0,555,0,548,BIG_TRIAL,Aducanumab 10 mg/kg IV Q4W | Anti-Abeta mAb (vs placebo; ENGAGE NEGATIVE pivotal — directionally opposite to EMERGE),
ANTIAMYLOID_AD_NMA_REVIEW.html,GRADUATE I,NCT03443973,37966285,III,2023,0,985,0,976,BIG_TRIAL,"Gantenerumab vs Placebo (GRADUATE I; NEGATIVE pivotal, wk 116 CDR-SB MD)",
ANTIAMYLOID_AD_NMA_REVIEW.html,GRADUATE II,NCT03444870,37966285,III,2023,0,980,0,978,BIG_TRIAL,"Gantenerumab vs Placebo (GRADUATE II pair; NEGATIVE pivotal, wk 116)",
ANTIAMYLOID_AD_NMA_REVIEW.html,EXPEDITION 3,NCT01900665,29365294,III,2018,0,1057,0,1072,BIG_TRIAL,Solanezumab 400mg IV Q4W vs Placebo (EXPEDITION 3 mild AD; 80wk CDR-SB MD; NEGATIVE primary),
ANTIAMYLOID_AD_REVIEW.html,ENGAGE,NCT02484547,34807243,III,2022,0,555,0,548,BIG_TRIAL,Aducanumab 10 mg/kg Q4W IV | Anti-amyloid mAb (EMERGE pair; NEGATIVE pivotal — attenuates pooled aducanumab efficacy),
ANTIPSYCHOTICS_SCHIZO_NMA_REVIEW.html,Olanzapine-Pivotal,NCT01414205,,III,1996,0,335,0,105,,Olanzapine 10-20 mg PO daily | Atypical (acute schizophrenia; vs Placebo; Beasley 1996),
ANTIPSYCHOTICS_SCHIZO_NMA_REVIEW.html,Risperidone-Pivotal,NCT01414492,,III,1993,0,80,0,80,EQUAL_ARMS,Risperidone 6 mg PO daily | Atypical (acute schizophrenia; vs Placebo; Chouinard 1993),
ANTIPSYCHOTICS_SCHIZO_NMA_REVIEW.html,Quetiapine-Pivotal,NCT01414089,,III,1997,0,361,0,96,,Quetiapine 300-750 mg PO daily | Atypical (acute schizophrenia; vs Placebo; Arvanitis 1997),
ANTIPSYCHOTICS_SCHIZO_NMA_REVIEW.html,Aripiprazole-Pivotal,NCT01414725,,III,2002,0,211,0,106,,Aripiprazole 15-30 mg PO daily | Atypical (acute schizophrenia; vs Placebo; Kane 2002),
ANTIPSYCHOTICS_SCHIZO_NMA_REVIEW.html,Ziprasidone-Pivotal,NCT01414568,,III,1999,0,139,0,91,,Ziprasidone 80-160 mg PO daily | Atypical (acute schizophrenia; vs Placebo; Keck 1998),
ANTIPSYCHOTICS_SCHIZO_NMA_REVIEW.html,Paliperidone-Pivotal,NCT01414611,,III,2007,0,444,0,124,,Paliperidone ER 3-15 mg PO daily | Atypical (acute schizophrenia; vs Placebo; Kramer 2007),
ANTIPSYCHOTICS_SCHIZO_NMA_REVIEW.html,Lurasidone-Pivotal,NCT01414350,,III,2011,0,354,0,120,,Lurasidone 40-120 mg PO daily | Atypical (acute schizophrenia; vs Placebo; Meltzer 2011),
ANTIPSYCHOTICS_SCHIZO_NMA_REVIEW.html,Haloperidol-Pivotal,NCT01414479,,III,1997,0,270,0,136,,Haloperidol 10-20 mg PO daily | Typical/Conventional (acute schizophrenia; vs Placebo; Marder 1997),
ANTIVEGF_NAMD_NMA_REVIEW.html,VIEW-1,NCT00509795,21051951,III,2012,0,304,0,304,EQUAL_ARMS,"Aflibercept 2 mg Q8W | Anti-VEGF (vs Ranibizumab 0.5 mg monthly, North America)",
ANTIVEGF_NAMD_NMA_REVIEW.html,VIEW-2,NCT00637377,21051951,III,2012,0,306,0,291,,"Aflibercept 2 mg Q8W | Anti-VEGF (vs Ranibizumab 0.5 mg monthly, ROW)",
ANTIVEGF_NAMD_NMA_REVIEW.html,TENAYA,NCT03823287,35085502,III,2022,0,334,0,337,,Faricimab 6 mg Q8/Q12/Q16W | Anti-VEGF+Ang2 (vs Aflibercept 2 mg Q8W),
ANTIVEGF_NAMD_NMA_REVIEW.html,LUCERNE,NCT03823300,35085502,III,2022,0,331,0,327,,Faricimab 6 mg Q8/Q12/Q16W | Anti-VEGF+Ang2 (vs Aflibercept 2 mg Q8W),
ANTIVEGF_NAMD_NMA_REVIEW.html,PULSAR,NCT04964089,36472472,III,2024,0,335,0,336,,Aflibercept 8 mg Q12W/Q16W | High-dose Anti-VEGF (vs Aflibercept 2 mg Q8W),
ANTIVEGF_NAMD_NMA_REVIEW.html,HAWK,NCT02307682,30986442,III,2020,0,360,0,360,EQUAL_ARMS,Brolucizumab 6 mg Q12W | Anti-VEGF (vs Aflibercept 2 mg Q8W),
ANTIVEGF_NAMD_NMA_REVIEW.html,HARRIER,NCT02434328,30986442,III,2020,0,370,0,369,,"Brolucizumab 6 mg Q12W | Anti-VEGF (vs Aflibercept 2 mg Q8W, pair to HAWK)",
ANTIVEGF_NAMD_NMA_REVIEW.html,CATT,NCT00593450,21526923,III,2011,0,284,0,286,,"Bevacizumab vs Ranibizumab monthly (CATT, 1-yr BCVA MD)",
ANTIVEGF_NAMD_NMA_REVIEW.html,IVAN,NCT00784290,22470194,III,2013,0,296,0,314,,"Bevacizumab vs Ranibizumab (IVAN UK pair to CATT, 2-yr BCVA MD)",
ANTIVEGF_NAMD_NMA_REVIEW.html,MARINA,NCT00056836,17021318,III,2006,0,240,0,238,,Ranibizumab 0.5mg monthly vs Sham (MARINA minimally-classic/occult; 12-mo BCVA MD),
ANTIVEGF_NAMD_NMA_REVIEW.html,ANCHOR,NCT00061594,17021319,III,2006,0,140,0,143,,Ranibizumab 0.5mg monthly vs Verteporfin PDT (ANCHOR predominantly-classic; 12-mo BCVA MD),
ARNI_HF_REVIEW.html,PARADIGM-HF,NCT01035255,25176015,III,2014,914,4187,1117,4212,BIG_TRIAL,HFrEF,
ARNI_HF_REVIEW.html,PARAGON-HF,NCT01920711,31475794,III,2019,526,2407,557,2389,BIG_TRIAL,HFpEF,
ARNI_HF_REVIEW.html,PARADISE-MI,NCT02924727,34758252,III,2021,338,2830,373,2831,BIG_TRIAL,Post-MI,
ARPI_mHSPC_REVIEW.html,ARCHES,NCT02677896,31329516,III,2019,154,574,202,576,BIG_TRIAL,"mHSPC, enzalutamide + ADT vs placebo + ADT",
ARPI_mHSPC_REVIEW.html,ENZAMET,NCT02446405,31157964,III,2019,102,562,143,563,BIG_TRIAL,"mHSPC, enzalutamide vs standard nonsteroidal AR antagonist",
ARPI_mHSPC_REVIEW.html,TITAN,NCT02489318,31150574,III,2019,170,525,235,527,BIG_TRIAL,"mHSPC, apalutamide + ADT vs placebo + ADT",
ARPI_mHSPC_REVIEW.html,ARASENS,NCT02799602,35179323,III,2022,229,651,304,654,BIG_TRIAL,"mHSPC, darolutamide + docetaxel + ADT vs placebo + docetaxel + ADT (triplet)",
ARPI_mHSPC_REVIEW.html,LATITUDE,NCT01715285,30987939,III,2017,275,597,365,602,BIG_TRIAL,"High-risk mHSPC, abiraterone + prednisone + ADT vs placebo + ADT (overall survival HR)",
ARPI_NMCRPC_REVIEW.html,SPARTAN,NCT01946204,29420164,III,2018,184,806,194,401,BIG_TRIAL,"Apalutamide 240 mg PO QD vs placebo, on top of continued ADT in nmCRPC; primary endpoint MFS",
ARPI_NMCRPC_REVIEW.html,PROSPER,NCT02003924,29949494,III,2018,219,933,228,468,BIG_TRIAL,"Enzalutamide 160 mg PO QD vs placebo, on top of continued ADT in nmCRPC; primary endpoint MFS",
ARPI_NMCRPC_REVIEW.html,ARAMIS,NCT02200614,30806750,III,2019,221,955,216,554,BIG_TRIAL,"Darolutamide 600 mg PO BID vs placebo, on top of continued ADT in nmCRPC; primary endpoint MFS",
ATOPIC_DERM_NMA_REVIEW.html,SOLO-1-Dupi,NCT02277743,27690741,III,2016,115,224,34,224,EQUAL_ARMS,Dupilumab 300 mg SC Q2W | IL-4Rα mAb (moderate-severe atopic dermatitis; vs Placebo; SOLO-1 EASI-75 wk 16),
ATOPIC_DERM_NMA_REVIEW.html,ECZTRA-1,NCT03131648,33000465,III,2021,62,249,32,251,,Tralokinumab 300 mg SC Q2W | IL-13 mAb (moderate-severe AD; vs Placebo; ECZTRA-1 EASI-75 wk 16),
ATOPIC_DERM_NMA_REVIEW.html,ADvocate1,NCT04146363,36920778,III,2023,165,283,24,141,,Lebrikizumab 250 mg SC Q2W | IL-13 mAb (moderate-severe AD; vs Placebo; ADvocate1 EASI-75 wk 16),
ATOPIC_DERM_NMA_REVIEW.html,ARCADIA-1,NCT03985943,36928371,III,2024,168,412,32,202,,Nemolizumab 30 mg SC Q4W | IL-31R mAb (moderate-severe AD + itch; vs Placebo; ARCADIA-1 EASI-75 wk 16),
ATOPIC_DERM_NMA_REVIEW.html,JADE-MONO-1,NCT03349060,32711801,III,2020,96,154,9,77,,Abrocitinib 200 mg PO daily | JAK1i (moderate-severe AD; vs Placebo; JADE MONO-1 EASI-75 wk 12),
ATOPIC_DERM_NMA_REVIEW.html,MeasureUp-1,NCT03569293,35262646,III,2021,196,281,23,141,,Upadacitinib 30 mg PO daily | Selective JAK1i (moderate-severe AD; vs Placebo; MeasureUp-1 EASI-75 wk 16),
ATOPIC_DERM_NMA_REVIEW.html,BREEZE-AD1,NCT03334396,34437922,III,2020,59,249,22,249,EQUAL_ARMS,Baricitinib 4 mg PO daily | JAK1/2i (moderate-severe AD; vs Placebo; BREEZE-AD1 EASI-75 wk 16),
ATTR_CM_NMA_REVIEW.html,ATTR-ACT,NCT01994889,30145929,III,2018,78,264,76,177,,Tafamidis 80 mg or 20 mg PO QD vs placebo in ATTR-CM (wild-type or hereditary); 30-month follow-up; primary hierarchical death + CV hospitalization,
ATTR_CM_NMA_REVIEW.html,HELIOS-B,NCT04153149,39213395,III,2024,83,326,119,329,,Vutrisiran 25 mg SC every 3 months vs placebo in ATTR-CM (incl. ~30% on tafamidis at baseline); 36-month primary composite (death + recurrent CV events),
ATTR_CM_NMA_REVIEW.html,ATTRibute-CM,NCT03860935,38197859,III,2024,81,421,47,211,,Acoramidis 800 mg PO BID vs placebo in ATTR-CM; 30-month hierarchical primary (death + CV hosp + NT-proBNP + 6MWD); win ratio 1.8,
ATTR_CM_REVIEW.html,ATTR-ACT,NCT01994889,30145929,III,2018,78,264,76,177,,ATTR-CM (mixed),
ATTR_CM_REVIEW.html,ATTRibute-CM,NCT03860935,38197816,III,2024,79,409,52,202,,ATTR-CM (mixed),
ATTR_CM_REVIEW.html,HELIOS-B,NCT05534659,,III,2024,53,326,79,329,,ATTR-CM (mixed),
ATTR_CM_REVIEW.html,APOLLO-B,NCT03997383,37888916,III,2022,10,181,10,179,,ATTR-CM (mixed),
AZITHROMYCIN_CHILD_MORTALITY_REVIEW.html,MORDOR-I,NCT02047981,29694816,III,2018,3000,95000,3500,95000,ROUND_HUNDRED_TN;ROUND_HUNDRED_CN;EQUAL_ARMS;BIG_TRIAL,"CLUSTER-RCT (1533 communities) in Niger / Malawi / Tanzania, biannual single-dose azithromycin vs placebo in children 1-59 months; 2-year follow-up; primary all-cause under-5 mortality. publishedHR=0.86 is the trial-published incidence rate ratio cluster-randomization-corrected (Keenan 2018 NEJM); e",
AZITHROMYCIN_CHILD_MORTALITY_REVIEW.html,MORDOR-II,NCT02048007,32334706,III,2020,1100,50000,1265,50000,ROUND_HUNDRED_TN;ROUND_HUNDRED_CN;EQUAL_ARMS;BIG_TRIAL,"CLUSTER-RCT continuation in Niger only, MORDOR-I placebo communities crossed over to azithromycin; 2-year extension; primary all-cause under-5 mortality. publishedHR=0.87 is cluster-corrected per Keenan 2020 Lancet GH; engine pools via HR path. tE/cE = aggregate deaths, NOT patient-level binary even",
AZITHROMYCIN_CHILD_MORTALITY_REVIEW.html,AVENIR,NCT04483725,38913641,III,2024,580,45000,672,45000,ROUND_HUNDRED_TN;ROUND_HUNDRED_CN;EQUAL_ARMS;BIG_TRIAL,"CLUSTER-RCT in Niger; biannual azithromycin restricted to infants 1-11 months vs control; 2-year follow-up; primary all-cause infant mortality (1-11 mo subgroup, where MDA effect strongest). publishedHR=0.86 is cluster-corrected per O\'Brien 2024 NEJM; engine pools via HR path. tE/cE = aggregate dea",
BELIMUMAB_SLE_REVIEW.html,BLISS-52,NCT00424476,21296403,III,2011,118,205,93,213,,"Seropositive SLE + SOC, belimumab 10 mg/kg IV Q4W vs placebo (wk 52, SRI-4 RR)",
BELIMUMAB_SLE_REVIEW.html,BLISS-76,NCT00410384,22127708,III,2011,85,197,66,195,,"Seropositive SLE + SOC, belimumab 10 mg/kg IV Q4W vs placebo (wk 52, SRI-4 RR)",
BELIMUMAB_SLE_REVIEW.html,BLISS-SC,NCT01484496,28118533,III,2017,341,556,136,280,,"Seropositive SLE + SOC, belimumab 200 mg SC weekly vs placebo (wk 52, SRI-4 RR)",
BELIMUMAB_SLE_REVIEW.html,BLISS-LN,NCT01639339,32937045,III,2020,96,223,72,223,EQUAL_ARMS,"Active lupus nephritis + SOC (MMF or CYC), belimumab 10 mg/kg IV vs placebo (wk 104, PERR RR)",
BEMPEDOIC_ACID_REVIEW.html,CLEAR Outcomes,,,III,2023,819,6992,927,6978,BIG_TRIAL,Statin-Intolerant,
BEMPEDOIC_ACID_REVIEW.html,CLEAR Harmony,,30865796,III,2019,108,1488,40,742,BIG_TRIAL,High CV Risk,
BEMPEDOIC_ACID_REVIEW.html,CLEAR Wisdom,,,III,2019,54,522,18,257,,High CV Risk,
BEMPEDOIC_ACID_REVIEW.html,CLEAR Serenity,,32609313,III,2019,5,234,2,111,,Statin-Intolerant,
BIMEKIZUMAB_PSORIASIS_REVIEW.html,BE-VIVID,NCT03370133,33549193,III,2021,273,321,4,83,,"Moderate-severe plaque psoriasis, bimekizumab 320 mg Q4W vs placebo arm of 3-arm RCT (3:2:1 bimi:ustek:placebo); ustekinumab arm reported separately",
BIMEKIZUMAB_PSORIASIS_REVIEW.html,BE-READY,NCT03410992,33549192,III,2021,273,349,1,86,,"Moderate-severe plaque psoriasis, bimekizumab 320 mg Q4W vs placebo (4:1 randomization)",
BIMEKIZUMAB_PSORIASIS_REVIEW.html,BE-SURE,NCT03412747,34260840,III,2021,275,319,75,159,,"Moderate-severe plaque psoriasis, bimekizumab 320 mg (Q4W and Q4W->Q8W combined) vs adalimumab 80/40 mg (active-controlled head-to-head)",
BPAL_MDRTB_REVIEW.html,TB-PRACTECAL,NCT02589782,36546626,III,2022,123,138,60,113,MITT_MENTIONED,"Rifampicin-resistant TB, BPaLM 24-week vs locally-accepted standard of care (Belarus / South Africa / Uzbekistan; N=552 modified-ITT)",
BPAL_MDRTB_REVIEW.html,STREAM-2,NCT02409290,36368333,III,2022,172,207,143,202,,"Rifampicin-resistant TB, Stage 2B all-oral 9-month bedaquiline + linezolid + levofloxacin + clofazimine + pyrazinamide vs Stage 2A 9-month standard with injectable (Ethiopia / South Africa / India / Mongolia / Vietnam / Georgia)",
BPAL_MDRTB_REVIEW.html,endTB-MDR,NCT02754765,39413375,III,2024,136,155,120,151,,"Rifampicin-resistant TB, BLMz arm (bedaquiline + linezolid + moxifloxacin + pyrazinamide, 9-month) vs locally-accepted control (multi-country: Georgia, India, Kazakhstan, Kyrgyzstan, Lesotho, Pakistan, Peru, South Africa, Vietnam)",
BTKI_CLL_NMA_REVIEW.html,ELEVATE-TN,NCT02475681,32305093,III,2020,22,179,101,177,,Acalabrutinib monotherapy | BTKi (vs Chlorambucil+Obinutuzumab),
BTKI_CLL_NMA_REVIEW.html,ELEVATE-RR,NCT02477696,32305093,III,2021,143,268,143,265,,"Acalabrutinib | BTKi (vs Ibrutinib head-to-head, R/R)",
BTKI_CLL_NMA_REVIEW.html,ALPINE,NCT03734016,36511784,III,2023,87,327,118,325,,"Zanubrutinib | BTKi (vs Ibrutinib head-to-head, R/R)",
BTKI_CLL_NMA_REVIEW.html,RESONATE-2,NCT01722487,24881631,III,2015,25,136,104,133,,"Ibrutinib | BTKi (vs Chlorambucil-alone, TN elderly)",
BTKI_CLL_NMA_REVIEW.html,SEQUOIA,NCT03336333,35810754,III,2022,82,241,166,238,,"Zanubrutinib | BTKi (vs Bendamustine+Rituximab, TN non-del17p)",
BTKI_CLL_NMA_REVIEW.html,RESONATE,NCT01578707,23782158,III,2014,33,195,124,196,,Ibrutinib vs Ofatumumab (R/R CLL; PFS HR 6-year update),
BTKI_CLL_NMA_REVIEW.html,ASCEND,NCT02970318,30782187,III,2020,55,155,95,155,EQUAL_ARMS,Acalabrutinib vs Investigator Choice (idela+R or BR; R/R CLL; PFS HR 46-mo),
CAB_PREP_HIV_REVIEW.html,HPTN 083,NCT02720094,34379922,III,2021,13,2282,39,2284,BIG_TRIAL,"MSM and transgender women, cabotegravir 600 mg IM Q8W vs TDF/FTC 200/300 mg PO daily (median 2.6 y)",
CAB_PREP_HIV_REVIEW.html,HPTN 084,NCT03164564,35378077,III,2022,4,1614,36,1610,BIG_TRIAL,"Cisgender women aged 18-45 in sub-Saharan Africa, cabotegravir LA vs TDF/FTC (median 1.24 y)",
CABOTEGRAVIR_HIV_ART_REVIEW.html,ATLAS,NCT02951052,32130806,III,2020,5,308,3,308,EQUAL_ARMS,"Switch from oral ART to LA cabotegravir + rilpivirine Q4W vs continued oral ART; HIV-1 RNA >=50 c/mL at week 48 (snapshot, treatment failure)",
CABOTEGRAVIR_HIV_ART_REVIEW.html,FLAIR,NCT02938520,32130807,III,2020,6,283,7,283,EQUAL_ARMS,Switch to LA cabotegravir + rilpivirine Q4W after 20-week DTG/ABC/3TC induction vs continued oral DTG/ABC/3TC; HIV-1 RNA >=50 c/mL at week 48,
CABOTEGRAVIR_HIV_ART_REVIEW.html,ATLAS-2M,NCT03299049,33523915,III,2021,9,522,5,523,BIG_TRIAL,LA cabotegravir + rilpivirine every 8 weeks vs every 4 weeks; HIV-1 RNA >=50 c/mL at week 48 (Q8W vs Q4W non-inferiority),
CANGRELOR_PCI_REVIEW.html,CHAMPION-PCI,NCT00305162,19915221,III,2009,335,4459,317,4466,BIG_TRIAL,"Elective/ACS PCI, cangrelor vs clopidogrel 600 mg",
CANGRELOR_PCI_REVIEW.html,CHAMPION-PLATFORM,NCT00385138,19915222,III,2009,185,2654,210,2641,BIG_TRIAL,"Elective/ACS PCI, cangrelor vs placebo then clopidogrel 600",
CANGRELOR_PCI_REVIEW.html,CHAMPION-PHOENIX,NCT01156571,23473369,III,2013,257,5472,322,5470,BIG_TRIAL,"Elective/ACS PCI, cangrelor vs clopidogrel 300/600 mg",
CAPIVASERTIB_BC_REVIEW.html,CAPItello-291,NCT04305496,37256974,III,2023,0,355,0,353,,"HR+/HER2- advanced BC post-AI +/- capivasertib, capivasertib + fulvestrant vs placebo + fulvestrant (PFS primary in overall + AKT-altered cohorts)",
CARDIORENAL_DKD_NMA_REVIEW.html,FIDELIO-DKD,NCT02540993,33264825,III,2020,504,2833,600,2841,BIG_TRIAL,Finerenone 10-20 mg PO daily | nsMRA (T2D + albuminuric CKD; vs Placebo; FIDELIO composite kidney endpoint),
CARDIORENAL_DKD_NMA_REVIEW.html,FIGARO-DKD,NCT02545049,34775784,III,2021,458,3686,519,3666,BIG_TRIAL,Finerenone 10-20 mg PO daily | nsMRA (T2D + CKD with less severe albuminuria; vs Placebo; FIGARO CV composite; kidney composite secondary),
CARDIORENAL_DKD_NMA_REVIEW.html,CREDENCE,NCT02065791,30990260,III,2019,245,2202,340,2199,BIG_TRIAL,Canagliflozin 100 mg PO daily | SGLT2i (T2D + albuminuric CKD; vs Placebo; CREDENCE composite primary),
CARDIORENAL_DKD_NMA_REVIEW.html,DAPA-CKD,NCT03036150,32970396,III,2020,197,2152,312,2152,EQUAL_ARMS;BIG_TRIAL,Dapagliflozin 10 mg PO daily | SGLT2i (CKD +/- T2D; vs Placebo; DAPA-CKD composite primary; stopped early for efficacy),
CARDIORENAL_DKD_NMA_REVIEW.html,EMPA-KIDNEY,NCT03594110,36331190,III,2022,432,3304,558,3305,BIG_TRIAL,Empagliflozin 10 mg PO daily | SGLT2i (CKD broader eGFR/albuminuria spectrum; vs Placebo; EMPA-KIDNEY composite primary),
CARDIORENAL_DKD_NMA_REVIEW.html,FLOW,NCT03819153,39222642,III,2024,331,1767,410,1766,BIG_TRIAL,Semaglutide 1 mg SC weekly | GLP-1 RA (T2D + CKD; vs Placebo; FLOW composite primary; stopped early for efficacy),
CART_DLBCL_REVIEW.html,ZUMA-7,NCT03391466,34891224,III,2022,108,180,144,179,,"2L R/R LBCL refractory/relapsed <=12 mo, axicabtagene ciloleucel vs SoC (R-chemo + BEAM + ASCT)",
CART_DLBCL_REVIEW.html,TRANSFORM,NCT03575351,35717989,III,2022,35,92,63,92,EQUAL_ARMS,"2L R/R LBCL refractory/relapsed <=12 mo, lisocabtagene maraleucel vs SoC",
CART_DLBCL_REVIEW.html,BELINDA,NCT03570892,34904798,III,2022,94,162,95,160,,"2L R/R LBCL refractory/relapsed <=12 mo, tisagenlecleucel vs SoC (this trial was negative)",
CART_MM_REVIEW.html,CARTITUDE-4,NCT04181827,37272512,III,2023,45,208,106,211,,"RRMM after 1-3 prior lines, cilta-cel (single infusion) vs SoC (PVd or DPd)",
CART_MM_REVIEW.html,KarMMa-3,NCT03651128,36762851,III,2023,120,254,93,132,,"RRMM after 2-4 prior lines (triple-class exposed), ide-cel vs SoC (DPd, DVd, IRd, Kd, EPd)",
CBD_SEIZURE_REVIEW.html,GWPCARE1,NCT02091375,28538134,III,2017,26,61,16,59,,"Dravet syndrome, cannabidiol 20 mg/kg/d vs placebo (wk 14, >=50% convulsive-seizure reduction RR)",
CBD_SEIZURE_REVIEW.html,GWPCARE2,NCT02224690,29395273,III,2020,31,67,17,65,,"Dravet syndrome, cannabidiol 20 mg/kg/d vs placebo (wk 14, >=50% responder RR; 20 mg/kg arm)",
CBD_SEIZURE_REVIEW.html,GWPCARE3,NCT02224560,29768152,III,2018,30,76,11,73,,"Lennox-Gastaut syndrome, cannabidiol 20 mg/kg/d vs placebo (wk 14, >=50% drop-seizure reduction RR)",
CBD_SEIZURE_REVIEW.html,GWPCARE4,NCT02224703,32119035,III,2018,38,86,20,85,,"Lennox-Gastaut syndrome, cannabidiol 20 mg/kg/d vs placebo (wk 14, >=50% drop-seizure reduction RR)",
CD_BIOLOGICS_NMA_REVIEW.html,ACCENT-1,NCT00055497,,III,2002,72,385,22,188,,"Infliximab 5 mg/kg IV (0, 2, 6 wk) | TNFi (moderate-severe CD; vs Placebo; ACCENT-1 wk 2 response + wk 30 remission among responders)",
CD_BIOLOGICS_NMA_REVIEW.html,CLASSIC-1,NCT00077779,19201775,III,2006,66,74,14,74,EQUAL_ARMS,Adalimumab 160/80 mg SC induction | TNFi (moderate-severe CD; vs Placebo; CLASSIC-1 wk 4 remission),
CD_BIOLOGICS_NMA_REVIEW.html,PRECiSE-1,NCT00152490,17634458,III,2007,81,331,56,331,EQUAL_ARMS,"Certolizumab 400 mg SC (wk 0, 2, 4) | TNFi (moderate-severe CD; vs Placebo; PRECiSE-1 wk 6 response)",
CD_BIOLOGICS_NMA_REVIEW.html,GEMINI-2,NCT01224171,24859203,III,2013,32,220,10,148,,"Vedolizumab 300 mg IV induction (wk 0, 2) | Integrin (moderate-severe CD; vs Placebo; GEMINI-2 wk 6 remission)",
CD_BIOLOGICS_NMA_REVIEW.html,UNITI-1,NCT01369329,27959607,III,2016,67,249,37,247,,"Ustekinumab 6 mg/kg IV induction | IL-12/23 (moderate-severe CD, TNFi-failures; vs Placebo; UNITI-1 wk 8 response)",
CD_BIOLOGICS_NMA_REVIEW.html,ADVANCE,NCT03105128,35644154,III,2022,110,372,41,175,,"Risankizumab 600 mg IV induction (wk 0, 4, 8) | IL-23p19 (moderate-severe CD; vs Placebo; ADVANCE wk 12 remission)",
CD_BIOLOGICS_NMA_REVIEW.html,U-EXCEL,NCT03345849,37224198,III,2023,129,306,34,177,,Upadacitinib 45 mg PO daily x12 wk induction | Selective JAK1i (moderate-severe CD; vs Placebo; U-EXCEL wk 12 remission),
CDK46_MBC_REVIEW.html,PALOMA-2,NCT01740427,27959613,III,2016,194,444,137,222,,"Postmenopausal HR+/HER2- mBC, 1st-line, palbociclib + letrozole",
CDK46_MBC_REVIEW.html,MONALEESA-2,NCT01958021,27717303,III,2016,93,334,150,334,EQUAL_ARMS,"Postmenopausal HR+/HER2- mBC, 1st-line, ribociclib + letrozole",
CDK46_MBC_REVIEW.html,MONARCH-3,NCT02246621,28533223,III,2017,151,328,114,165,,"Postmenopausal HR+/HER2- mBC, 1st-line, abemaciclib + AI",
CFTR_MODULATORS_NMA_REVIEW.html,TRAFFIC,NCT01807923,25981758,III,2015,0,369,0,184,,Lumacaftor 400 mg + Ivacaftor 250 mg PO BID | CFTR corrector + potentiator (F508del/F508del CF; vs Placebo; TRAFFIC 24 wk ppFEV1),
CFTR_MODULATORS_NMA_REVIEW.html,EVOLVE,NCT02347657,29099344,III,2017,0,251,0,248,,"Tezacaftor 100 mg + Ivacaftor 150 mg PO (AM tez+iva, PM iva) | Next-gen corrector + potentiator (F508del/F508del CF; vs Placebo; EVOLVE 24 wk ppFEV1)",
CFTR_MODULATORS_NMA_REVIEW.html,VX18-445-102,NCT03525444,31697873,III,2019,0,200,0,203,ROUND_HUNDRED_TN,Elexacaftor 200 mg + Tezacaftor 100 mg + Ivacaftor 150 mg PO | Triple therapy (F508del/MF CF; vs Placebo; VX18-445-102 24 wk ppFEV1),
CGRP_MIGRAINE_NMA_REVIEW.html,STRIVE,NCT02456740,29171821,III,2017,0,319,0,316,,Erenumab 140 mg SC monthly vs placebo (STRIVE; EM; mean MMD reduction at months 4-6),
CGRP_MIGRAINE_NMA_REVIEW.html,HALO-EM,NCT02629861,29800211,III,2018,0,290,0,294,,Fremanezumab 675 mg SC quarterly vs placebo (HALO-EM; EM; mean MMD reduction at 12 wk),
CGRP_MIGRAINE_NMA_REVIEW.html,EVOLVE-1,NCT02614183,29813147,III,2018,0,213,0,425,,Galcanezumab 120 mg SC monthly vs placebo (EVOLVE-1; EM; mean MMD reduction at months 1-6),
CGRP_MIGRAINE_NMA_REVIEW.html,PROMISE-1,NCT02559895,32075406,III,2020,0,222,0,222,EQUAL_ARMS,Eptinezumab 100 mg IV q3mo vs placebo (PROMISE-1; EM; mean MMD reduction at wks 1-12),
COLCHICINE_CVD_REVIEW.html,COLCOT,NCT02551094,31733140,III,2019,131,2366,170,2379,BIG_TRIAL,Post-MI,
COLCHICINE_CVD_REVIEW.html,LoDoCo2,,,III,2020,187,2762,264,2760,BIG_TRIAL,Stable CAD,
COLCHICINE_CVD_REVIEW.html,COPS,,,III,2020,24,396,38,399,,Post-PCI,
COLCHICINE_CVD_REVIEW.html,CLEAR SYNERGY,NCT03048825,39555823,III,2025,322,3528,327,3534,BIG_TRIAL,Post-MI,
COLCHICINE_CVD_REVIEW.html,CONVINCE,NCT02898610,38857611,III,2024,153,1569,185,1575,BIG_TRIAL,Stroke/TIA,
COPD_TRIPLE_REVIEW.html,IMPACT,NCT02164513,31281061,III,2018,4420,4151,4957,4134,BIG_TRIAL,"Symptomatic COPD with >=1 exacerbation/y, FF/UMEC/VI vs UMEC/VI dual LAMA/LABA (52 wk)",
COPD_TRIPLE_REVIEW.html,ETHOS,NCT02465567,32579807,III,2020,1523,2137,1912,2120,BIG_TRIAL,"Symptomatic COPD with >=1 moderate or >=1 severe exacerbation/y, BGF 320 vs GFF dual LAMA/LABA (52 wk)",
COPD_TRIPLE_REVIEW.html,KRONOS,NCT02497001,30232048,III,2018,385,639,619,625,BIG_TRIAL,"Symptomatic moderate-very-severe COPD (not required exacerbator), BGF vs BFF dual ICS/LABA (24 wk)",
COVID_ORAL_ANTIVIRALS_REVIEW.html,EPIC-HR,NCT04960202,35172054,III,2022,5,697,44,682,BIG_TRIAL,"High-risk non-hospitalised COVID-19 adults, nirmatrelvir-ritonavir 300/100 mg BID x5d vs placebo (start <=3 d of symptom onset)",
COVID_ORAL_ANTIVIRALS_REVIEW.html,MOVe-OUT,NCT04575597,34914868,III,2022,48,709,68,699,BIG_TRIAL,"High-risk non-hospitalised COVID-19 adults, molnupiravir 800 mg BID x5d vs placebo (start <=5 d of symptom onset)",
DOAC_AF_NMA_REVIEW.html,RE-LY,NCT00262600,19717844,III,2009,134,6076,202,6022,BIG_TRIAL,Dabigatran 150 mg BID | DOAC (non-valvular AF; vs Warfarin INR 2-3; RE-LY),
DOAC_AF_NMA_REVIEW.html,ROCKET-AF,NCT00403767,21830957,III,2011,188,7081,241,7090,BIG_TRIAL,Rivaroxaban 20 mg daily | DOAC (non-valvular AF with at least moderate stroke risk; vs Warfarin INR 2-3; ROCKET-AF),
DOAC_AF_NMA_REVIEW.html,ARISTOTLE,NCT00412984,21870978,III,2011,212,9120,265,9081,BIG_TRIAL,Apixaban 5 mg BID | DOAC (non-valvular AF with at least one CV risk factor; vs Warfarin INR 2-3; ARISTOTLE),
DOAC_AF_NMA_REVIEW.html,ENGAGE-AF-TIMI-48,NCT00781391,24251359,III,2013,182,7035,232,7036,BIG_TRIAL,Edoxaban 60 mg daily | DOAC (non-valvular AF moderate-to-high stroke risk; vs Warfarin INR 2-3; ENGAGE-AF),
DOAC_AF_REVIEW.html,RE-LY,NCT00262600,19717844,III,2009,134,6076,199,6022,BIG_TRIAL,"Non-valvular AF, dabigatran 150 mg BID vs dose-adjusted warfarin (open-label PROBE)",
DOAC_AF_REVIEW.html,ROCKET-AF,NCT00403767,21830957,III,2011,269,7081,306,7090,BIG_TRIAL,"Non-valvular AF at moderate-high stroke risk, rivaroxaban 20 mg QD vs dose-adjusted warfarin",
DOAC_AF_REVIEW.html,ARISTOTLE,NCT00412984,21870978,III,2011,212,9120,265,9081,BIG_TRIAL,"Non-valvular AF, apixaban 5 mg BID vs dose-adjusted warfarin",
DOAC_AF_REVIEW.html,ENGAGE AF-TIMI 48,NCT00781391,24251359,III,2013,296,7035,337,7036,BIG_TRIAL,"Non-valvular AF at moderate-high stroke risk, edoxaban 60 mg QD (high-dose) vs dose-adjusted warfarin",
DOAC_CANCER_VTE_REVIEW.html,HOKUSAI VTE-Cancer,NCT02073682,29231094,III,2018,67,522,71,524,BIG_TRIAL,Edoxaban,
DOAC_CANCER_VTE_REVIEW.html,SELECT-D,NCT02583191,30786722,II/III,2018,8,101,18,102,,Rivaroxaban,
DOAC_CANCER_VTE_REVIEW.html,ADAM VTE,NCT02585713,30898209,III,2020,1,145,9,142,,Apixaban,
DOAC_CANCER_VTE_REVIEW.html,CARAVAGGIO,NCT03045406,32223112,III,2020,32,576,46,579,BIG_TRIAL,Apixaban,
DOAC_VTE_NMA_REVIEW.html,RE-COVER,NCT00291330,19966341,III,2009,30,1274,27,1265,BIG_TRIAL,Dabigatran 150 mg BID (after LMWH lead-in) | DOAC (acute VTE 6 mo; vs LMWH -> Warfarin INR 2-3; RE-COVER),
DOAC_VTE_NMA_REVIEW.html,EINSTEIN-DVT,NCT00440193,21128814,III,2010,36,1731,51,1718,BIG_TRIAL,Rivaroxaban 15 mg BID x 21 d then 20 mg daily | DOAC (acute DVT; vs Enoxaparin -> Warfarin INR 2-3; EINSTEIN-DVT 3-6-12 mo),
DOAC_VTE_NMA_REVIEW.html,AMPLIFY,NCT00643201,23808982,III,2013,59,2691,71,2704,BIG_TRIAL,Apixaban 10 mg BID x 7 d then 5 mg BID | DOAC (acute VTE; vs Enoxaparin -> Warfarin INR 2-3; AMPLIFY 6 mo),
DOAC_VTE_NMA_REVIEW.html,HOKUSAI-VTE,NCT00986154,23991658,III,2013,130,4118,146,4122,BIG_TRIAL,Edoxaban 60 mg daily (after LMWH lead-in) | DOAC (acute VTE; vs LMWH -> Warfarin INR 2-3; HOKUSAI-VTE 12 mo),
DOLUTEGRAVIR_ART_SSA_REVIEW.html,ADVANCE,NCT03122262,31339677,III,2019,285,351,257,351,EQUAL_ARMS;MITT_MENTIONED,"South African adults, TDF/FTC + DTG vs TDF/FTC/EFV first-line ART; week 48 virologic suppression (HIV-1 RNA <50 copies/mL, snapshot ITT)",
DOLUTEGRAVIR_ART_SSA_REVIEW.html,NAMSAL,NCT02777229,31339674,III,2019,231,310,209,303,MITT_MENTIONED,"Cameroonian adults, TDF/3TC + DTG vs TDF/3TC + EFV 400 mg first-line ART; week 48 virologic suppression (HIV-1 RNA <50 copies/mL, snapshot ITT)",
DOLUTEGRAVIR_ART_SSA_REVIEW.html,IMPAACT 2010,NCT03048422,33812489,III,2021,212,217,183,211,MITT_MENTIONED,ART-naive pregnant women initiating in 2nd / early 3rd trimester (multi-country: Botswana / Malawi / South Africa / Tanzania / Uganda / Zimbabwe + India + Thailand + US); DTG + FTC/TDF vs EFV/FTC/TDF; HIV-1 RNA <200 copies/mL at delivery (snapshot ITT),
DONANEMAB_AD_SOLO_REVIEW.html,TRAILBLAZER-ALZ 2,NCT04437511,37459141,III,2023,246,860,297,876,BIG_TRIAL,"Early symptomatic AD with confirmed amyloid + low/medium tau, donanemab 700-1400 mg IV Q4W vs placebo (CDR-SB worsening events at 76 wk, HR proxy)",
DORAVIRINE_HIV_REVIEW.html,DRIVE-AHEAD,NCT02403674,30985480,III,2019,307,364,294,364,EQUAL_ARMS;MITT_MENTIONED,"Treatment-naive adults, doravirine + 2 NRTIs vs efavirenz + 2 NRTIs (DOR vs EFV first-line); HIV-1 RNA <50 copies/mL at week 48 (snapshot ITT)",
DORAVIRINE_HIV_REVIEW.html,DRIVE-FORWARD,NCT02275780,29592840,III,2018,321,383,306,383,EQUAL_ARMS;MITT_MENTIONED,"Treatment-naive adults, doravirine + 2 NRTIs vs darunavir + ritonavir + 2 NRTIs (DOR vs DRV/r first-line); HIV-1 RNA <50 copies/mL at week 48 (snapshot ITT)",
DORAVIRINE_HIV_REVIEW.html,DRIVE-SHIFT,NCT02397096,30951884,III,2019,406,447,211,223,MITT_MENTIONED,"Virologically suppressed adults, switch to doravirine/3TC/TDF FDC vs continued baseline regimen (PI / INSTI / NNRTI); HIV-1 RNA <50 copies/mL at week 48 (immediate switch) vs week 24 (continue) -- snapshot ITT",
DUPILUMAB_AD_REVIEW.html,SOLO-1,NCT02277743,27690741,III,2016,85,224,23,224,EQUAL_ARMS,"Moderate-severe AD, dupilumab 300 mg SC Q2W vs placebo (16 wk monotherapy)",
DUPILUMAB_AD_REVIEW.html,SOLO-2,NCT02277769,27690741,III,2016,84,233,20,236,,"Moderate-severe AD, dupilumab 300 mg SC Q2W vs placebo (16 wk monotherapy)",
DUPILUMAB_AD_REVIEW.html,CHRONOS,NCT02260986,28478972,III,2017,125,319,39,315,,"Moderate-severe AD, dupilumab 300 mg Q2W + TCS vs placebo + TCS (52 wk)",
DUPILUMAB_COPD_REVIEW.html,BOREAS,NCT03930732,37272521,III,2023,330,468,457,471,,"Moderate-severe COPD on triple therapy, blood eos >=300/uL, dupilumab 300 mg SC Q2W vs placebo (52 wk)",
DUPILUMAB_COPD_REVIEW.html,NOTUS,NCT04456673,38767614,III,2024,309,468,457,467,,"Moderate-severe COPD on triple therapy, blood eos >=300/uL, dupilumab 300 mg SC Q2W vs placebo (52 wk)",
EFGARTIGIMOD_MG_REVIEW.html,ADAPT,NCT03669588,34146511,III,2021,56,84,25,83,,"Anti-AChR+ generalized MG, efgartigimod 10 mg/kg IV weekly for 4 weeks vs placebo (cycle 1 MG-ADL responder primary)",
ELACESTRANT_BC_REVIEW.html,EMERALD,NCT03778931,35857818,III,2022,0,239,0,239,EQUAL_ARMS;MITT_MENTIONED,"HR+/HER2- ESR1-mutatedi mBC, elacestrant 400 mg PO QD vs investigator\'s choice endocrine (PFS primary in ITT + ESR1-mut subgroup)",
ENSIFENTRINE_COPD_REVIEW.html,ENHANCE-1,NCT04535986,37938943,III,2024,116,380,182,380,EQUAL_ARMS,"Moderate-severe COPD on stable background therapy, ensifentrine 3 mg BID nebulized vs placebo (24 wk, exacerbation rate ratio)",
ENSIFENTRINE_COPD_REVIEW.html,ENHANCE-2,NCT04542057,37938943,III,2024,105,395,184,394,,"Moderate-severe COPD on stable background therapy, ensifentrine 3 mg BID nebulized vs placebo (24 wk, replicate of ENHANCE-1)",
ETRASIMOD_UC_REVIEW.html,ELEVATE UC 52,NCT03945188,36871574,III,2023,78,289,10,144,,"Moderate-severe UC, etrasimod 2 mg PO daily vs placebo (wk 12, clinical remission RR; ELEVATE UC 52)",
ETRASIMOD_UC_REVIEW.html,ELEVATE UC 12,NCT03996369,36871574,III,2023,60,238,17,116,,"Moderate-severe UC, etrasimod 2 mg PO daily vs placebo (wk 12, clinical remission RR; ELEVATE UC 12)",
EVT_BASILAR_REVIEW.html,ATTENTION,NCT04751708,36239644,III,2022,104,226,26,114,,"BAO within 12 h, EVT + medical vs medical alone (90-day mRS 0-3 RR)",
EVT_BASILAR_REVIEW.html,BAOCHE,NCT02737189,36239645,III,2023,51,110,26,107,,"BAO 6-24 h, EVT + medical vs medical alone (90-day mRS 0-3 RR)",
EVT_BASILAR_REVIEW.html,BASICS,NCT01717755,34010530,III,2021,68,154,55,146,,"BAO <6 h, EVT + best medical vs best medical (90-day mRS 0-3 RR, did not meet superiority)",
EVT_EXTENDED_WINDOW_REVIEW.html,DAWN,NCT02142283,29129157,III,2018,52,107,13,99,,"AIS 6-24 h from LKW with LVO + clinical-core mismatch, thrombectomy + medical vs medical alone (90-day mRS 0-2 RR)",
EVT_EXTENDED_WINDOW_REVIEW.html,DEFUSE 3,NCT02586415,29364767,III,2018,52,115,16,92,,"AIS 6-16 h from LKW with LVO + perfusion-imaging mismatch, thrombectomy + medical vs medical alone (90-day mRS 0-2 RR)",
EVT_EXTENDED_WINDOW_REVIEW.html,MR CLEAN-LATE,NCT03098355,36419058,III,2023,98,255,66,247,,"AIS 6-24 h from LKW with LVO + collateral-based selection, thrombectomy + medical vs medical alone (90-day mRS 0-2 RR)",
EVT_LARGECORE_REVIEW.html,RESCUE-Japan LIMIT,NCT03702413,35138767,III,2022,14,101,8,101,EQUAL_ARMS,"Large-core AIS (ASPECTS 3-5) within 6 h, EVT + medical vs medical alone (90-day mRS 0-2 RR)",
EVT_LARGECORE_REVIEW.html,ANGEL-ASPECT,NCT04551664,36762852,III,2023,69,230,27,225,,"Large-core AIS (ASPECTS 3-5 or core 70-100 mL) within 24 h, EVT + medical vs medical alone (90-day mRS 0-2 RR)",
EVT_LARGECORE_REVIEW.html,SELECT2,NCT03876457,36762865,III,2023,35,178,12,172,,"Large-core AIS (ASPECTS 3-5 or core >=50 mL) within 24 h, EVT + medical vs medical alone (90-day mRS 0-2 RR)",
EVT_LARGECORE_REVIEW.html,TENSION,NCT03094715,37837989,III,2023,50,125,18,128,,"Large-core AIS (ASPECTS 3-5) within 12 h, EVT + medical vs medical alone (90-day mRS 0-2 RR)",
EVT_LARGECORE_REVIEW.html,LASTE,NCT05562076,,III,2024,16,166,7,167,,"Large-core AIS (ASPECTS 0-5) within 6.5 h, EVT + medical vs medical alone (90-day mRS 0-2 RR)",
EVT_LARGECORE_REVIEW.html,TESLA,NCT03805308,39374319,III,2024,30,152,24,148,,"Large-core AIS (ASPECTS 2-5) within 24 h, EVT + medical vs medical alone (90-day mRS 0-2 RR; trial stopped at pre-planned interim)",
FENFLURAMINE_SEIZURE_REVIEW.html,Study 1 (Dravet),NCT02682927,31862249,III,2019,27,40,5,40,,"Dravet syndrome, fenfluramine 0.7 mg/kg/d vs placebo (wk 14, >=50% convulsive-seizure responder RR)",
FENFLURAMINE_SEIZURE_REVIEW.html,Study 2 (Dravet+stiripentol),NCT02826863,31862249,III,2020,23,43,2,44,,"Dravet syndrome on stiripentol background, fenfluramine 0.4 mg/kg/d vs placebo (wk 14, >=50% convulsive-seizure responder RR)",
FENFLURAMINE_SEIZURE_REVIEW.html,LGS Study 1,NCT03355209,35499850,III,2022,22,87,9,87,EQUAL_ARMS,"Lennox-Gastaut syndrome, fenfluramine 0.7 mg/kg/d vs placebo (wk 14, >=50% drop-seizure responder RR)",
FINERENONE_REVIEW.html,FIDELIO-DKD,,33264825,III,2020,367,2833,420,2841,BIG_TRIAL,CKD,
FINERENONE_REVIEW.html,FIGARO-DKD,,34775784,III,2021,458,3686,519,3666,BIG_TRIAL,CKD,
FINERENONE_REVIEW.html,FINEARTS-HF,,39225278,III,2024,624,3003,719,2998,BIG_TRIAL,Heart Failure,
FINERENONE_REVIEW.html,ARTS-DN,,27230798,IIb,2015,3,727,1,94,,CKD,
FRAGILITY_FRACTURE_NMA_REVIEW.html,ARCH,NCT01631214,28892457,III,2017,127,2046,243,2047,BIG_TRIAL,"High-risk postmenopausal osteoporosis, romosozumab 210 mg Q1M for 12 mo then alendronate vs alendronate alone (24-mo new vertebral fracture; RR)",
FRAGILITY_FRACTURE_NMA_REVIEW.html,FRAME,NCT01575834,27641143,III,2016,16,3589,59,3591,BIG_TRIAL,"Postmenopausal osteoporosis, romosozumab 210 mg Q1M for 12 mo then denosumab vs placebo for 12 mo then denosumab (12-mo new vertebral fracture; RR)",
FRAGILITY_FRACTURE_NMA_REVIEW.html,ACTIVE,NCT00321620,29028063,III,2017,8,824,39,821,BIG_TRIAL,"Postmenopausal osteoporosis at high fracture risk, abaloparatide 80 mcg SC daily vs placebo (18-mo new vertebral fracture; RR)",
FRAGILITY_FRACTURE_NMA_REVIEW.html,FREEDOM,NCT00270777,19671655,III,2009,86,3902,264,3906,BIG_TRIAL,"Postmenopausal osteoporosis, denosumab 60 mg SC Q6M vs placebo (36-mo new vertebral fracture; RR)",
FRAGILITY_FRACTURE_NMA_REVIEW.html,VERT,NCT00077428,11346808,III,2001,35,197,64,191,,"Postmenopausal osteoporosis with prior vertebral fracture, teriparatide 20 mcg SC daily vs placebo (21-mo new vertebral fracture; RR)",
GLP1_CVOT_NMA_REVIEW.html,LEADER,NCT01179048,27295427,III,2016,608,4668,694,4672,BIG_TRIAL,Liraglutide 1.8 mg SC daily | GLP-1 RA (T2D + high CV risk; vs placebo),
GLP1_CVOT_NMA_REVIEW.html,SUSTAIN-6,NCT01720446,27633186,III,2016,108,1648,146,1649,BIG_TRIAL,Semaglutide 0.5/1 mg SC weekly | GLP-1 RA (T2D + high CV risk; vs placebo),
GLP1_CVOT_NMA_REVIEW.html,REWIND,NCT01394952,31189511,III,2019,594,4949,663,4952,BIG_TRIAL,Dulaglutide 1.5 mg SC weekly | GLP-1 RA (T2D +/- established CVD; vs placebo),
GLP1_CVOT_NMA_REVIEW.html,PIONEER-6,NCT02692716,31185157,III,2019,61,1591,76,1592,BIG_TRIAL,Oral semaglutide 14 mg daily | GLP-1 RA (T2D + high CV risk; vs placebo),
GLP1_CVOT_NMA_REVIEW.html,ELIXA,NCT01147250,26630143,III,2015,406,3034,399,3034,EQUAL_ARMS;BIG_TRIAL,Lixisenatide 20 mcg SC daily | GLP-1 RA (T2D + recent ACS; vs placebo),
GLP1_CVOT_NMA_REVIEW.html,HARMONY-Outcomes,NCT02465515,30291013,III,2018,338,4731,428,4732,BIG_TRIAL,Albiglutide 30/50 mg SC weekly | GLP-1 RA (T2D + established CVD; vs placebo),
GLP1_CVOT_NMA_REVIEW.html,EXSCEL,NCT01144338,28910237,III,2017,839,7356,905,7396,BIG_TRIAL,Exenatide-ER 2 mg SC weekly | GLP-1 RA (T2D +/- CVD; vs placebo),
GLP1_CVOT_NMA_REVIEW.html,AMPLITUDE-O,NCT03496298,34215025,III,2021,189,2717,125,1359,BIG_TRIAL,Efpeglenatide 4/6 mg SC weekly | GLP-1 RA (T2D + CVD or CKD; vs placebo),
GLP1_CVOT_REVIEW.html,ELIXA,NCT01147250,26630143,III,2015,406,3034,399,3034,EQUAL_ARMS;BIG_TRIAL,Lixisenatide,
GLP1_CVOT_REVIEW.html,LEADER,NCT01179048,27295427,III,2016,608,4668,694,4672,BIG_TRIAL,Liraglutide,
GLP1_CVOT_REVIEW.html,SUSTAIN-6,NCT01720446,27633186,III,2016,108,1648,146,1649,BIG_TRIAL,Semaglutide,
GLP1_CVOT_REVIEW.html,EXSCEL,NCT01144338,28910237,III,2017,839,7356,905,7396,BIG_TRIAL,Exenatide,
GLP1_CVOT_REVIEW.html,HARMONY Outcomes,NCT02465515,30291013,III,2018,338,4731,428,4732,BIG_TRIAL,Albiglutide,
GLP1_CVOT_REVIEW.html,REWIND,NCT01394952,31189511,III,2019,594,4949,663,4952,BIG_TRIAL,Dulaglutide,
GLP1_CVOT_REVIEW.html,PIONEER 6,NCT02692716,31185157,III,2019,61,1591,76,1592,BIG_TRIAL,Semaglutide,
GLP1_CVOT_REVIEW.html,SELECT,NCT03574597,39222642,III,2023,569,8803,701,8801,BIG_TRIAL,Semaglutide,
GLP1_CVOT_REVIEW.html,AMPLITUDE-O,NCT03496298,34215025,III,2021,189,2717,125,1359,BIG_TRIAL,Efpeglenatide,
GLP1_CVOT_REVIEW.html,SOUL,NCT03914326,40162642,III,2025,579,4825,668,4825,EQUAL_ARMS;BIG_TRIAL,Semaglutide,
GLP1_MASH_NMA_REVIEW.html,ESSENCE,NCT04822181,39282897,III,2024,199,534,88,533,BIG_TRIAL,"MASH F2-F3 with diabetes/obesity, semaglutide 2.4 mg SC weekly vs placebo (NASH resolution at 72 wk; OR; ESSENCE Part 1 interim)",
GLP1_MASH_NMA_REVIEW.html,SYNERGY-NASH,NCT04166773,38842432,III,2024,33,64,7,65,,"MASH F2-F3, tirzepatide 15 mg SC weekly vs placebo (NASH resolution at 52 wk; OR)",
GLP1_MASH_NMA_REVIEW.html,Newsome NAFLD,NCT02970942,33185364,III,2021,59,80,17,80,EQUAL_ARMS,"Biopsy-confirmed NASH (F1-F3), semaglutide 0.4 mg SC daily vs placebo (NASH resolution at 72 wk; OR)",
HCC_1L_NMA_REVIEW.html,IMbrave150,NCT03434379,32402160,III,2020,137,336,86,165,,"Unresectable HCC (1L), atezolizumab + bevacizumab vs sorafenib (OS HR)",
HCC_1L_NMA_REVIEW.html,HIMALAYA,NCT03298451,35687509,III,2022,234,393,198,389,,"Unresectable HCC (1L), STRIDE (durvalumab + tremelimumab) vs sorafenib (OS HR)",
HCC_1L_NMA_REVIEW.html,CheckMate 9DW,NCT04039607,39245040,III,2024,268,335,281,333,,"Unresectable HCC (1L), nivolumab + ipilimumab vs sorafenib or lenvatinib (OS HR)",
HCC_1L_NMA_REVIEW.html,LEAP-002,NCT03713593,36959829,III,2023,205,395,213,399,,"Unresectable HCC (1L), lenvatinib + pembrolizumab vs lenvatinib (OS HR; did not meet pre-specified)",
HER2_LOW_ADC_NMA_REVIEW.html,DESTINY-Breast04,NCT03734029,35665782,III,2022,172,373,130,184,,"HER2-low metastatic BC post-chemo (1-2 prior lines), T-DXd 5.4 mg/kg Q3W vs physician-choice chemo (PFS HR)",
HER2_LOW_ADC_NMA_REVIEW.html,DESTINY-Breast06,NCT04494425,39282896,III,2024,224,436,236,430,,"HR+ HER2-low/ultralow metastatic BC post-endocrine, T-DXd vs physician-choice chemo (PFS HR)",
HER2_LOW_ADC_NMA_REVIEW.html,TROPiCS-02,NCT04546009,37499200,III,2023,196,272,218,271,,"HR+ HER2-/HER2-low metastatic BC post-endocrine and 2-4 prior chemo lines, sacituzumab govitecan vs physician-choice chemo (PFS HR)",
HER2_LOW_ADC_NMA_REVIEW.html,TROPION-Breast01,NCT05374512,39226544,III,2024,188,365,232,367,,"HR+ HER2-/HER2-low metastatic BC post-endocrine + chemo, datopotamab deruxtecan (Dato-DXd) vs physician-choice chemo (PFS HR)",
HF_QUADRUPLE_NMA_REVIEW.html,DAPA-HF,NCT03036124,31535829,III,2019,386,2373,502,2371,BIG_TRIAL,"HFrEF (LVEF<=40%) on GDMT, dapagliflozin 10 mg vs placebo (CV death + HF event; HR)",
HF_QUADRUPLE_NMA_REVIEW.html,EMPEROR-Reduced,NCT03057977,32865377,III,2020,361,1863,462,1867,BIG_TRIAL,"HFrEF (LVEF<=40%) on GDMT, empagliflozin 10 mg vs placebo (CV death + HHF; HR)",
HF_QUADRUPLE_NMA_REVIEW.html,DELIVER,NCT03619213,36027562,III,2022,512,3131,610,3132,BIG_TRIAL,"HFmrEF/HFpEF (LVEF>40%), dapagliflozin 10 mg vs placebo (CV death + worsening HF; HR)",
HF_QUADRUPLE_NMA_REVIEW.html,EMPEROR-Preserved,NCT03057951,34449189,III,2021,415,2997,511,2991,BIG_TRIAL,"HFpEF (LVEF>40%), empagliflozin 10 mg vs placebo (CV death + HHF; HR)",
HF_QUADRUPLE_NMA_REVIEW.html,PARADIGM-HF,NCT01035255,25176015,III,2014,914,4187,1117,4212,BIG_TRIAL,"HFrEF, hf_quadruple_nma 200 mg BID vs enalapril 10 mg BID (CV death + HHF; HR)",
HF_QUADRUPLE_NMA_REVIEW.html,FINEARTS-HF,NCT04435626,39213592,III,2024,624,3003,719,3001,BIG_TRIAL,"HFmrEF/HFpEF (LVEF>=40%), finerenone 20-40 mg vs placebo (CV death + HF events; rate ratio)",
HIFPH_CKD_ANEMIA_REVIEW.html,ASCEND-D,NCT02879305,34739192,III,2021,374,1487,394,1477,BIG_TRIAL,Daprodustat 1-24 mg PO QD vs epoetin alfa in dialysis-dependent CKD; primary safety MACE (time-to-event),
HIFPH_CKD_ANEMIA_REVIEW.html,ASCEND-ND,NCT02876835,34739194,III,2021,378,1937,371,1935,BIG_TRIAL,Daprodustat 1-24 mg PO QD vs darbepoetin alfa in non-dialysis-dependent CKD; primary safety MACE,
HIFPH_CKD_ANEMIA_REVIEW.html,PRO2TECT,NCT02648347,33913637,III,2021,467,1739,408,1737,BIG_TRIAL,Vadadustat 150-600 mg PO QD vs darbepoetin alfa in non-dialysis-dependent CKD; primary safety MACE -- did NOT meet 1.25 non-inferiority margin,
HIFPH_CKD_ANEMIA_REVIEW.html,INNO2VATE,NCT02865850,33913638,III,2021,432,1964,461,1959,BIG_TRIAL,Vadadustat 150-600 mg PO QD vs darbepoetin alfa in dialysis-dependent CKD; primary safety MACE,
HIFPH_CKD_ANEMIA_REVIEW.html,HIMALAYAS,NCT02052310,33408137,III,2021,144,522,145,521,BIG_TRIAL,Roxadustat 70-100 mg PO TIW vs epoetin alfa in incident dialysis CKD; MACE secondary safety,
HIGH_EFFICACY_MS_REVIEW.html,OPERA-I,NCT01247324,28002679,III,2017,127,410,236,411,,"Relapsing MS, ocrelizumab 600 mg IV Q24W vs IFN-beta-1a 44 mcg SC 3x/wk (96 wk)",
HIGH_EFFICACY_MS_REVIEW.html,OPERA-II,NCT01412333,28002679,III,2017,127,417,240,418,,"Relapsing MS, ocrelizumab 600 mg IV Q24W vs IFN-beta-1a (96 wk)",
HIGH_EFFICACY_MS_REVIEW.html,ASCLEPIOS-I,NCT02792218,32757523,III,2020,51,465,105,481,,"Relapsing MS, ofatumumab 20 mg SC monthly vs teriflunomide 14 mg PO daily (up to 30 mo)",
HIGH_EFFICACY_MS_REVIEW.html,ASCLEPIOS-II,NCT02792231,32757523,III,2020,45,481,120,474,,"Relapsing MS, ofatumumab 20 mg SC monthly vs teriflunomide (up to 30 mo)",
HIV_LA_PREP_NMA_REVIEW.html,HPTN 083,NCT02720094,34379922,III,2021,12,2283,39,2283,EQUAL_ARMS;BIG_TRIAL,Cabotegravir LA Q8W vs daily oral F/TDF in cisgender MSM and transgender women (multi-region: US / Latin America / sub-Saharan Africa / Asia); incident HIV infections,
HIV_LA_PREP_NMA_REVIEW.html,HPTN 084,NCT03164564,35489359,III,2022,4,1614,36,1610,BIG_TRIAL,"Cabotegravir LA Q8W vs daily oral F/TDF in cisgender women in 7 countries in sub-Saharan Africa (Botswana, Eswatini, Kenya, Malawi, South Africa, Uganda, Zimbabwe)",
HIV_LA_PREP_NMA_REVIEW.html,PURPOSE-1,NCT04994509,39046957,III,2024,0,2134,39,2136,BIG_TRIAL,Lenacapavir 927 mg SC Q26W vs daily oral F/TAF (Descovy) in cisgender adolescent girls and young women age 16-25 in South Africa and Uganda,
HIV_LA_PREP_NMA_REVIEW.html,PURPOSE-2,NCT04925752,39565037,III,2024,2,2179,9,1086,BIG_TRIAL,"Lenacapavir 927 mg SC Q26W vs daily oral F/TDF (Truvada) in cisgender MSM, transgender women, transgender men, and gender non-conforming individuals (multi-region)",
IL23_PSA_NMA_REVIEW.html,KEEPsAKE-1,NCT03671148,35134812,III,2022,248,483,152,481,,"Risankizumab 150 mg SC vs placebo in active PsA, csDMARD-IR; primary ACR20 at week 24",
IL23_PSA_NMA_REVIEW.html,KEEPsAKE-2,NCT03675308,35134811,III,2022,110,224,44,220,,"Risankizumab 150 mg SC vs placebo in active PsA, biologic-IR or csDMARD-IR; primary ACR20 at week 24",
IL23_PSA_NMA_REVIEW.html,DISCOVER-1,NCT03162796,32178765,III,2020,78,127,28,127,EQUAL_ARMS,Guselkumab 100 mg SC Q8W vs placebo in active PsA (biologic-naive or anti-TNF IR); primary ACR20 at week 24,
IL23_PSA_NMA_REVIEW.html,DISCOVER-2,NCT03158285,32178766,III,2020,156,246,80,246,EQUAL_ARMS,Guselkumab 100 mg SC Q8W vs placebo in biologic-naive active PsA; primary ACR20 at week 24,
IL23_PSORIASIS_REVIEW.html,VOYAGE 1,NCT02207231,29799960,III,2017,241,329,5,174,,"Moderate-severe plaque psoriasis, guselkumab 100 mg SC vs placebo (week 16)",
IL23_PSORIASIS_REVIEW.html,UltIMMa-1,NCT02684370,30097359,III,2018,229,304,5,102,,"Moderate-severe plaque psoriasis, risankizumab 150 mg SC vs placebo (week 16)",
IL23_PSORIASIS_REVIEW.html,reSURFACE 1,NCT01722331,28596043,III,2017,74,308,1,154,,"Moderate-severe plaque psoriasis, tildrakizumab 200 mg SC vs placebo (week 12)",
IL_PSORIASIS_NMA_REVIEW.html,VOYAGE 1,NCT02207231,29799960,III,2017,241,329,5,174,,Guselkumab 100 mg Q8W SC | IL-23,
IL_PSORIASIS_NMA_REVIEW.html,UltIMMa-1,NCT02684370,30097359,III,2018,229,304,4,102,,Risankizumab 150 mg Q12W SC | IL-23,
IL_PSORIASIS_NMA_REVIEW.html,UNCOVER-1,NCT01474512,27299809,III,2016,234,433,2,431,,Ixekizumab 80 mg Q2W SC | IL-17A,
IL_PSORIASIS_NMA_REVIEW.html,UNCOVER-2,NCT01597245,26072109,III,2016,207,351,75,358,,Ixekizumab vs Etanercept | IL-17A vs TNFi,
IL_PSORIASIS_NMA_REVIEW.html,UNCOVER-3,NCT01646177,26072109,III,2016,242,385,5,193,,Ixekizumab 80 mg Q2W SC | IL-17A,
IL_PSORIASIS_NMA_REVIEW.html,ERASURE,NCT01365455,25007392,III,2014,176,245,2,248,,Secukinumab 300 mg Q4W SC | IL-17A,
IL_PSORIASIS_NMA_REVIEW.html,FIXTURE,NCT01358578,25007392,III,2014,202,323,67,323,EQUAL_ARMS,Secukinumab vs Etanercept | IL-17A vs TNFi,
IL_PSORIASIS_NMA_REVIEW.html,BE RADIANT,NCT03536884,33891380,III,2021,343,373,326,370,,Bimekizumab vs Secukinumab | IL-17A+F,
IL_PSORIASIS_NMA_REVIEW.html,BE VIVID,NCT03370133,33549193,III,2021,273,321,5,83,,Bimekizumab 320 mg Q4W SC | IL-17A+F,
IL_PSORIASIS_NMA_REVIEW.html,BE SURE,NCT03412747,33891379,III,2021,263,319,86,159,,Bimekizumab vs Adalimumab | IL-17A+F vs TNFi,
IL_PSORIASIS_NMA_REVIEW.html,VOYAGE 2,NCT02207162,,III,2017,248,355,1,128,,Guselkumab 100mg Q8W | IL-23 (VOYAGE 2 pair to VOYAGE 1; PASI 90 wk 16),
IL_PSORIASIS_NMA_REVIEW.html,UltIMMa-2,NCT02694399,,III,2018,220,294,2,98,MITT_MENTIONED,"Risankizumab 150mg Q12W | IL-23 (UltIMMa-2 pair to UltIMMa-1; PASI 90 wk 16). Denominators are mITT per Gordon 2018 Lancet (UltIMMa-2 ris arm n=294, pbo arm n=98). Prior dashboard values (tE=225, tN=301, cN=100) were UltIMMa-1-shaped numbers; corrected to UltIMMa-2 published primary.",
IL_PSORIASIS_NMA_REVIEW.html,AMAGINE-1,NCT01708590,26914406,III,2016,141,222,1,220,,Brodalumab 210mg Q2W | IL-17RA (AMAGINE-1; PASI 90 wk 12),
IL_PSORIASIS_NMA_REVIEW.html,reSURFACE-1,NCT01722331,28596043,III,2017,103,308,3,154,,Tildrakizumab 200mg | IL-23 (reSURFACE-1; PASI 90 wk 12),
IL_PSORIASIS_NMA_REVIEW.html,reSURFACE-2,NCT01729754,28596043,III,2017,117,314,40,313,,Tildrakizumab 200mg vs Etanercept (reSURFACE-2 head-to-head; PASI 90 wk 12 OR),
IL_PSORIASIS_NMA_REVIEW.html,AMAGINE-2,NCT01708603,26422722,III,2015,445,646,200,425,BIG_TRIAL,Brodalumab 210mg Q2W vs Ustekinumab 45/90mg (AMAGINE-2 head-to-head; PASI 90 wk 12 OR),
IL_PSORIASIS_NMA_REVIEW.html,CLEAR,NCT02074982,26092291,III,2015,264,334,192,334,EQUAL_ARMS,Secukinumab 300mg Q4W vs Ustekinumab 45/90mg (CLEAR head-to-head; PASI 90 wk 16 OR),
IL_PSORIASIS_NMA_REVIEW.html,BE READY,NCT03410992,33549192,III,2021,318,349,1,86,,Bimekizumab 320 mg Q4W SC vs Placebo (BE READY; 16 wk PASI 90; adds bimekizumab-vs-placebo precision),
INAVOLISIB_BC_REVIEW.html,INAVO120,NCT04191499,39282919,III,2024,0,161,0,164,,"HR+/HER2- PIK3CA-mut endocrine-resistant 1L mBC, inavolisib + palbociclib + fulvestrant vs placebo + palbociclib + fulvestrant (PFS primary)",
INCRETIN_HFpEF_REVIEW.html,STEP-HFpEF,NCT04788511,38599221,III,2023,1,263,12,266,,HFpEF no DM,
INCRETIN_HFpEF_REVIEW.html,STEP-HFpEF DM,NCT04916470,38599221,III,2024,7,310,18,306,,HFpEF + T2DM,
INCRETIN_HFpEF_REVIEW.html,SUMMIT,NCT04847557,39555826,III,2024,29,364,52,367,,HFpEF +/- T2DM,
INCRETINS_T2D_NMA_REVIEW.html,SURPASS-1,NCT03954834,34186022,III,2021,0,121,0,113,,"Tirzepatide 15 mg SC weekly | Dual GIP/GLP-1 (vs placebo, drug-naive T2D, 40 wk)",
INCRETINS_T2D_NMA_REVIEW.html,SURPASS-2,NCT03987919,34170647,III,2021,0,470,0,469,,"Tirzepatide 15 mg SC weekly | Dual GIP/GLP-1 (vs Semaglutide 1 mg, 40 wk head-to-head)",
INCRETINS_T2D_NMA_REVIEW.html,SUSTAIN-1,NCT02054897,28110911,III,2017,0,130,0,128,,"Semaglutide 1 mg SC weekly | GLP-1 (vs placebo, drug-naive T2D, 30 wk)",
INCRETINS_T2D_NMA_REVIEW.html,SUSTAIN-3,NCT01885208,29766634,III,2018,0,404,0,405,,"Semaglutide 1 mg SC weekly | GLP-1 (vs Exenatide-ER 2 mg weekly, 56 wk head-to-head)",
INCRETINS_T2D_NMA_REVIEW.html,SUSTAIN-7,NCT02648204,29397376,III,2018,0,301,0,299,,"Semaglutide 1 mg SC weekly | GLP-1 (vs Dulaglutide 1.5 mg, 40 wk head-to-head)",
INCRETINS_T2D_NMA_REVIEW.html,LEAD-6,NCT00518882,19515413,III,2009,0,233,0,231,,"Liraglutide 1.8 mg SC daily | GLP-1 (vs Exenatide 10 mcg BID, 26 wk head-to-head)",
INCRETINS_T2D_NMA_REVIEW.html,AWARD-6,NCT01624259,25018121,III,2014,0,299,0,300,ROUND_HUNDRED_CN,"Dulaglutide 1.5 mg SC weekly | GLP-1 (vs Liraglutide 1.8 mg, 26 wk non-inferiority)",
INCRETINS_T2D_NMA_REVIEW.html,LEAD-2,NCT00318461,18931095,III,2009,0,242,0,122,,Liraglutide 1.8mg daily vs placebo + metformin (LEAD-2; HbA1c wk 26 MD),
INCRETINS_T2D_NMA_REVIEW.html,SUSTAIN-6,NCT01720446,27633186,III,2016,0,1648,0,1649,BIG_TRIAL,Semaglutide 0.5/1mg weekly vs placebo (SUSTAIN-6 CV-outcomes; HbA1c at 2 yr MD),
INCRETINS_T2D_NMA_REVIEW.html,EXSCEL,NCT01144338,28910237,III,2017,0,7356,0,7396,BIG_TRIAL,Exenatide-ER 2mg weekly vs placebo (EXSCEL CV-outcomes; HbA1c at median 3.2 yr MD),
INCRETINS_T2D_NMA_REVIEW.html,PIONEER-4,NCT02863419,31186120,III,2019,0,285,0,284,,Oral semaglutide 14mg vs Liraglutide 1.8mg SC (PIONEER-4 head-to-head; wk 26 HbA1c MD),
INCRETINS_T2D_NMA_REVIEW.html,PIONEER-3,NCT02607865,30903796,III,2019,0,466,0,465,,Oral semaglutide 14mg vs Sitagliptin 100mg (PIONEER-3; wk 26 HbA1c MD; adds Sitagliptin DPP-4 anchor),
INCRETINS_T2D_NMA_REVIEW.html,SUSTAIN-2,NCT01930188,28385659,III,2017,0,408,0,407,,Semaglutide 1mg SC weekly vs Sitagliptin 100mg (SUSTAIN-2; wk 56 HbA1c MD),
INCRETINS_T2D_NMA_REVIEW.html,SURPASS-3,NCT03882970,34370970,III,2021,0,407,0,475,,Tirzepatide 15 mg SC weekly vs Insulin Degludec titrated (SURPASS-3; 52 wk HbA1c MD; on metformin +/- SGLT2i),
INCRETINS_T2D_NMA_REVIEW.html,SURPASS-4,NCT03730662,34672967,III,2021,0,469,0,1002,BIG_TRIAL,Tirzepatide 15 mg SC weekly vs Insulin Glargine U100 titrated (SURPASS-4; 52 wk HbA1c MD; T2D at high CV risk),
INCRETINS_T2D_NMA_REVIEW.html,SURPASS-5,NCT04039503,35133415,III,2022,0,117,0,120,,Tirzepatide 15 mg SC weekly vs placebo on background basal insulin (SURPASS-5; 40 wk HbA1c MD),
INCRETINS_T2D_NMA_REVIEW.html,SURPASS-6,NCT04537923,37786396,III,2023,0,243,0,245,,Tirzepatide 15 mg SC weekly vs Insulin Lispro TID prandial (SURPASS-6; 52 wk HbA1c MD; background basal insulin),
INTENSIVE_BP_REVIEW.html,SPRINT-SENIOR,,,III,2016,102,1317,148,1319,BIG_TRIAL,Systolic Target,
INTENSIVE_BP_REVIEW.html,SPRINT-CKD,,,III,2017,112,1330,131,1316,BIG_TRIAL,Systolic Target,
INTENSIVE_BP_REVIEW.html,ACCORD-BP,NCT00000620,20228401,III,2010,208,2362,237,2371,BIG_TRIAL,Glucose+BP,
INTENSIVE_BP_REVIEW.html,STEP,NCT03015311,34491661,III,2021,147,4243,196,4268,BIG_TRIAL,Systolic Target,
INTENSIVE_BP_REVIEW.html,SPS3-BP,NCT00059306,24168957,III,2013,125,1519,152,1501,BIG_TRIAL,Post-Stroke,
IO_CHEMO_NSCLC_1L_REVIEW.html,KEYNOTE-189,NCT02578680,29658856,III,2018,235,410,164,206,,"1L metastatic non-squamous NSCLC, pembrolizumab + pem/plat vs placebo + pem/plat (OS HR)",
IO_CHEMO_NSCLC_1L_REVIEW.html,KEYNOTE-407,NCT02775435,30280635,III,2018,137,278,171,281,,"1L metastatic squamous NSCLC, pembrolizumab + carb/tax/nab-pac vs placebo + chemo (OS HR)",
IO_CHEMO_NSCLC_1L_REVIEW.html,IMpower150,NCT02366143,29863955,III,2018,230,356,256,336,,"1L metastatic non-squamous EGFR/ALK WT NSCLC, atezo + bev + carb + pac vs bev + carb + pac (ABCP vs BCP, OS HR)",
IO_CHEMO_NSCLC_1L_REVIEW.html,POSEIDON,NCT03164616,35033226,III,2023,210,338,240,337,,"1L metastatic NSCLC, durvalumab + tremelimumab + platinum-doublet vs platinum-doublet (OS HR)",
IPTACOPAN_IGAN_REVIEW.html,APPLAUSE-IgAN,NCT04578834,39259640,III,2024,0,222,0,221,,"Adults with primary IgAN on RAS blockade, iptacopan 200 mg BID vs placebo (UPCR ratio 9-mo interim primary; eGFR slope 24-mo final primary)",
IV_IRON_HF_REVIEW.html,CONFIRM-HF,NCT01453608,25176939,III,2015,25,150,36,151,,Chronic HF,
IV_IRON_HF_REVIEW.html,AFFIRM-AHF,NCT02937454,33197395,III,2021,293,558,372,550,BIG_TRIAL,Acute HF,
IV_IRON_HF_REVIEW.html,IRONMAN,NCT02642562,36347265,III,2022,336,569,411,568,BIG_TRIAL,Chronic HF,
IV_IRON_HF_REVIEW.html,HEART-FID,NCT03037931,37632463,III,2023,560,1532,581,1533,BIG_TRIAL,Chronic HF,
JAK_RA_REVIEW.html,RA-BEAM,NCT01710358,28199814,III,2017,341,487,195,488,,"MTX-IR RA, baricitinib 4 mg + MTX vs placebo + MTX (wk 12, ACR20)",
JAK_RA_REVIEW.html,SELECT-NEXT,NCT02675426,29908669,III,2018,142,221,80,221,EQUAL_ARMS,"csDMARD-IR RA, upadacitinib 15 mg + csDMARD vs placebo + csDMARD (wk 12, ACR20)",
JAK_RA_REVIEW.html,FINCH-1,NCT02889796,31334793,III,2021,371,475,237,475,EQUAL_ARMS,"MTX-IR RA, filgotinib 200 mg + MTX vs placebo + MTX (wk 12, ACR20)",
JAK_UC_REVIEW.html,OCTAVE Induction 1,NCT01465763,28467869,III,2017,88,476,10,122,,"Moderate-severe active UC, tofacitinib 10 mg BID vs placebo induction 8 wk",
JAK_UC_REVIEW.html,U-ACHIEVE Induction,NCT02819635,35644166,III,2022,83,319,7,154,,"Moderate-severe UC, upadacitinib 45 mg QD vs placebo 8 wk",
JAK_UC_REVIEW.html,SELECTION Induction A,NCT02914522,34090625,III,2021,66,245,15,98,,"Moderate-severe UC biologic-naive, filgotinib 200 mg QD vs placebo 10 wk",
JAKI_AD_NMA_REVIEW.html,JADE-MONO-1,NCT03349060,32711793,III,2020,67,154,6,78,,Abrocitinib (JAK1) 200 mg QD vs placebo monotherapy; vIGA-AD 0/1 wk 12,
JAKI_AD_NMA_REVIEW.html,JADE-MONO-2,NCT03575871,32492087,III,2020,59,155,7,77,,Abrocitinib (JAK1) 200 mg QD vs placebo monotherapy; vIGA-AD 0/1 wk 12,
JAKI_AD_NMA_REVIEW.html,Measure Up 1,NCT03569293,34087125,III,2021,177,285,24,281,,Upadacitinib (JAK1) 30 mg QD vs placebo monotherapy; vIGA-AD 0/1 wk 16,
JAKI_AD_NMA_REVIEW.html,Measure Up 2,NCT03607422,34087125,III,2021,147,282,13,278,,Upadacitinib (JAK1) 30 mg QD vs placebo monotherapy; vIGA-AD 0/1 wk 16,
JAKI_AD_NMA_REVIEW.html,BREEZE-AD1,NCT03334396,32328972,III,2020,26,154,7,146,,Baricitinib (JAK1/2) 4 mg QD vs placebo monotherapy; vIGA-AD 0/1 wk 16,
JAKI_AD_NMA_REVIEW.html,BREEZE-AD2,NCT03334422,32328972,III,2020,21,152,7,155,,Baricitinib (JAK1/2) 4 mg QD vs placebo monotherapy; vIGA-AD 0/1 wk 16,
JAKI_AD_REVIEW.html,JADE MONO-1,NCT03349060,32711801,III,2020,67,155,6,77,,"Moderate-severe AD monotherapy, abrocitinib 200 mg daily vs placebo (wk 12, IGA 0/1 RR)",
JAKI_AD_REVIEW.html,JADE MONO-2,NCT03575871,32492087,III,2020,59,155,7,78,,"Moderate-severe AD monotherapy, abrocitinib 200 mg daily vs placebo (wk 12, IGA 0/1 RR)",
JAKI_AD_REVIEW.html,MEASURE-UP 1,NCT03569293,35262646,III,2021,171,281,23,281,EQUAL_ARMS,"Moderate-severe AD monotherapy, upadacitinib 30 mg daily vs placebo (wk 16, IGA 0/1 RR)",
JAKI_AD_REVIEW.html,MEASURE-UP 2,NCT03607422,35262646,III,2021,144,276,13,278,,"Moderate-severe AD monotherapy, upadacitinib 30 mg daily vs placebo (wk 16, IGA 0/1 RR)",
JAKI_RA_NMA_REVIEW.html,ORAL-Standard,NCT00853385,22873531,III,2012,105,204,29,102,,"Tofacitinib 5 mg BID | JAK1/3 (MTX-IR RA; 3-arm with Ada; ACR20 wk 6 vs placebo, OR)",
JAKI_RA_NMA_REVIEW.html,RA-BEAM,NCT01710358,28199814,III,2017,341,487,195,488,,"Baricitinib 4 mg daily | JAK1/2 (MTX-IR RA; 3-arm with Ada; ACR20 wk 12 vs placebo, OR)",
JAKI_RA_NMA_REVIEW.html,SELECT-Compare,NCT02629159,31362993,III,2019,462,651,234,651,EQUAL_ARMS;BIG_TRIAL,"Upadacitinib 15 mg daily | JAK1-selective (csDMARD-IR RA; 3-arm Fleischmann 2019, all on background MTX; n=651 upa / n=651 placebo / n=327 ada). Contrast pooled here is upa-vs-PLACEBO (cN=651 = placebo arm, not the n=327 ada arm) per the NMA single-anchor methodology -- ada-vs-placebo enters via FIN",
JAKI_RA_NMA_REVIEW.html,FINCH-1,NCT02889796,31334793,III,2021,366,475,238,475,EQUAL_ARMS,"Filgotinib 200 mg daily | JAK1-selective (MTX-IR RA; 3-arm with Ada; ACR20 wk 12 vs placebo, OR)",
JAKI_RA_NMA_REVIEW.html,FINCH-1 (Ada arm),,,III,2021,231,325,238,475,,"Adalimumab 40 mg Q2W SC | Anti-TNF active comparator (from FINCH-1 Ada arm; ACR20 wk 12 vs placebo, OR)",
KRAS_G12C_NMA_REVIEW.html,CodeBreaK 200,NCT04303780,37582415,III,2023,0,171,0,174,,"KRAS-G12C+ pretreated NSCLC, sotorasib 960 mg PO QD vs docetaxel (PFS primary)",
KRAS_G12C_NMA_REVIEW.html,KRYSTAL-12,NCT04685135,38937977,III,2024,0,301,0,152,,"KRAS-G12C+ pretreated NSCLC, adagrasib 600 mg PO BID vs docetaxel (PFS primary)",
LEBRIKIZUMAB_AD_REVIEW.html,ADvocate1,NCT04146363,36920778,III,2023,91,211,18,141,,"Moderate-severe AD, lebrikizumab 250 mg Q2W vs placebo (monotherapy, 3:1 randomization)",
LEBRIKIZUMAB_AD_REVIEW.html,ADvocate2,NCT04178967,36920778,III,2023,70,211,15,142,,"Moderate-severe AD, lebrikizumab 250 mg Q2W vs placebo (monotherapy, 3:1 randomization)",
LEBRIKIZUMAB_AD_REVIEW.html,ADhere,NCT04250337,36630094,III,2023,60,145,15,66,,"Moderate-severe AD, lebrikizumab + topical corticosteroid vs placebo + TCS (2:1 randomization)",
LENACAPAVIR_PREP_REVIEW.html,PURPOSE-1,NCT04994509,39046157,III,2024,0,2134,39,3204,BIG_TRIAL,"Cisgender women and adolescent girls, sub-Saharan Africa, lenacapavir 927 mg SC Q6M vs daily oral F/TAF or F/TDF",
LENACAPAVIR_PREP_REVIEW.html,PURPOSE-2,NCT04925752,39602624,III,2024,2,2180,9,1087,BIG_TRIAL,"Cisgender men, transgender women, transgender men, non-binary people who have sex with men; lenacapavir SC Q6M vs daily oral F/TDF (Truvada)",
LU_PSMA_MCRPC_REVIEW.html,VISION,NCT03511664,34161051,III,2021,102,551,130,280,,"Post-ARPI + post-taxane PSMA+ mCRPC, 177Lu-PSMA-617 + SoC vs SoC alone (rPFS HR)",
LU_PSMA_MCRPC_REVIEW.html,PSMAfore,NCT04689828,39293462,III,2024,65,234,150,234,EQUAL_ARMS,"Post-ARPI, taxane-naive PSMA+ mCRPC, 177Lu-PSMA-617 vs ARPI switch (rPFS HR, primary)",
MALARIA_VACCINES_NMA_REVIEW.html,"RTS,S Phase 3",NCT00866619,25913272,III,2015,2960,5949,4165,5950,BIG_TRIAL,"RTS,S/AS01 4-dose schedule (3-dose primary + 18-month booster) vs rabies-vaccine control in children 5-17 months at first dose; multi-country (Burkina Faso, Gabon, Ghana, Kenya, Malawi, Mozambique, Tanzania); cumulative incidence to month 48",
MALARIA_VACCINES_NMA_REVIEW.html,R21 Phase 2b,NCT03896724,33964223,III,2021,38,150,105,150,EQUAL_ARMS,R21/Matrix-M (Matrix-M 50 ug high-dose adjuvant) 3-dose primary series vs rabies-vaccine control in children 5-17 months in Burkina Faso (Nanoro); 12-month follow-up,
MALARIA_VACCINES_NMA_REVIEW.html,R21 Phase 3,NCT04704830,38346856,III,2024,400,1601,1199,1599,BIG_TRIAL,"R21/Matrix-M 3-dose primary + booster vs rabies-vaccine control; multi-country (Burkina Faso, Kenya, Mali, Tanzania); 12-month efficacy in children 5-36 months",
MAVACAMTEN_HCM_REVIEW.html,EXPLORER-HCM,NCT03470545,32871100,III,2020,45,123,22,128,,oHCM,
MAVACAMTEN_HCM_REVIEW.html,VALOR-HCM,NCT04349072,37639243,III,2022,48,56,10,56,EQUAL_ARMS,Pre-SRT,
MAVACAMTEN_HCM_REVIEW.html,Chinese Phase 3,NCT05174416,37804245,III,2023,31,54,5,27,,Chinese oHCM,
MIGRAINE_ACUTE_NMA_REVIEW.html,ACHIEVE I,,31816158,III,2019,122,422,64,432,,"Acute migraine attack, ubrogepant 100 mg PO single-dose vs placebo (pain freedom at 2 h; RR)",
MIGRAINE_ACUTE_NMA_REVIEW.html,ACHIEVE II,NCT03235479,31821278,III,2019,91,464,60,456,,"Acute migraine attack, ubrogepant 50 mg PO single-dose vs placebo (pain freedom at 2 h; RR)",
MIGRAINE_ACUTE_NMA_REVIEW.html,SAMURAI,,31466997,III,2019,174,583,86,575,BIG_TRIAL,"Acute migraine attack, lasmiditan 200 mg PO single-dose vs placebo (pain freedom at 2 h; RR)",
MIGRAINE_ACUTE_NMA_REVIEW.html,Rimegepant Study 303,NCT03872453,30699266,III,2019,92,543,49,541,BIG_TRIAL,"Acute migraine attack, rimegepant 75 mg PO ODT single-dose vs placebo (pain freedom at 2 h; RR)",
MIRIKIZUMAB_UC_REVIEW.html,LUCENT-1,NCT03518086,37379135,III,2023,210,868,39,294,BIG_TRIAL,"Moderate-severe UC, mirikizumab 300 mg IV wk 0/4/8 vs placebo induction (wk 12, clinical remission)",
MIRIKIZUMAB_UC_REVIEW.html,LUCENT-2,NCT03524092,37379135,III,2023,182,365,45,179,,"LUCENT-1 responders, mirikizumab 200 mg SC Q4W vs placebo maintenance (wk 40, clinical remission)",
MIRVETUXIMAB_OVARIAN_REVIEW.html,MIRASOL,NCT04209855,38567989,III,2024,0,227,0,226,,"Platinum-resistant high-FR-alpha ovarian cancer, mirvetuximab soravtansine vs investigator\'s choice chemo (PFS primary)",
MITAPIVAT_THALASSEMIA_REVIEW.html,ENERGIZE,NCT04770753,39349100,III,2024,81,130,1,64,,"Non-transfusion-dependent alpha/beta-thalassemia, mitapivat 100 mg PO BID vs placebo (Hb response wk 12-24 primary)",
MITRAL_FUNCMR_REVIEW.html,COAPT,NCT01626079,30280640,III,2018,151,302,212,312,,HFrEF + 3+/4+ functional MR,
MITRAL_FUNCMR_REVIEW.html,MITRA-FR,NCT01920698,30145927,III,2018,83,152,78,155,,HFrEF + severe functional MR (French),
MITRAL_FUNCMR_REVIEW.html,RESHAPE-HF2,NCT02444338,39216092,IV,2024,139,255,170,250,,HFrEF/HFmrEF + moderate-severe functional MR,
MM_1L_NMA_REVIEW.html,MAIA,NCT02252172,30790663,III,2019,99,368,152,369,,"Newly-diagnosed MM, transplant-ineligible, daratumumab + lenalidomide + dex vs Rd (PFS; HR)",
MM_1L_NMA_REVIEW.html,ALCYONE,NCT02195479,29231133,III,2018,88,350,156,356,,"Newly-diagnosed MM, transplant-ineligible, daratumumab + VMP vs VMP (PFS; HR)",
MM_1L_NMA_REVIEW.html,CASSIOPEIA,NCT02541383,31171419,III,2019,60,543,122,542,BIG_TRIAL,"Newly-diagnosed MM, transplant-eligible, daratumumab + VTd vs VTd (sCR post-consolidation; HR for PFS)",
MM_1L_NMA_REVIEW.html,IMROZ,NCT03319667,38842558,III,2024,64,265,102,265,EQUAL_ARMS,"Newly-diagnosed MM, transplant-ineligible, isatuximab + VRd vs VRd (PFS; HR)",
NEOADJUVANT_IO_NSCLC_REVIEW.html,CheckMate-816,NCT02998528,35403841,III,2022,109,179,124,179,EQUAL_ARMS,"Neoadjuvant nivolumab + platinum-doublet chemotherapy x3 cycles vs neoadjuvant chemotherapy alone, resectable stage IB-IIIA NSCLC; co-primary EFS + pCR",
NEOADJUVANT_IO_NSCLC_REVIEW.html,KEYNOTE-671,NCT03425643,37272513,III,2023,169,397,235,400,ROUND_HUNDRED_CN,Neoadjuvant pembrolizumab + chemo x4 cycles + adjuvant pembrolizumab x13 cycles vs neoadjuvant chemo + adjuvant placebo; resectable stage II-IIIB NSCLC; co-primary EFS + OS,
NEOADJUVANT_IO_NSCLC_REVIEW.html,AEGEAN,NCT03800134,37870974,III,2023,162,401,213,401,EQUAL_ARMS,Neoadjuvant durvalumab + chemo x4 cycles + adjuvant durvalumab x12 cycles vs neoadjuvant chemo + adjuvant placebo; resectable stage II-IIIB NSCLC; primary EFS + pCR,
NIRSEVIMAB_INFANT_RSV_REVIEW.html,Nirsevimab Phase 2b,,32726528,IIb,2020,25,969,46,484,BIG_TRIAL,"Healthy preterm infants (29-35 wk GA), nirsevimab 50 mg IM single dose vs placebo (Day 150)",
NIRSEVIMAB_INFANT_RSV_REVIEW.html,MELODY,NCT03979313,35235726,III,2022,12,994,25,496,BIG_TRIAL,"Healthy late-preterm and term infants (>=35 wk GA), nirsevimab 50 or 100 mg IM single dose vs placebo (Day 150)",
NIRSEVIMAB_INFANT_RSV_REVIEW.html,HARMONIE,NCT05110261,,IIIb,2024,11,4037,60,4021,BIG_TRIAL,"Infants <=12 mo entering first RSV season, nirsevimab single dose vs no intervention (open-label effectiveness)",
OBESITY_DRUGS_NMA_REVIEW.html,SURMOUNT-1,NCT04184622,35658024,III,2022,1812,2519,31,643,BIG_TRIAL,"Overweight/obesity without DM, tirzepatide 15 mg SC weekly vs placebo (>=5% weight loss at 72 wk; OR)",
OBESITY_DRUGS_NMA_REVIEW.html,STEP 1,NCT03548935,33567185,III,2021,1047,1306,138,655,BIG_TRIAL,"Overweight/obesity without DM, semaglutide 2.4 mg SC weekly vs placebo (>=5% weight loss at 68 wk; OR)",
OBESITY_DRUGS_NMA_REVIEW.html,SCALE Obesity,NCT01865305,26132939,III,2015,1257,2487,376,1244,BIG_TRIAL,"Overweight/obesity without DM, liraglutide 3.0 mg SC daily vs placebo (>=5% weight loss at 56 wk; OR)",
OSIMERTINIB_EGFR_NSCLC_REVIEW.html,AURA3,NCT02151981,27959700,III,2017,140,279,110,140,,Osimertinib 80 mg QD vs platinum + pemetrexed chemotherapy in T790M-positive EGFR-mutant NSCLC after first-line EGFR-TKI failure; primary endpoint PFS,
OSIMERTINIB_EGFR_NSCLC_REVIEW.html,FLAURA,NCT02296125,29151359,III,2018,136,279,206,277,,Osimertinib 80 mg QD vs gefitinib 250 mg QD or erlotinib 150 mg QD in treatment-naive advanced EGFR-mutant NSCLC (1st line); primary endpoint PFS,
OSIMERTINIB_EGFR_NSCLC_REVIEW.html,ADAURA,NCT02511106,32955177,III,2020,26,339,130,343,,Adjuvant osimertinib 80 mg QD x 3 years vs placebo after complete resection of stage IB-IIIA EGFR-mutant NSCLC and adjuvant chemotherapy if indicated; primary endpoint DFS,
OSIMERTINIB_EGFR_NSCLC_REVIEW.html,FLAURA2,NCT04035486,37937763,III,2023,153,279,199,278,,Osimertinib + platinum-pemetrexed chemotherapy vs osimertinib monotherapy in treatment-naive advanced EGFR-mutant NSCLC; primary endpoint PFS,
PAH_THERAPY_NMA_REVIEW.html,STELLAR,NCT04576988,36877098,III,2023,9,163,42,160,,"PAH on background standard therapy, sotatercept vs placebo (composite clinical worsening at 24 wk; HR)",
PAH_THERAPY_NMA_REVIEW.html,GRIPHON,NCT01106014,26699168,III,2015,155,574,242,582,BIG_TRIAL,"PAH on background therapy, selexipag vs placebo (composite morbidity/mortality; HR)",
PAH_THERAPY_NMA_REVIEW.html,PATENT-1,NCT00810693,23883378,III,2013,23,254,21,126,,"PAH treatment-naive or on ERA/prostanoid background, riociguat 2.5 mg PO TID vs placebo (composite clinical worsening at 12 wk; HR)",
PAH_THERAPY_NMA_REVIEW.html,SERAPHIN,NCT00660179,23984728,III,2013,116,242,116,250,,"PAH (treatment-naive or on background therapy), macitentan 10 mg PO daily vs placebo (composite morbidity/mortality; HR)",
PARP_ARPI_MCRPC_REVIEW.html,PROpel,NCT03732820,37714168,III,2022,150,399,226,397,,"1L mCRPC, olaparib + abiraterone vs placebo + abiraterone (rPFS HR)",
PARP_ARPI_MCRPC_REVIEW.html,MAGNITUDE,NCT03748641,37399894,III,2023,101,212,137,211,,"1L mCRPC HRR+, niraparib + abiraterone vs placebo + abiraterone (rPFS HR)",
PARP_ARPI_MCRPC_REVIEW.html,TALAPRO-2,NCT03395197,37285865,III,2023,146,402,230,403,,"1L mCRPC (ITT, HRR-unselected primary cohort), talazoparib + enzalutamide vs placebo + enzalutamide (rPFS HR)",
PARP_OVARIAN_REVIEW.html,SOLO-1,NCT01844986,30345884,III,2018,102,260,96,131,,"BRCA+ high-grade ovarian cancer, 1st-line maintenance olaparib vs placebo",
PARP_OVARIAN_REVIEW.html,PAOLA-1,NCT02477644,31851799,III,2019,244,537,181,269,,"All-comer high-grade ovarian, 1st-line maintenance olaparib + bevacizumab vs placebo + bevacizumab",
PARP_OVARIAN_REVIEW.html,PRIMA,NCT02655016,31562799,III,2019,350,487,241,246,,"All-comer high-grade ovarian, 1st-line maintenance niraparib vs placebo",
PBC_PPAR_REVIEW.html,ELATIVE,NCT04526665,37962077,III,2024,55,108,2,53,,"UDCA-inadequate-response PBC, elafibranor 80 mg PO daily vs placebo (wk 52, biochemical response RR)",
PBC_PPAR_REVIEW.html,RESPONSE,NCT04620733,,III,2024,81,130,13,63,,"UDCA-inadequate-response PBC, seladelpar 10 mg PO daily vs placebo (month 12, biochemical response RR)",
PCSK9_LIPID_NMA_REVIEW.html,IMPROVE-IT,NCT01327846,28845751,III,2015,2572,9067,2742,9077,BIG_TRIAL,Ezetimibe 10 mg + simvastatin 40 mg vs simvastatin 40 mg (post-ACS; IMPROVE-IT; primary composite CV death/MI/UA hosp/revasc/stroke),
PCSK9_LIPID_NMA_REVIEW.html,FOURIER,NCT01764633,28304224,III,2017,1344,13784,1563,13780,BIG_TRIAL,Evolocumab 140 mg q2w or 420 mg monthly + statin vs placebo + statin (established CVD; FOURIER; 3P+UA+coronary-revasc MACE),
PCSK9_LIPID_NMA_REVIEW.html,ODYSSEY-OUTCOMES,NCT01663402,30403574,III,2018,903,9462,1052,9462,EQUAL_ARMS;BIG_TRIAL,Alirocumab 75 mg q2w (titrated to 150 mg if LDL-C>50) + statin vs placebo + statin (post-ACS; ODYSSEY-OUTCOMES; 4P-MACE),
PCSK9_LIPID_NMA_REVIEW.html,CLEAR-OUTCOMES,NCT02993406,36876740,III,2023,819,6992,927,6978,BIG_TRIAL,Bempedoic acid 180 mg daily vs placebo (statin-intolerant; CLEAR-OUTCOMES; 4P-MACE),
PCSK9_REVIEW.html,FOURIER,,,III,2017,1344,13784,1563,13780,BIG_TRIAL,Evolocumab,
PCSK9_REVIEW.html,ODYSSEY OUTCOMES,,,III,2018,903,9462,1052,9462,EQUAL_ARMS;BIG_TRIAL,Alirocumab,
PI3K_AKT_BC_REVIEW.html,SOLAR-1,NCT02437318,31091374,III,2019,103,169,129,172,,"Alpelisib 300 mg QD + fulvestrant vs placebo + fulvestrant in PIK3CA-mutant cohort, HR+/HER2- advanced BC; primary PFS in PIK3CA-mutant",
PI3K_AKT_BC_REVIEW.html,CAPItello-291,NCT04305496,37256976,III,2023,195,355,245,353,,"Capivasertib 400 mg BID 4-on-3-off + fulvestrant vs placebo + fulvestrant in HR+/HER2- advanced BC, post-aromatase-inhibitor; primary PFS in overall and AKT-pathway-altered populations",
PI3K_AKT_BC_REVIEW.html,INAVO120,NCT04191499,39413375,III,2024,76,161,124,164,,Inavolisib 9 mg QD + palbociclib + fulvestrant vs placebo + palbociclib + fulvestrant in PIK3CA-mutant HR+/HER2- advanced BC; primary PFS,
PSA_BIOLOGICS_NMA_REVIEW.html,SPIRIT-P1,NCT01695239,27553214,III,2017,64,107,31,106,,"Biologic-naive PsA, ixekizumab Q4W vs placebo (ACR20 at week 24; RR)",
PSA_BIOLOGICS_NMA_REVIEW.html,DISCOVER-2,NCT03158285,32135126,III,2020,156,245,81,246,,"Biologic-naive PsA, guselkumab 100 mg Q8W vs placebo (ACR20 at week 24; RR)",
PSA_BIOLOGICS_NMA_REVIEW.html,BE OPTIMAL,NCT03895203,37541749,III,2023,189,431,28,281,,"Biologic-naive PsA, bimekizumab 160 mg Q4W vs placebo (ACR50 at week 16; RR)",
PSA_BIOLOGICS_NMA_REVIEW.html,SELECT-PsA 1,NCT03104400,33870643,III,2021,305,425,154,423,,"Biologic-naive PsA, upadacitinib 15 mg vs placebo (ACR20 at week 12; RR)",
RCC_1L_NMA_REVIEW.html,CheckMate 9ER,NCT03141177,33657295,III,2021,144,323,191,328,,"Advanced clear-cell RCC (1L, all IMDC risk), cabozantinib + nivolumab vs sunitinib (PFS; HR)",
RCC_1L_NMA_REVIEW.html,KEYNOTE-426,NCT02853331,30779529,III,2019,195,432,250,429,,"Advanced clear-cell RCC (1L), axitinib + pembrolizumab vs sunitinib (PFS; HR)",
RCC_1L_NMA_REVIEW.html,CLEAR,NCT02811861,33616314,III,2021,160,355,226,357,,"Advanced clear-cell RCC (1L, all IMDC risk), lenvatinib + pembrolizumab vs sunitinib (PFS; HR)",
RCC_1L_NMA_REVIEW.html,CheckMate 214,NCT02231749,29562145,III,2018,173,425,196,422,,"Advanced clear-cell RCC (1L, intermediate/poor risk), ipilimumab + nivolumab vs sunitinib (PFS; HR)",
RESMETIROM_MASH_REVIEW.html,MAESTRO-NASH,NCT03900429,38231248,III,2024,84,322,31,322,EQUAL_ARMS,"MASH F1B-F3, resmetirom 100 mg PO daily vs placebo (wk 52, NASH resolution + >=1-stage fibrosis improvement RR)",
RISANKIZUMAB_CD_REVIEW.html,ADVANCE,NCT03105128,35644154,III,2022,152,336,60,175,,"Moderate-severe CD (biologic-naive or -exposed), risankizumab 600 mg IV induction vs placebo (12 wk)",
RISANKIZUMAB_CD_REVIEW.html,MOTIVATE,NCT03104413,35644154,III,2022,103,206,38,206,EQUAL_ARMS,"Moderate-severe CD biologic-refractory, risankizumab 600 mg IV induction vs placebo (12 wk)",
RISANKIZUMAB_CD_REVIEW.html,FORTIFY,NCT03105102,35644155,III,2022,71,141,55,164,,"CD wk12 responders, risankizumab 360 mg SC Q8W vs placebo maintenance (52 wk)",
RIVAROXABAN_VASC_REVIEW.html,COMPASS,NCT01776424,28844192,III,2017,379,9152,496,9126,BIG_TRIAL,Stable CAD/PAD,
RIVAROXABAN_VASC_REVIEW.html,VOYAGER-PAD,NCT02504216,32222135,III,2020,508,3286,584,3278,BIG_TRIAL,Post-revasc PAD,
RIVAROXABAN_VASC_REVIEW.html,COMMANDER HF,NCT01877915,30146935,III,2018,626,2507,658,2515,BIG_TRIAL,HF+CAD,
RIVAROXABAN_VASC_REVIEW.html,ATLAS ACS 2,NCT00809965,22077192,III,2012,313,5174,376,5176,BIG_TRIAL,Recent ACS,
ROMOSOZUMAB_OP_REVIEW.html,FRAME,NCT01575834,27641143,III,2016,16,3589,59,3591,BIG_TRIAL,"Postmenopausal women with osteoporosis, romosozumab 210 mg SC QM vs placebo (12 mo blinded)",
ROMOSOZUMAB_OP_REVIEW.html,ARCH,NCT01631214,28892457,III,2017,127,2046,243,2047,BIG_TRIAL,"Postmenopausal women with osteoporosis and fragility fracture, romosozumab 12 mo then alendronate vs alendronate throughout (24 mo)",
ROMOSOZUMAB_OP_REVIEW.html,BRIDGE,NCT02186171,28689769,III,2018,1,163,8,82,,"Men with osteoporosis, romosozumab 210 mg SC QM vs placebo (12 mo blinded)",
RSV_VACCINE_OLDER_REVIEW.html,RENOIR,NCT05035212,37018468,III,2023,11,17215,33,17069,BIG_TRIAL,"Adults >=60, Abrysvo (RSVpreF, Pfizer) 120 mcg IM single dose vs placebo (1st RSV season)",
RSV_VACCINE_OLDER_REVIEW.html,AReSVi-006,NCT04886596,36791160,III,2023,7,12466,40,12494,BIG_TRIAL,"Adults >=60, Arexvy (AS01E-adjuvanted prefusion F, GSK) IM single dose vs placebo",
RSV_VACCINE_OLDER_REVIEW.html,ConquerRSV,NCT05127434,38091530,III,2023,9,17572,55,17516,BIG_TRIAL,"Adults >=60, mRNA-1345 (Moderna mRESVIA) 50 mcg IM single dose vs placebo",
RUSFERTIDE_PV_REVIEW.html,VERIFY,NCT05210790,39530341,III,2024,152,156,65,137,,"Phlebotomy-dependent polycythemia vera, rusfertide SC weekly vs placebo (clinical response at wk 32 primary)",
SEMAGLUTIDE_OBESITY_REVIEW.html,STEP-2,NCT03552757,33667417,III,2021,0,404,0,403,,"Obesity + T2D, semaglutide 2.4 mg SC weekly vs placebo (68-wk % weight change MD, T2D population)",
SEVERE_ASTHMA_NMA_REVIEW.html,MENSA,NCT01691521,25199059,III,2014,66,194,172,191,,Mepolizumab 100 mg SC Q4W | IL-5 mAb (severe eosinophilic asthma; vs Placebo; MENSA annualised rate ratio),
SEVERE_ASTHMA_NMA_REVIEW.html,Castro-2015-Resliz,NCT01287039,25736990,III,2015,77,464,192,477,,Reslizumab 3 mg/kg IV Q4W | IL-5 mAb (severe eosinophilic asthma; vs Placebo; Castro 2015 pooled trials annualised rate ratio),
SEVERE_ASTHMA_NMA_REVIEW.html,SIROCCO,NCT02075255,28530840,III,2016,0,398,0,407,,Benralizumab 30 mg SC Q4W-then-Q8W | IL-5Rα depleting mAb (severe eosinophilic asthma; vs Placebo; SIROCCO annualised rate ratio),
SEVERE_ASTHMA_NMA_REVIEW.html,QUEST,NCT02414854,29782217,III,2018,0,631,0,317,,Dupilumab 300 mg SC Q2W | IL-4Rα mAb (uncontrolled moderate-severe T2-high asthma; vs Placebo; QUEST annualised rate ratio),
SEVERE_ASTHMA_NMA_REVIEW.html,NAVIGATOR,NCT03347279,33979488,III,2021,0,528,0,531,BIG_TRIAL,Tezepelumab 210 mg SC Q4W | anti-TSLP mAb (severe uncontrolled asthma across phenotypes; vs Placebo; NAVIGATOR annualised rate ratio),
SGLT2_CKD_REVIEW.html,CREDENCE,NCT02065791,,III,2019,245,2202,340,2199,BIG_TRIAL,CKD+T2DM,
SGLT2_CKD_REVIEW.html,DAPA-CKD,NCT03036150,,III,2020,197,2152,312,2152,EQUAL_ARMS;BIG_TRIAL,CKD+/-DM,
SGLT2_CKD_REVIEW.html,EMPA-KIDNEY,NCT03594110,,III,2023,432,3304,558,3305,BIG_TRIAL,CKD broad,
SGLT2_HF_REVIEW.html,DAPA-HF,NCT03036124,31535829,III,2019,386,2373,502,2371,BIG_TRIAL,Dapagliflozin,
SGLT2_HF_REVIEW.html,EMPEROR-Reduced,NCT03057977,32865377,III,2020,361,1863,462,1867,BIG_TRIAL,Empagliflozin,
SGLT2_HF_REVIEW.html,EMPEROR-Preserved,NCT03057951,34449189,III,2021,415,2997,511,2991,BIG_TRIAL,Empagliflozin,
SGLT2_HF_REVIEW.html,DELIVER,NCT03619213,36029465,III,2022,512,3131,610,3132,BIG_TRIAL,Dapagliflozin,
SGLT2_HF_REVIEW.html,SOLOIST-WHF,NCT03521934,33200892,III,2021,245,608,355,614,BIG_TRIAL,Sotagliflozin,
SGLT2_MACE_CVOT_REVIEW.html,EMPA-REG OUTCOME,NCT01131676,26378978,III,2015,490,4687,282,2333,BIG_TRIAL,"T2D + established CVD, empagliflozin 10/25 mg vs placebo (3P-MACE HR)",
SGLT2_MACE_CVOT_REVIEW.html,CANVAS,NCT01032629,28605608,III,2017,561,5795,493,4347,BIG_TRIAL,"T2D + high CV risk, canagliflozin 100/300 mg vs placebo (3P-MACE HR, CANVAS Program integrated)",
SGLT2_MACE_CVOT_REVIEW.html,DECLARE-TIMI 58,NCT01730534,30415602,III,2019,756,8582,803,8578,BIG_TRIAL,"T2D + CVD/high-risk, dapagliflozin 10 mg vs placebo (3P-MACE HR - co-primary)",
SGLT2_MACE_CVOT_REVIEW.html,VERTIS-CV,NCT01986881,32966714,III,2020,653,5493,327,2747,BIG_TRIAL,"T2D + established ASCVD, ertugliflozin 5/15 mg vs placebo (3P-MACE HR - non-inferiority)",
SGLT2I_HF_NMA_REVIEW.html,DAPA-HF,NCT03036124,31535829,III,2019,386,2373,502,2371,BIG_TRIAL,Dapagliflozin 10 mg daily | SGLT2i (HFrEF LVEF ≤40%; vs placebo),
SGLT2I_HF_NMA_REVIEW.html,EMPEROR-Reduced,NCT03057977,32865377,III,2020,361,1863,462,1867,BIG_TRIAL,Empagliflozin 10 mg daily | SGLT2i (HFrEF LVEF ≤40%; vs placebo),
SGLT2I_HF_NMA_REVIEW.html,EMPEROR-Preserved,NCT03057951,34449189,III,2021,415,2997,511,2991,BIG_TRIAL,Empagliflozin 10 mg daily | SGLT2i (HFpEF/HFmrEF LVEF >40%; vs placebo),
SGLT2I_HF_NMA_REVIEW.html,DELIVER,NCT03619213,36029465,III,2022,512,3131,610,3132,BIG_TRIAL,Dapagliflozin 10 mg daily | SGLT2i (HFpEF/HFmrEF LVEF >40%; vs placebo),
SGLT2I_HF_NMA_REVIEW.html,SOLOIST-WHF,NCT03521934,33200892,III,2021,245,608,355,614,BIG_TRIAL,Sotagliflozin 200-400 mg daily | Dual SGLT1/2i (T2D + recent HF hospitalisation; vs placebo),
SGLT2I_HF_NMA_REVIEW.html,SCORED,NCT03315143,33200891,III,2021,400,5292,539,5292,EQUAL_ARMS;BIG_TRIAL,Sotagliflozin 200-400 mg daily | Dual SGLT1/2i (T2D + CKD + CV risk; vs placebo),
SOTAGLIFLOZIN_HF_REVIEW.html,SOLOIST-WHF,NCT03521934,33200892,III,2021,245,608,355,614,BIG_TRIAL,"T2D + recent worsening HF hospitalisation, sotagliflozin 200-400 mg/day vs placebo (CV death / HF hosp / urgent HF visit HR)",
SOTAGLIFLOZIN_HF_REVIEW.html,SCORED,NCT03315143,33200891,III,2021,400,5292,540,5292,EQUAL_ARMS;BIG_TRIAL,"T2D + CKD stage 3-4 with CV risk factors, sotagliflozin 200-400 mg/day vs placebo (CV death / HF hosp / urgent HF visit HR)",
SOTATERCEPT_PAH_REVIEW.html,STELLAR,NCT04576988,36877098,III,2023,9,163,42,160,,"PAH on background standard therapy, sotatercept vs placebo (composite clinical worsening at 24 wk, HR)",
SPARSENTAN_IGAN_REVIEW.html,PROTECT,NCT03762850,37182529,III,2023,0,202,0,200,ROUND_HUNDRED_CN,"Adults with primary IgA nephropathy on RAS blockade, sparsentan 400 mg vs irbesartan 300 mg (week 36 UPCR ratio interim primary; week 110 eGFR slope final)",
SPONDYLOARTHRITIS_NMA_REVIEW.html,MEASURE 4,,29152639,III,2018,49,116,23,117,,"Active ankylosing spondylitis, secukinumab 150 mg vs placebo (ASAS40 at week 16; RR)",
SPONDYLOARTHRITIS_NMA_REVIEW.html,BE MOBILE 1,NCT03175588,37541748,III,2023,122,254,50,132,,"Active non-radiographic axSpA, bimekizumab 160 mg Q4W vs placebo (ASAS40 at week 16; RR)",
SPONDYLOARTHRITIS_NMA_REVIEW.html,BE MOBILE 2,NCT04790670,37541748,III,2023,175,332,48,110,,"Active radiographic axSpA / AS, bimekizumab 160 mg Q4W vs placebo (ASAS40 at week 16; RR)",
SPONDYLOARTHRITIS_NMA_REVIEW.html,SELECT-AXIS 2,NCT04025684,36029795,III,2022,111,211,36,209,,"Active r-axSpA / AS with biologic-naive or TNFi-IR, upadacitinib 15 mg vs placebo (ASAS40 at week 14; RR)",
TARLATAMAB_SCLC_REVIEW.html,DeLLphi-301,NCT05060016,37861213,II,2023,40,100,,,ROUND_HUNDRED_TN,"Pretreated SCLC, tarlatamab 10 mg IV Q2W (registrational arm; ORR primary, single-arm)",
TAVR_LOWRISK_REVIEW.html,PARTNER 3,NCT02675114,30883058,IV,2019,42,496,68,454,,"Low-risk symptomatic severe AS (STS <4%), SAPIEN 3 TAVR vs SAVR",
TAVR_LOWRISK_REVIEW.html,Evolut Low Risk,NCT02701283,30883053,IV,2019,38,725,49,678,BIG_TRIAL,"Low-risk symptomatic severe AS (STS <3%), Evolut self-expanding TAVR vs SAVR",
TAVR_LOWRISK_REVIEW.html,NOTION,NCT01057173,25787196,III,2015,19,145,22,135,,"Elderly (>=70y) low-risk AS, CoreValve TAVR vs SAVR",
TDXD_HER2LOW_BC_REVIEW.html,DESTINY-Breast04,NCT03734029,35665782,III,2022,172,373,130,184,,"Previously-treated HER2-low metastatic BC, T-DXd 5.4 mg/kg Q3W vs physician-choice chemo",
TDXD_HER2LOW_BC_REVIEW.html,DESTINY-Breast06,NCT04494425,39282896,III,2024,224,436,236,430,,"HR+ HER2-low or HER2-ultralow mBC post-endocrine, T-DXd vs chemo (PFS primary)",
TEPLIZUMAB_T1D_REVIEW.html,TN-10,NCT01030861,31180194,II,2019,19,44,23,32,,"Stage 2 (pre-clinical) T1D in autoantibody-positive relatives, teplizumab 14-day course vs placebo (time to Stage 3 T1D diagnosis HR)",
TIRZEPATIDE_T2D_REVIEW.html,SURPASS-2,NCT03987919,34170647,III,2021,0,470,0,469,,"T2D, tirzepatide 15 mg SC weekly vs semaglutide 1 mg SC weekly (head-to-head, 40-wk HbA1c MD)",
TIRZEPATIDE_T2D_REVIEW.html,SURPASS-4,NCT03730662,34672967,III,2021,0,997,0,1000,ROUND_HUNDRED_CN;BIG_TRIAL,"T2D + high CV risk, tirzepatide 15 mg SC weekly vs insulin glargine (52-wk HbA1c MD; 3P-MACE adjudicated, CV signal)",
TNK_VS_TPA_STROKE_REVIEW.html,NOR-TEST,NCT01949948,28780236,III,2017,358,549,330,542,BIG_TRIAL,"AIS <=4.5 h, tenecteplase 0.4 mg/kg vs alteplase 0.9 mg/kg (90-day mRS 0-1 RR, non-inferiority)",
TNK_VS_TPA_STROKE_REVIEW.html,AcT,NCT03889249,35779553,III,2022,296,802,266,765,BIG_TRIAL,"AIS <=4.5 h, tenecteplase 0.25 mg/kg vs alteplase 0.9 mg/kg (90-day mRS 0-1 RR, non-inferiority)",
TNK_VS_TPA_STROKE_REVIEW.html,TRACE-2,NCT04797013,36774935,III,2023,439,708,415,700,ROUND_HUNDRED_CN;BIG_TRIAL,"AIS <=4.5 h in China, tenecteplase 0.25 mg/kg vs alteplase 0.9 mg/kg (90-day mRS 0-1 RR, non-inferiority)",
TNK_VS_TPA_STROKE_REVIEW.html,EXTEND-IA TNK,NCT02388061,29694815,III,2018,22,101,10,101,EQUAL_ARMS,"LVO pre-thrombectomy AIS, tenecteplase 0.25 mg/kg vs alteplase 0.9 mg/kg (substantial reperfusion RR primary)",
TNK_VS_TPA_STROKE_REVIEW.html,NOR-TEST 2 Part A,NCT03854500,35525250,III,2022,66,102,78,101,,"Moderate-severe AIS, tenecteplase 0.4 mg/kg vs alteplase (terminated early for harm; 90-day mRS 0-1 RR)",
TNK_VS_TPA_STROKE_REVIEW.html,ATTEST-2,NCT02814409,39424558,III,2024,320,727,305,739,BIG_TRIAL,"AIS <=4.5 h, tenecteplase 0.25 mg/kg vs alteplase 0.9 mg/kg (UK pragmatic, 90-day mRS 0-1 RR)",
TOFACITINIB_UC_REVIEW.html,OCTAVE Induction 1,NCT01465763,28467869,III,2017,88,476,10,122,,"Tofacitinib 10 mg BID vs placebo, 8-week induction in moderate-severe UC; primary clinical remission at week 8 (Mayo)",
TOFACITINIB_UC_REVIEW.html,OCTAVE Induction 2,NCT01458951,28467869,III,2017,71,429,4,112,,"Tofacitinib 10 mg BID vs placebo, 8-week induction in moderate-severe UC; primary clinical remission at week 8 (Mayo)",
TOFACITINIB_UC_REVIEW.html,OCTAVE Sustain,NCT01458574,28467869,III,2017,80,197,22,198,,"Tofacitinib 10 mg BID vs placebo, 52-week maintenance in induction-responders to moderate-severe UC; primary clinical remission at week 52",
TYVAC_TYPHOID_REVIEW.html,TyVAC Nepal,NCT03158961,31800954,III,2019,7,10005,38,10014,BIG_TRIAL,"Cluster-RCT in Lalitpur, Nepal; 9 months - 16 years; Vi-TT vs MenA conjugate vaccine; primary blood-culture confirmed typhoid fever",
TYVAC_TYPHOID_REVIEW.html,TyVAC Bangladesh,NCT03527355,34384550,III,2021,38,20662,162,20662,EQUAL_ARMS;BIG_TRIAL,"Cluster-RCT in Dhaka, Bangladesh; 9 months - <16 years; Vi-TT vs MenA conjugate vaccine; primary blood-culture confirmed typhoid fever",
TYVAC_TYPHOID_REVIEW.html,TyVAC Malawi,NCT03299426,34525286,III,2021,12,14069,62,14061,BIG_TRIAL,"Cluster-RCT in Blantyre, Malawi; 9 months - 12 years; Vi-TT vs MenA conjugate vaccine; primary blood-culture confirmed typhoid fever",
UC_BIOLOGICS_NMA_REVIEW.html,ACT-1,NCT00036439,16339095,III,2005,46,121,18,121,EQUAL_ARMS,"Infliximab 5 mg/kg IV (0, 2, 6 wk) | TNFi (moderate-severe UC; vs Placebo; ACT-1 wk 8 clinical remission)",
UC_BIOLOGICS_NMA_REVIEW.html,ULTRA-2,NCT00408629,,III,2012,41,248,23,246,,Adalimumab 160/80/40 mg SC induction | TNFi (moderate-severe UC; vs Placebo; ULTRA-2 wk 8 remission),
UC_BIOLOGICS_NMA_REVIEW.html,PURSUIT-SC,NCT00488774,26119226,III,2014,59,331,20,331,EQUAL_ARMS,Golimumab 200/100 mg SC induction | TNFi (moderate-severe UC; vs Placebo; PURSUIT-SC wk 6 remission),
UC_BIOLOGICS_NMA_REVIEW.html,GEMINI-1,NCT00783718,23964932,III,2013,41,225,12,149,,"Vedolizumab 300 mg IV induction (wk 0, 2) | Integrin (moderate-severe UC; vs Placebo; GEMINI-1 wk 6 remission)",
UC_BIOLOGICS_NMA_REVIEW.html,UNIFI-induction,NCT02407236,31553833,III,2019,49,322,17,319,,Ustekinumab 6 mg/kg IV induction | IL-12/23 (moderate-severe UC; vs Placebo; UNIFI wk 8 remission),
UC_BIOLOGICS_NMA_REVIEW.html,OCTAVE-1,NCT01465763,28467869,III,2017,88,476,10,122,,Tofacitinib 10 mg PO BID induction | JAKi (moderate-severe UC; vs Placebo; OCTAVE-1 wk 8 remission),
UC_BIOLOGICS_NMA_REVIEW.html,U-ACHIEVE,NCT02819635,35644166,III,2022,83,319,7,154,,Upadacitinib 45 mg PO daily x8 wk induction | JAKi (moderate-severe UC; vs Placebo; U-ACHIEVE wk 8 remission),
UC_BIOLOGICS_NMA_REVIEW.html,TRUE-NORTH,NCT03265522,,III,2021,80,429,13,216,,Ozanimod 1 mg PO daily induction | S1P modulator (moderate-severe UC; vs Placebo; TRUE-NORTH wk 10 remission),
UC_BIOLOGICS_NMA_REVIEW.html,LUCENT-1,NCT03518086,37379135,III,2023,210,868,57,294,BIG_TRIAL,"Mirikizumab 300 mg IV induction (wk 0, 4, 8) | IL-23p19 (moderate-severe UC; vs Placebo; LUCENT-1 wk 12 remission)",
UPADACITINIB_CD_REVIEW.html,U-EXCEL,NCT03345849,37224198,III,2023,130,263,77,263,EQUAL_ARMS,"Moderate-severe CD (biologic-naive or -exposed), upadacitinib 45 mg PO QD induction vs placebo (wk 12, clinical remission)",
UPADACITINIB_CD_REVIEW.html,U-EXCEED,NCT03345836,37224198,III,2023,96,247,52,248,,"Moderate-severe CD biologic-failure, upadacitinib 45 mg PO QD induction vs placebo (wk 12)",
UPADACITINIB_CD_REVIEW.html,U-ENDURE,NCT03345823,37224198,III,2023,94,252,34,250,,"CD wk12 responders, upadacitinib 30 mg PO QD vs placebo maintenance (wk 52)",
VENETOCLAX_AML_REVIEW.html,VIALE-A,NCT02993523,32786187,III,2020,161,286,109,145,,"Untreated AML ineligible for intensive chemo, venetoclax + azacitidine vs azacitidine + placebo",
VENETOCLAX_AML_REVIEW.html,VIALE-C,NCT03069352,32219442,III,2020,78,143,45,68,,"Untreated AML unfit for intensive chemo, venetoclax + LDAC vs LDAC + placebo (6-month add-on follow-up analysis)",
VENETOCLAX_CLL_REVIEW.html,CLL14,NCT02242942,31141626,III,2019,50,216,93,216,EQUAL_ARMS,Venetoclax + obinutuzumab (12 months) vs chlorambucil + obinutuzumab in previously-untreated CLL with comorbidities; primary endpoint PFS,
VENETOCLAX_CLL_REVIEW.html,MURANO,NCT02005471,29562156,III,2018,32,194,114,195,,Venetoclax + rituximab (24 months) vs bendamustine + rituximab in relapsed/refractory CLL; primary endpoint PFS,
VENETOCLAX_CLL_REVIEW.html,CLL13/GAIA,NCT02950051,37069088,III,2023,53,229,79,229,EQUAL_ARMS,Venetoclax + obinutuzumab (12 months) vs standard chemoimmunotherapy (FCR / BR by age) in previously-untreated fit CLL without TP53 aberrations; primary endpoint PFS (Ven+G vs CIT arm),
VOCLOSPORIN_LN_REVIEW.html,AURORA 1,NCT03021499,33971155,III,2021,73,179,40,178,,"Active lupus nephritis class III/IV/V, voclosporin 23.7 mg PO BID + MMF + steroid taper vs placebo + MMF + steroid taper (complete renal response at 52 wk, OR)",
VORASIDENIB_GLIOMA_REVIEW.html,INDIGO,NCT04164901,37272516,III,2023,28,168,67,163,,"IDH1/2-mutant grade 2 oligodendroglioma or astrocytoma post-resection, vorasidenib 40 mg PO daily vs placebo (PFS HR)",
VUTRISIRAN_ATTR_REVIEW.html,HELIOS-B,NCT04153149,39213189,III,2024,84,326,113,329,,"ATTR-CM (wild-type or hereditary), vutrisiran 25 mg SC Q3M vs placebo (composite ACM + recurrent CV events HR)",
ZOLBETUXIMAB_GASTRIC_REVIEW.html,SPOTLIGHT,NCT03504397,37068501,III,2023,0,283,0,282,,"CLDN18.2+ HER2- gastric/GEJ adenocarcinoma 1L, zolbetuximab + mFOLFOX6 vs placebo + mFOLFOX6 (PFS primary)",
ZOLBETUXIMAB_GASTRIC_REVIEW.html,GLOW,NCT03653507,37710001,III,2023,0,254,0,253,,"CLDN18.2+ HER2- gastric/GEJ adenocarcinoma 1L, zolbetuximab + CAPOX vs placebo + CAPOX (replicate; PFS primary)",
