dashboard,trial_name,current_pmid,snippet,parsed_surname,parsed_year,parsed_journal,query,proposed_pmid,proposed_author,proposed_year,proposed_journal,proposed_title,top_score,second_score,status,candidates,reason
ABLATION_AF_REVIEW.html,RAFT-AF,35313733,N Engl J Med 2022; 388:1-11,Engl,2022,N Engl J Med,"""RAFT-AF""[Title/Abstract] AND Engl[Author] AND 2022[PDAT]",,,,,,0,0,NO_PUBMED_HITS,,"esearch returned 0 hits for: ""RAFT-AF""[Title/Abstract] AND Engl[Author] AND 2022[PDAT]"
ACALABRUTINIB_CLL_REVIEW.html,ASCEND,30782187,Source: Ghia P et al. JCO 2020;38:2849-61 + Jurczak 2023 Am J Hematol 46-mo update (ASCEND).,Ghia,2020,Am J Hematol,"""ASCEND""[Title/Abstract] AND Ghia[Author] AND 2020[PDAT]",32459600,Ghia,2020,Journal of clinical oncology : official journal of the American Society of Clinical Oncology,"ASCEND: Phase III, Randomized Trial of Acalabrutinib Versus Idelalisib Plus Rituximab or Bendamustine Plus Rituximab in ",7,-100,UNAMBIGUOUS,"32459600(7,Ghia,2020)",author+3;year+2;acronym_in_title+2
ACORAMIDIS_ATTR_CM_REVIEW.html,ATTRibute-CM,38842402,Source: Gillmore JD et al. NEJM 2024;391:132-142 (ATTRibute-CM).,Gillmore,2024,NEJM,"""ATTRibute-CM""[Title/Abstract] AND Gillmore[Author] AND 2024[PDAT]",38197816,Gillmore,2024,The New England journal of medicine,Efficacy and Safety of Acoramidis in Transthyretin Amyloid Cardiomyopathy.,5,4,PROBABLE,"38197816(5,Gillmore,2024) | 39556242(4,Judge,2025) | 39465243(0,Razvi,2024)",top score 5 but second is 4 (delta only 1)
ADC_HER2_NMA_REVIEW.html,DESTINY-Breast03,36495879,Cortes J et al. NEJM 2022;386:1143-1154 (DESTINY-Breast03). First head-to-head ADC-vs-ADC trial in HER2+ MBC.,Cortes,2022,NEJM,"""DESTINY-Breast03""[Title/Abstract] AND Cortes[Author] AND 2022[PDAT]",35320644,Cortés,2022,The New England journal of medicine,Trastuzumab Deruxtecan versus Trastuzumab Emtansine for Breast Cancer.,5,4,PROBABLE,"35320644(5,Cortés,2022) | 36495879(4,Hurvitz,2023) | 35964548(2,Rugo,2022)",top score 5 but second is 4 (delta only 1)
AFICAMTEN_HCM_REVIEW.html,SEQUOIA-HCM,38754167,Source: Maron MS et al. NEJM 2024;390:1849-1861 (SEQUOIA-HCM).,Maron,2024,NEJM,"""SEQUOIA-HCM""[Title/Abstract] AND Maron[Author] AND 2024[PDAT]",39352339,Maron,2024,Journal of the American College of Cardiology,Impact of Aficamten on Disease and Symptom Burden in Obstructive Hypertrophic Cardiomyopathy: Results From SEQUOIA-HCM.,7,5,PROBABLE,"39352339(7,Maron,2024) | 38739079(5,Maron,2024) | 39230885(4,Lee,2024)",top score 7 but second is 5 (delta only 2)
AFLIBERCEPT_HD_REVIEW.html,PULSAR,36472472,Source: Lanzetta P et al. Lancet 2024;403:1153-1163 (PULSAR 48-wk).,Lanzetta,2024,Lancet,"""PULSAR""[Title/Abstract] AND Lanzetta[Author] AND 2024[PDAT]",38461841,Lanzetta,2024,"Lancet (London, England)",Intravitreal aflibercept 8 mg in neovascular age-related macular degeneration (PULSAR): 48-week results from a randomise,9,-100,UNAMBIGUOUS,"38461841(9,Lanzetta,2024)",author+3;year+2;journal+2;acronym_in_title+2
ALDO_SYNTHASE_NMA_REVIEW.html,BrigHTN,36302086,"Source: Freeman MW et al. NEJM 2023;388:395-405 (BrigHTN, phase 2 baxdrostat).",Freeman,2023,NEJM,"""BrigHTN""[Title/Abstract] AND Freeman[Author] AND 2023[PDAT]",36342143,Freeman,2023,The New England journal of medicine,Phase 2 Trial of Baxdrostat for Treatment-Resistant Hypertension.,5,-100,PROBABLE,"36342143(5,Freeman,2023)",top score 5 but second is -100 (delta only 105)
ALDO_SYNTHASE_NMA_REVIEW.html,Target-HTN,37690803,"Source: Laffin LJ et al. JAMA 2023;330:1140-1150 (Target-HTN, phase 2 lorundrostat).",Laffin,2023,JAMA,"""Target-HTN""[Title/Abstract] AND Laffin[Author] AND 2023[PDAT]",37690061,Laffin,2023,JAMA,Aldosterone Synthase Inhibition With Lorundrostat for Uncontrolled Hypertension: The Target-HTN Randomized Clinical Tria,9,-100,UNAMBIGUOUS,"37690061(9,Laffin,2023)",author+3;year+2;journal+2;acronym_in_title+2
ALK_NSCLC_NMA_REVIEW.html,eXalt3,34516551,Source: Horn L et al. JAMA Oncol 2021 (eXalt3 ensartinib 1L).,Horn,2021,JAMA Oncol,"""eXalt3""[Title/Abstract] AND Horn[Author] AND 2021[PDAT]",,,,,,0,0,NO_PUBMED_HITS,,"esearch returned 0 hits for: ""eXalt3""[Title/Abstract] AND Horn[Author] AND 2021[PDAT]"
ALOPECIA_JAKI_NMA_REVIEW.html,ALLEGRO-2b/3,37148884,Source: King B et al. Lancet 2023;401:1518-1529 (ALLEGRO-2b/3).,King,2023,Lancet,"""ALLEGRO-2b/3""[Title/Abstract] AND King[Author] AND 2023[PDAT]",37403610,King,2023,Immunotherapy,A plain language summary on ritlecitinib treatment for adults and adolescents with alopecia areata.,5,-100,PROBABLE,"37403610(5,King,2023)",top score 5 but second is -100 (delta only 105)
ALOPECIA_JAKI_NMA_REVIEW.html,THRIVE-AA1,37423283,Source: King B et al. Lancet 2023;402:1736-1745 (THRIVE-AA1+AA2).,King,2023,Lancet,"""THRIVE-AA1""[Title/Abstract] AND King[Author] AND 2023[PDAT]",,,,,,0,0,NO_PUBMED_HITS,,"esearch returned 0 hits for: ""THRIVE-AA1""[Title/Abstract] AND King[Author] AND 2023[PDAT]"
ALOPECIA_JAKI_NMA_REVIEW.html,THRIVE-AA2,37423283,Source: King B et al. Lancet 2023;402:1736-1745 (THRIVE-AA2).,King,2023,Lancet,"""THRIVE-AA2""[Title/Abstract] AND King[Author] AND 2023[PDAT]",,,,,,0,0,NO_PUBMED_HITS,,"esearch returned 0 hits for: ""THRIVE-AA2""[Title/Abstract] AND King[Author] AND 2023[PDAT]"
ANTI_CD20_MS_NMA_REVIEW.html,ULTIMATE I,36044451,Source: Steinman L et al. NEJM 2022;387:704-714 (ULTIMATE I).,Steinman,2022,NEJM,"""ULTIMATE I""[Title/Abstract] AND Steinman[Author] AND 2022[PDAT]",36001711,Steinman,2022,The New England journal of medicine,Ublituximab versus Teriflunomide in Relapsing Multiple Sclerosis.,5,-100,PROBABLE,"36001711(5,Steinman,2022)",top score 5 but second is -100 (delta only 105)
ANTI_CD20_MS_NMA_REVIEW.html,ULTIMATE II,36044451,Source: Steinman L et al. NEJM 2022;387:704-714 (ULTIMATE II).,Steinman,2022,NEJM,"""ULTIMATE II""[Title/Abstract] AND Steinman[Author] AND 2022[PDAT]",36001711,Steinman,2022,The New England journal of medicine,Ublituximab versus Teriflunomide in Relapsing Multiple Sclerosis.,5,-100,PROBABLE,"36001711(5,Steinman,2022)",top score 5 but second is -100 (delta only 105)
ANTIAMYLOID_AD_REVIEW.html,EMERGE,34807243,Source: Budd Haeberlein S et al. J Prev Alzheimers Dis 2022;9:197-210 (EMERGE pooled with ENGAGE).,Budd,2022,,"""EMERGE""[Title/Abstract] AND Budd[Author] AND 2022[PDAT]",,,,,,0,0,NO_PUBMED_HITS,,"esearch returned 0 hits for: ""EMERGE""[Title/Abstract] AND Budd[Author] AND 2022[PDAT]"
ANTIAMYLOID_AD_REVIEW.html,ENGAGE,34807243,Source: Budd Haeberlein S et al. J Prev Alzheimers Dis 2022;9:197-210 (EMERGE + ENGAGE). ENGAGE failed primary endpoint; pooled with EMERGE attenuates aducanumab efficacy toward null.,Budd,2022,,"""ENGAGE""[Title/Abstract] AND Budd[Author] AND 2022[PDAT]",,,,,,0,0,NO_PUBMED_HITS,,"esearch returned 0 hits for: ""ENGAGE""[Title/Abstract] AND Budd[Author] AND 2022[PDAT]"
ANTIVEGF_NAMD_NMA_REVIEW.html,VIEW-1,21051951,Heier JS et al. Ophthalmology 2012;119:2537-48 (VIEW-1). Canonical head-to-head aflibercept 2 mg Q8W vs ranibizumab 0.5 mg monthly in treatment-naive nAMD. BCVA MD scale.,Heier,2012,Ophthalmology,"""VIEW-1""[Title/Abstract] AND Heier[Author] AND 2012[PDAT]",23084240,Heier,2012,Ophthalmology,Intravitreal aflibercept (VEGF trap-eye) in wet age-related macular degeneration.,7,-100,UNAMBIGUOUS,"23084240(7,Heier,2012)",author+3;year+2;journal+2
ANTIVEGF_NAMD_NMA_REVIEW.html,VIEW-2,21051951,Heier JS et al. Ophthalmology 2012;119:2537-48 (VIEW-2).,Heier,2012,Ophthalmology,"""VIEW-2""[Title/Abstract] AND Heier[Author] AND 2012[PDAT]",23084240,Heier,2012,Ophthalmology,Intravitreal aflibercept (VEGF trap-eye) in wet age-related macular degeneration.,7,-100,UNAMBIGUOUS,"23084240(7,Heier,2012)",author+3;year+2;journal+2
ANTIVEGF_NAMD_NMA_REVIEW.html,PULSAR,36472472,Lanzetta P et al. Lancet 2024;403:1153-63 (PULSAR).,Lanzetta,2024,Lancet,"""PULSAR""[Title/Abstract] AND Lanzetta[Author] AND 2024[PDAT]",38461841,Lanzetta,2024,"Lancet (London, England)",Intravitreal aflibercept 8 mg in neovascular age-related macular degeneration (PULSAR): 48-week results from a randomise,9,-100,UNAMBIGUOUS,"38461841(9,Lanzetta,2024)",author+3;year+2;journal+2;acronym_in_title+2
ANTIVEGF_NAMD_NMA_REVIEW.html,IVAN,22470194,Chakravarthy U et al. Lancet 2013;382:1258-1267 (IVAN).,Chakravarthy,2013,Lancet,"""IVAN""[Title/Abstract] AND Chakravarthy[Author] AND 2013[PDAT]",23870813,Chakravarthy,2013,"Lancet (London, England)",Alternative treatments to inhibit VEGF in age-related choroidal neovascularisation: 2-year findings of the IVAN randomis,9,4,UNAMBIGUOUS,"23870813(9,Chakravarthy,2013) | 24070809(4,Lotery,2013)",author+3;year+2;journal+2;acronym_in_title+2
ARNI_HF_REVIEW.html,PARAGLIDE-HF,37212758,JAMA 2023; 329(12):990-1002,,2023,JAMA,"""PARAGLIDE-HF""[Title/Abstract] AND 2023[PDAT]",37210743,Vaduganathan,2023,European heart journal,Sacubitril/valsartan in heart failure with mildly reduced or preserved ejection fraction: a pre-specified participant-le,4,4,PROBABLE,"37210743(4,Vaduganathan,2023) | 36796671(4,Mentz,2023) | 37343812(2,Gangavelli,2023)",top score 4 but second is 4 (delta only 0)
ARPI_mHSPC_REVIEW.html,LATITUDE,30987939,Source: Fizazi K et al. NEJM 2017;377:352-360 (LATITUDE). Landmark abiraterone-in-mHSPC pivotal.,Fizazi,2017,NEJM,"""LATITUDE""[Title/Abstract] AND Fizazi[Author] AND 2017[PDAT]",,,,,,0,0,NO_PUBMED_HITS,,"esearch returned 0 hits for: ""LATITUDE""[Title/Abstract] AND Fizazi[Author] AND 2017[PDAT]"
ARPI_NMCRPC_REVIEW.html,ARAMIS,30806750,Source: Fizazi K et al. NEJM 2019;380:1235-1246 (ARAMIS darolutamide).,Fizazi,2019,NEJM,"""ARAMIS""[Title/Abstract] AND Fizazi[Author] AND 2019[PDAT]",30763142,Fizazi,2019,The New England journal of medicine,"Darolutamide in Nonmetastatic, Castration-Resistant Prostate Cancer.",5,4,PROBABLE,"30763142(5,Fizazi,2019) | 31571095(4,Shore,2019)",top score 5 but second is 4 (delta only 1)
ATOPIC_DERM_NMA_REVIEW.html,ARCADIA-1,36928371,Silverberg JI et al. Lancet 2024;404:445-460 (ARCADIA-1 + ARCADIA-2). Anti-IL-31R; itch-targeting. Approved 2024.,Silverberg,2024,Lancet,"""ARCADIA-1""[Title/Abstract] AND Silverberg[Author] AND 2024[PDAT]",39067461,Silverberg,2024,"Lancet (London, England)",Nemolizumab with concomitant topical therapy in adolescents and adults with moderate-to-severe atopic dermatitis (ARCADI,9,-100,UNAMBIGUOUS,"39067461(9,Silverberg,2024)",author+3;year+2;journal+2;acronym_in_title+2
ATOPIC_DERM_NMA_REVIEW.html,MeasureUp-1,35262646,Guttman-Yassky E et al. Lancet 2021;397:2151-2168 (MeasureUp-1 + MeasureUp-2). Highest-efficacy oral in AD. Approved 2022.,Guttman-Yassky,2021,Lancet,"""MeasureUp-1""[Title/Abstract] AND Guttman-Yassky[Author] AND 2021[PDAT]",,,,,,0,0,NO_PUBMED_HITS,,"esearch returned 0 hits for: ""MeasureUp-1""[Title/Abstract] AND Guttman-Yassky[Author] AND 2021[PDAT]"
ATOPIC_DERM_NMA_REVIEW.html,BREEZE-AD1,34437922,Simpson EL et al. Br J Dermatol 2020;183:242-255 (BREEZE-AD1 + BREEZE-AD2). JAK1/2 dual inhibitor. EU approval 2020; not FDA-approved for AD.,Simpson,2020,,"""BREEZE-AD1""[Title/Abstract] AND Simpson[Author] AND 2020[PDAT]",31995838,Simpson,2020,The British journal of dermatology,Baricitinib in patients with moderate-to-severe atopic dermatitis and inadequate response to topical corticosteroids: re,5,0,PROBABLE,"31995838(5,Simpson,2020) | 33222559(0,Reich,2022)",top score 5 but second is 0 (delta only 5)
ATTR_CM_NMA_REVIEW.html,ATTRibute-CM,38197859,Source: Gillmore JD et al. NEJM 2024;390:132-142 (ATTRibute-CM acoramidis).,Gillmore,2024,NEJM,"""ATTRibute-CM""[Title/Abstract] AND Gillmore[Author] AND 2024[PDAT]",38197816,Gillmore,2024,The New England journal of medicine,Efficacy and Safety of Acoramidis in Transthyretin Amyloid Cardiomyopathy.,5,4,PROBABLE,"38197816(5,Gillmore,2024) | 39556242(4,Judge,2025) | 39465243(0,Razvi,2024)",top score 5 but second is 4 (delta only 1)
ATTR_PN_NMA_REVIEW.html,NEURO-TTRansform,37815926,Source: Coelho T et al. JAMA 2023;330:1448-1458 (NEURO-TTRansform eplontersen).,Coelho,2023,JAMA,"""NEURO-TTRansform""[Title/Abstract] AND Coelho[Author] AND 2023[PDAT]",37768671,Coelho,2023,JAMA,Eplontersen for Hereditary Transthyretin Amyloidosis With Polyneuropathy.,7,7,PROBABLE,"37768671(7,Coelho,2023) | 36525140(7,Coelho,2023)",top score 7 but second is 7 (delta only 0)
AVACINCAPTAD_GA_REVIEW.html,GATHER-1,37597519,Source: Khanani AM et al. Lancet 2023;402:1432-1443 (GATHER-1).,Khanani,2023,Lancet,"""GATHER-1""[Title/Abstract] AND Khanani[Author] AND 2023[PDAT]",,,,,,0,0,NO_PUBMED_HITS,,"esearch returned 0 hits for: ""GATHER-1""[Title/Abstract] AND Khanani[Author] AND 2023[PDAT]"
AVACINCAPTAD_GA_REVIEW.html,GATHER-2,37597519,"Source: Khanani AM et al. Lancet 2023;402:1432-1443 (GATHER-2, replicate pivotal).",Khanani,2023,Lancet,"""GATHER-2""[Title/Abstract] AND Khanani[Author] AND 2023[PDAT]",,,,,,0,0,NO_PUBMED_HITS,,"esearch returned 0 hits for: ""GATHER-2""[Title/Abstract] AND Khanani[Author] AND 2023[PDAT]"
AZITHROMYCIN_CHILD_MORTALITY_REVIEW.html,AVENIR,38913641,Source: O\'Brien KS et al. NEJM 2024;390:2249-2260 (AVENIR Niger biannual azithromycin in infants).,Brien,2024,NEJM,"""AVENIR""[Title/Abstract] AND Brien[Author] AND 2024[PDAT]",,,,,,0,0,NO_PUBMED_HITS,,"esearch returned 0 hits for: ""AVENIR""[Title/Abstract] AND Brien[Author] AND 2024[PDAT]"
BEMPEDOIC_ACID_REVIEW.html,CLEAR Serenity,32609313,J Am Heart Assoc. 2019;8:e011608,Am,2019,,"""CLEAR Serenity""[Title/Abstract] AND Am[Author] AND 2019[PDAT]",,,,,,0,0,NO_PUBMED_HITS,,"esearch returned 0 hits for: ""CLEAR Serenity""[Title/Abstract] AND Am[Author] AND 2019[PDAT]"
BIMEKIZUMAB_PSORIASIS_REVIEW.html,BE-SURE,34260840,Source: Reich K et al. NEJM 2021;385:142-152 (BE-SURE bimekizumab vs adalimumab).,Reich,2021,NEJM,"""BE-SURE""[Title/Abstract] AND Reich[Author] AND 2021[PDAT]",,,,,,0,0,NO_PUBMED_HITS,,"esearch returned 0 hits for: ""BE-SURE""[Title/Abstract] AND Reich[Author] AND 2021[PDAT]"
BPAL_MDRTB_REVIEW.html,STREAM-2,36368333,"Source: Goodall RL et al. Lancet 2022;400:1858-1868 (STREAM Stage 2, Stage 2B all-oral 9-month).",Goodall,2022,Lancet,"""STREAM-2""[Title/Abstract] AND Goodall[Author] AND 2022[PDAT]",,,,,,0,0,NO_PUBMED_HITS,,"esearch returned 0 hits for: ""STREAM-2""[Title/Abstract] AND Goodall[Author] AND 2022[PDAT]"
BTKI_CLL_NMA_REVIEW.html,RESONATE-2,24881631,Burger 2015 NEJM + Barr 2022 Blood Adv (RESONATE-2 7-yr). Comparator: Clb-alone (no obinutuzumab).,Blood,2015,Blood,"""RESONATE-2""[Title/Abstract] AND Blood[Author] AND 2015[PDAT]",,,,,,0,0,NO_PUBMED_HITS,,"esearch returned 0 hits for: ""RESONATE-2""[Title/Abstract] AND Blood[Author] AND 2015[PDAT]"
BTKI_CLL_NMA_REVIEW.html,ASCEND,30782187,Ghia P et al. JCO 2020 + Jurczak W et al. Am J Hematol 2023 (ASCEND 46-mo).,Ghia,2020,Am J Hematol,"""ASCEND""[Title/Abstract] AND Ghia[Author] AND 2020[PDAT]",32459600,Ghia,2020,Journal of clinical oncology : official journal of the American Society of Clinical Oncology,"ASCEND: Phase III, Randomized Trial of Acalabrutinib Versus Idelalisib Plus Rituximab or Bendamustine Plus Rituximab in ",7,-100,UNAMBIGUOUS,"32459600(7,Ghia,2020)",author+3;year+2;acronym_in_title+2
CABOTEGRAVIR_HIV_ART_REVIEW.html,ATLAS,32130806,Source: Swindells S et al. NEJM 2020;382:1112-1123 (ATLAS).,Swindells,2020,NEJM,"""ATLAS""[Title/Abstract] AND Swindells[Author] AND 2020[PDAT]",32130809,Swindells,2020,The New England journal of medicine,Long-Acting Cabotegravir and Rilpivirine for Maintenance of HIV-1 Suppression.,5,4,PROBABLE,"32130809(5,Swindells,2020) | 33308425(4,Overton,2021) | 33136751(4,Rizzardini,2020)",top score 5 but second is 4 (delta only 1)
CABOTEGRAVIR_HIV_ART_REVIEW.html,FLAIR,32130807,Source: Orkin C et al. NEJM 2020;382:1124-1135 (FLAIR).,Orkin,2020,NEJM,"""FLAIR""[Title/Abstract] AND Orkin[Author] AND 2020[PDAT]",,,,,,0,0,NO_PUBMED_HITS,,"esearch returned 0 hits for: ""FLAIR""[Title/Abstract] AND Orkin[Author] AND 2020[PDAT]"
CABOTEGRAVIR_HIV_ART_REVIEW.html,ATLAS-2M,33523915,Source: Overton ET et al. Lancet 2021;396:1994-2005 (ATLAS-2M Q8W vs Q4W).,Overton,2021,Lancet,"""ATLAS-2M""[Title/Abstract] AND Overton[Author] AND 2021[PDAT]",33308425,Overton,2021,"Lancet (London, England)","Long-acting cabotegravir and rilpivirine dosed every 2 months in adults with HIV-1 infection (ATLAS-2M), 48-week results",9,6,UNAMBIGUOUS,"33308425(9,Overton,2021) | 34648734(6,Jaeger,2021) | 34056699(4,Chounta,2021)",author+3;year+2;journal+2;acronym_in_title+2
CAPIVASERTIB_BC_REVIEW.html,CAPItello-291,37256974,Source: Turner NC et al. N Engl J Med 2023;388:2058-2070 (CAPItello-291).,Turner,2023,N Engl J Med,"""CAPItello-291""[Title/Abstract] AND Turner[Author] AND 2023[PDAT]",37256976,Turner,2023,The New England journal of medicine,Capivasertib in Hormone Receptor-Positive Advanced Breast Cancer.,5,-100,PROBABLE,"37256976(5,Turner,2023)",top score 5 but second is -100 (delta only 105)
CARDIORENAL_DKD_NMA_REVIEW.html,FIGARO-DKD,34775784,Pitt B et al. NEJM 2021;385:2252-2263 (FIGARO-DKD). Broader DKD population; kidney composite as secondary endpoint.,Pitt,2021,NEJM,"""FIGARO-DKD""[Title/Abstract] AND Pitt[Author] AND 2021[PDAT]",34449181,Pitt,2021,The New England journal of medicine,Cardiovascular Events with Finerenone in Kidney Disease and Type 2 Diabetes.,5,4,PROBABLE,"34449181(5,Pitt,2021) | 34775784(4,Filippatos,2022)",top score 5 but second is 4 (delta only 1)
CARDIORENAL_DKD_NMA_REVIEW.html,FLOW,39222642,Perkovic V et al. NEJM 2024;391:109-121 (FLOW). First GLP-1 RA dedicated renal-outcomes trial. Extends benefit to incretin class.,Perkovic,2024,NEJM,"""FLOW""[Title/Abstract] AND Perkovic[Author] AND 2024[PDAT]",38785209,Perkovic,2024,The New England journal of medicine,Effects of Semaglutide on Chronic Kidney Disease in Patients with Type 2 Diabetes.,5,4,PROBABLE,"38785209(5,Perkovic,2024) | 39217553(4,Pratley,2024) | 38914124(4,Mann,2024)",top score 5 but second is 4 (delta only 1)
CBD_SEIZURE_REVIEW.html,GWPCARE2,29395273,Source: Miller I et al. JAMA Neurol 2020;77:613-621 (GWPCARE2 Dravet).,Miller,2020,JAMA Neurol,"""GWPCARE2""[Title/Abstract] AND Miller[Author] AND 2020[PDAT]",,,,,,0,0,NO_PUBMED_HITS,,"esearch returned 0 hits for: ""GWPCARE2""[Title/Abstract] AND Miller[Author] AND 2020[PDAT]"
CBD_SEIZURE_REVIEW.html,GWPCARE3,29768152,Source: Thiele EA et al. Lancet 2018;391:1085-1096 (GWPCARE3 LGS).,Thiele,2018,Lancet,"""GWPCARE3""[Title/Abstract] AND Thiele[Author] AND 2018[PDAT]",,,,,,0,0,NO_PUBMED_HITS,,"esearch returned 0 hits for: ""GWPCARE3""[Title/Abstract] AND Thiele[Author] AND 2018[PDAT]"
CBD_SEIZURE_REVIEW.html,GWPCARE4,32119035,Source: Devinsky O et al. NEJM 2018;378:1888-1897 (GWPCARE4 LGS).,Devinsky,2018,NEJM,"""GWPCARE4""[Title/Abstract] AND Devinsky[Author] AND 2018[PDAT]",,,,,,0,0,NO_PUBMED_HITS,,"esearch returned 0 hits for: ""GWPCARE4""[Title/Abstract] AND Devinsky[Author] AND 2018[PDAT]"
CD_BIOLOGICS_NMA_REVIEW.html,CLASSIC-1,19201775,Hanauer SB et al. Gastroenterology 2006;130:323-333 (CLASSIC-1). Adalimumab induction in TNF-naive CD.,Hanauer,2006,Gastroenterology,"""CLASSIC-1""[Title/Abstract] AND Hanauer[Author] AND 2006[PDAT]",,,,,,0,0,NO_PUBMED_HITS,,"esearch returned 0 hits for: ""CLASSIC-1""[Title/Abstract] AND Hanauer[Author] AND 2006[PDAT]"
CD_BIOLOGICS_NMA_REVIEW.html,GEMINI-2,24859203,Sandborn WJ et al. NEJM 2013;369:711-721 (GEMINI-2). Vedolizumab in CD. Remission 14.5% vs 6.8%.,Sandborn,2013,NEJM,"""GEMINI-2""[Title/Abstract] AND Sandborn[Author] AND 2013[PDAT]",23964933,Sandborn,2013,The New England journal of medicine,Vedolizumab as induction and maintenance therapy for Crohn's disease.,5,-100,PROBABLE,"23964933(5,Sandborn,2013)",top score 5 but second is -100 (delta only 105)
CDK46_MBC_REVIEW.html,MONARCH-3,28533223,Source: Goetz MP et al. J Clin Oncol 2017;35:3638-3646 (MONARCH-3); OS update Goetz JAMA Oncol 2024.,Goetz,2017,J Clin Oncol,"""MONARCH-3""[Title/Abstract] AND Goetz[Author] AND 2017[PDAT]",28968163,Goetz,2017,Journal of clinical oncology : official journal of the American Society of Clinical Oncology,MONARCH 3: Abemaciclib As Initial Therapy for Advanced Breast Cancer.,7,-100,UNAMBIGUOUS,"28968163(7,Goetz,2017)",author+3;year+2;acronym_in_title+2
CFTR_CF_REVIEW.html,VX17-445-103,31679946,Source: Middleton PG et al. NEJM 2019;381:1809-1819 (VX17-445-103 F508del/MF).,Middleton,2019,NEJM,"""VX17-445-103""[Title/Abstract] AND Middleton[Author] AND 2019[PDAT]",,,,,,0,0,NO_PUBMED_HITS,,"esearch returned 0 hits for: ""VX17-445-103""[Title/Abstract] AND Middleton[Author] AND 2019[PDAT]"
COPD_TRIPLE_REVIEW.html,IMPACT,31281061,Source: Lipson DA et al. N Engl J Med 2018;378:1671-1680 (IMPACT).,Lipson,2018,N Engl J Med,"""IMPACT""[Title/Abstract] AND Lipson[Author] AND 2018[PDAT]",34377226,Lipson,2018,Oncology nursing news,Impact of Goals of Care on Resource Use at End of Life.,7,5,PROBABLE,"34377226(7,Lipson,2018) | 29847288(5,Lipson,2019) | 29668352(5,Lipson,2018)",top score 7 but second is 5 (delta only 2)
DOAC_CANCER_VTE_REVIEW.html,SELECT-D,30786722,J Clin Oncol 2018; 36(20):2017-2023,Clin,2018,J Clin Oncol,"""SELECT-D""[Title/Abstract] AND Clin[Author] AND 2018[PDAT]",,,,,,0,0,NO_PUBMED_HITS,,"esearch returned 0 hits for: ""SELECT-D""[Title/Abstract] AND Clin[Author] AND 2018[PDAT]"
DOAC_CANCER_VTE_REVIEW.html,ADAM VTE,30898209,Blood 2020; 136(suppl 1):8-9 / J Thromb Haemost 2020; 18:3208-3217,Thromb,2020,Blood,"""ADAM VTE""[Title/Abstract] AND Thromb[Author] AND 2020[PDAT]",,,,,,0,0,NO_PUBMED_HITS,,"esearch returned 0 hits for: ""ADAM VTE""[Title/Abstract] AND Thromb[Author] AND 2020[PDAT]"
DOLUTEGRAVIR_ART_SSA_REVIEW.html,NAMSAL,31339674,Source: Calmy A et al. NEJM 2019;381:816-826 (NAMSAL ANRS 12313 Cameroon DTG vs EFV 400 mg).,Calmy,2019,NEJM,"""NAMSAL""[Title/Abstract] AND Calmy[Author] AND 2019[PDAT]",,,,,,2,-100,AMBIGUOUS,"31339676(2,Kouanfack,2019)",top score 2 is too weak (need >=4)
DOLUTEGRAVIR_ART_SSA_REVIEW.html,IMPAACT 2010,33812489,Source: Lockman S et al. Lancet 2021;397:1276-1292 (IMPAACT 2010/VESTED pregnant women DTG vs EFV).,Lockman,2021,Lancet,"""IMPAACT 2010""[Title/Abstract] AND Lockman[Author] AND 2021[PDAT]",,,,,,0,0,NO_PUBMED_HITS,,"esearch returned 0 hits for: ""IMPAACT 2010""[Title/Abstract] AND Lockman[Author] AND 2021[PDAT]"
DORAVIRINE_HIV_REVIEW.html,DRIVE-AHEAD,30985480,Source: Orkin C et al. JAIDS 2019;81:463-472 (DRIVE-AHEAD doravirine vs efavirenz).,Orkin,2019,,"""DRIVE-AHEAD""[Title/Abstract] AND Orkin[Author] AND 2019[PDAT]",30184165,Orkin,2019,Clinical infectious diseases : an official publication of the Infectious Diseases Society of America,Doravirine/Lamivudine/Tenofovir Disoproxil Fumarate is Non-inferior to Efavirenz/Emtricitabine/Tenofovir Disoproxil Fuma,7,-100,UNAMBIGUOUS,"30184165(7,Orkin,2019)",author+3;year+2;acronym_in_title+2
DORAVIRINE_HIV_REVIEW.html,DRIVE-SHIFT,30951884,Source: Johnson M et al. JAIDS 2019;81:463-472 (DRIVE-SHIFT switch to DOR/3TC/TDF FDC).,Johnson,2019,,"""DRIVE-SHIFT""[Title/Abstract] AND Johnson[Author] AND 2019[PDAT]",30985556,Johnson,2019,Journal of acquired immune deficiency syndromes (1999),Switching to Doravirine/Lamivudine/Tenofovir Disoproxil Fumarate (DOR/3TC/TDF) Maintains HIV-1 Virologic Suppression Thr,7,-100,UNAMBIGUOUS,"30985556(7,Johnson,2019)",author+3;year+2;acronym_in_title+2
ELACESTRANT_BC_REVIEW.html,EMERALD,35857818,Source: Bidard FC et al. J Clin Oncol 2022;40:3246-3256 (EMERALD).,Bidard,2022,J Clin Oncol,"""EMERALD""[Title/Abstract] AND Bidard[Author] AND 2022[PDAT]",35584336,Bidard,2022,Journal of clinical oncology : official journal of the American Society of Clinical Oncology,Elacestrant (oral selective estrogen receptor degrader) Versus Standard Endocrine Therapy for Estrogen Receptor-Positive,7,-100,UNAMBIGUOUS,"35584336(7,Bidard,2022)",author+3;year+2;acronym_in_title+2
ENSIFENTRINE_COPD_REVIEW.html,ENHANCE-1,37938943,Source: Anzueto AB et al. Am J Respir Crit Care Med 2024;209:824-834 (ENHANCE-1).,Anzueto,2024,,"""ENHANCE-1""[Title/Abstract] AND Anzueto[Author] AND 2024[PDAT]",,,,,,0,0,NO_PUBMED_HITS,,"esearch returned 0 hits for: ""ENHANCE-1""[Title/Abstract] AND Anzueto[Author] AND 2024[PDAT]"
ENSIFENTRINE_COPD_REVIEW.html,ENHANCE-2,37938943,"Source: Anzueto AB et al. Am J Respir Crit Care Med 2024;209:824-834 (ENHANCE-2, replicate pivotal).",Anzueto,2024,,"""ENHANCE-2""[Title/Abstract] AND Anzueto[Author] AND 2024[PDAT]",,,,,,0,0,NO_PUBMED_HITS,,"esearch returned 0 hits for: ""ENHANCE-2""[Title/Abstract] AND Anzueto[Author] AND 2024[PDAT]"
ESKETAMINE_TRD_REVIEW.html,TRANSFORM-2,30447328,Source: Popova V et al. Am J Psychiatry 2019;176:428-438 (TRANSFORM-2).,Popova,2019,,"""TRANSFORM-2""[Title/Abstract] AND Popova[Author] AND 2019[PDAT]",,,,,,0,0,NO_PUBMED_HITS,,"esearch returned 0 hits for: ""TRANSFORM-2""[Title/Abstract] AND Popova[Author] AND 2019[PDAT]"
ESKETAMINE_TRD_REVIEW.html,TRANSFORM-3,30447328,Source: Ochs-Ross R et al. Am J Geriatr Psychiatry 2020;28:121-141 (TRANSFORM-3).,Ochs-Ross,2020,,"""TRANSFORM-3""[Title/Abstract] AND Ochs-Ross[Author] AND 2020[PDAT]",,,,,,0,0,NO_PUBMED_HITS,,"esearch returned 0 hits for: ""TRANSFORM-3""[Title/Abstract] AND Ochs-Ross[Author] AND 2020[PDAT]"
EVT_EXTENDED_WINDOW_REVIEW.html,MR CLEAN-LATE,36419058,Source: Olthuis SGH et al. Lancet 2023;401:1371-1380 (MR CLEAN-LATE).,Olthuis,2023,Lancet,"""MR CLEAN-LATE""[Title/Abstract] AND Olthuis[Author] AND 2023[PDAT]",37003289,Olthuis,2023,"Lancet (London, England)",Endovascular treatment versus no endovascular treatment after 6-24 h in patients with ischaemic stroke and collateral fl,9,4,UNAMBIGUOUS,"37003289(9,Olthuis,2023) | 38153049(4,Pinckaers,2024)",author+3;year+2;journal+2;acronym_in_title+2
FENFLURAMINE_SEIZURE_REVIEW.html,Study 2 (Dravet+stiripentol),31862249,Source: Nabbout R et al. JAMA Neurol 2020;77:300-308 (Study 2).,Nabbout,2020,JAMA Neurol,"""Study 2 (Dravet+stiripentol)""[Title/Abstract] AND Nabbout[Author] AND 2020[PDAT]",,,,,,0,0,NO_PUBMED_HITS,,"esearch returned 0 hits for: ""Study 2 (Dravet+stiripentol)""[Title/Abstract] AND Nabbout[Author] AND 2020[PDAT]"
FRAGILITY_FRACTURE_NMA_REVIEW.html,ACTIVE,29028063,Source: Miller PD et al. JAMA 2016;316:722-733 (ACTIVE).,Miller,2016,JAMA,"""ACTIVE""[Title/Abstract] AND Miller[Author] AND 2016[PDAT]",28018927,Harris,2016,Open forum infectious diseases,Meningococcal Disease in Patients With Human Immunodeficiency Virus Infection: A Review of Cases Reported Through Active,4,2,PROBABLE,"28018927(4,Harris,2016) | 29308435(2,Tribby,2017) | 28781390(2,Read,2017)",top score 4 but second is 2 (delta only 2)
GLP1_MASH_NMA_REVIEW.html,ESSENCE,39282897,Source: Sanyal AJ et al. NEJM 2024;391:1859-1871 (ESSENCE Part 1 interim).,Sanyal,2024,NEJM,"""ESSENCE""[Title/Abstract] AND Sanyal[Author] AND 2024[PDAT]",39412509,Newsome,2024,Alimentary pharmacology & therapeutics,Semaglutide 2.4 mg in Participants With Metabolic Dysfunction-Associated Steatohepatitis: Baseline Characteristics and D,4,-100,PROBABLE,"39412509(4,Newsome,2024)",top score 4 but second is -100 (delta only 104)
GLP1_MASH_NMA_REVIEW.html,SYNERGY-NASH,38842432,Source: Loomba R et al. NEJM 2024;391:299-310 (SYNERGY-NASH).,Loomba,2024,NEJM,"""SYNERGY-NASH""[Title/Abstract] AND Loomba[Author] AND 2024[PDAT]",38856224,Loomba,2024,The New England journal of medicine,Tirzepatide for Metabolic Dysfunction-Associated Steatohepatitis with Liver Fibrosis.,5,4,PROBABLE,"38856224(5,Loomba,2024) | 38768298(4,Vuppalanchi,2024)",top score 5 but second is 4 (delta only 1)
HCC_1L_NMA_REVIEW.html,CheckMate 9DW,39245040,Source: Galle PR et al. Lancet 2024 (CheckMate 9DW).,Galle,2024,Lancet,"""CheckMate 9DW""[Title/Abstract] AND Galle[Author] AND 2024[PDAT]",,,,,,0,0,NO_PUBMED_HITS,,"esearch returned 0 hits for: ""CheckMate 9DW""[Title/Abstract] AND Galle[Author] AND 2024[PDAT]"
HCC_1L_NMA_REVIEW.html,LEAP-002,36959829,Source: Llovet JM et al. Lancet Oncol 2023;24:1399-1410 (LEAP-002).,Llovet,2023,Lancet Oncol,"""LEAP-002""[Title/Abstract] AND Llovet[Author] AND 2023[PDAT]",38039993,Llovet,2023,The Lancet. Oncology,Lenvatinib plus pembrolizumab versus lenvatinib plus placebo for advanced hepatocellular carcinoma (LEAP-002): a randomi,7,-100,UNAMBIGUOUS,"38039993(7,Llovet,2023)",author+3;year+2;acronym_in_title+2
HER2_LOW_ADC_NMA_REVIEW.html,DESTINY-Breast06,39282896,Source: Curigliano G et al. NEJM 2024;391:2289-2301 (DESTINY-Breast06).,Curigliano,2024,NEJM,"""DESTINY-Breast06""[Title/Abstract] AND Curigliano[Author] AND 2024[PDAT]",,,,,,2,-100,AMBIGUOUS,"39282896(2,Bardia,2024)",top score 2 is too weak (need >=4)
HER2_LOW_ADC_NMA_REVIEW.html,TROPiCS-02,37499200,Source: Rugo HS et al. Lancet 2023;402:1423-1433 (TROPiCS-02).,Rugo,2023,Lancet,"""TROPiCS-02""[Title/Abstract] AND Rugo[Author] AND 2023[PDAT]",37633306,Rugo,2023,"Lancet (London, England)",Overall survival with sacituzumab govitecan in hormone receptor-positive and human epidermal growth factor receptor 2-ne,9,-100,UNAMBIGUOUS,"37633306(9,Rugo,2023)",author+3;year+2;journal+2;acronym_in_title+2
HER2_LOW_ADC_NMA_REVIEW.html,TROPION-Breast01,39226544,Source: Bardia A et al. JCO 2024;42:3856-3866 (TROPION-Breast01).,Bardia,2024,JCO,"""TROPION-Breast01""[Title/Abstract] AND Bardia[Author] AND 2024[PDAT]",39265124,Bardia,2025,Journal of clinical oncology : official journal of the American Society of Clinical Oncology,Datopotamab Deruxtecan Versus Chemotherapy in Previously Treated Inoperable/Metastatic Hormone Receptor-Positive Human E,7,7,PROBABLE,"39265124(7,Bardia,2025) | 37387213(7,Bardia,2024)",top score 7 but second is 7 (delta only 0)
HF_QUADRUPLE_NMA_REVIEW.html,DELIVER,36027562,Source: Solomon SD et al. NEJM 2022;387:1089-1098 (DELIVER).,Solomon,2022,NEJM,"""DELIVER""[Title/Abstract] AND Solomon[Author] AND 2022[PDAT]",36599553,Selvaraj,2023,JACC. Heart failure,Blood Pressure and Dapagliflozin in Heart Failure With Mildly Reduced or Preserved Ejection Fraction: DELIVER.,4,4,PROBABLE,"36599553(4,Selvaraj,2023) | 36522606(4,Vardeny,2022) | 36372069(4,Inzucchi,2022)",top score 4 but second is 4 (delta only 0)
HF_QUADRUPLE_NMA_REVIEW.html,FINEARTS-HF,39213592,Source: Solomon SD et al. NEJM 2024;391:1475-1485 (FINEARTS-HF).,Solomon,2024,NEJM,"""FINEARTS-HF""[Title/Abstract] AND Solomon[Author] AND 2024[PDAT]",39665701,Butt,2025,Journal of the American College of Cardiology,"Finerenone, Obesity, and Heart Failure With Mildly Reduced/Preserved Ejection Fraction: Prespecified Analysis of FINEART",4,4,PROBABLE,"39665701(4,Butt,2025) | 39520455(4,Yang,2025) | 39490700(4,Mc,2025)",top score 4 but second is 4 (delta only 0)
HIFPH_CKD_ANEMIA_REVIEW.html,ASCEND-D,34739192,Source: Singh AK et al. NEJM 2021;385:2325-2335 (ASCEND-D daprodustat in dialysis CKD).,Singh,2021,NEJM,"""ASCEND-D""[Title/Abstract] AND Singh[Author] AND 2021[PDAT]",34739194,Singh,2021,The New England journal of medicine,Daprodustat for the Treatment of Anemia in Patients Undergoing Dialysis.,5,-100,PROBABLE,"34739194(5,Singh,2021)",top score 5 but second is -100 (delta only 105)
HIFPH_CKD_ANEMIA_REVIEW.html,HIMALAYAS,33408137,Source: Provenzano R et al. JASN 2021;32:737-755 (HIMALAYAS roxadustat incident dialysis).,Provenzano,2021,,"""HIMALAYAS""[Title/Abstract] AND Provenzano[Author] AND 2021[PDAT]",33629100,Provenzano,2021,"Nephrology, dialysis, transplantation : official publication of the European Dialysis and Transplant Association - European Renal Association",Roxadustat for anemia in patients with end-stage renal disease incident to dialysis.,5,-100,PROBABLE,"33629100(5,Provenzano,2021)",top score 5 but second is -100 (delta only 105)
HIV_LA_PREP_NMA_REVIEW.html,HPTN 084,35489359,Source: Delany-Moretlwe S et al. Lancet 2022;399:1779-1789 (HPTN 084 cabotegravir LA in women SSA).,Delany-Moretlwe,2022,Lancet,"""HPTN 084""[Title/Abstract] AND Delany-Moretlwe[Author] AND 2022[PDAT]",35378077,Delany-Moretlwe,2022,"Lancet (London, England)","Cabotegravir for the prevention of HIV-1 in women: results from HPTN 084, a phase 3, randomised clinical trial.",9,6,UNAMBIGUOUS,"35378077(9,Delany-Moretlwe,2022) | 36356603(6,Jamieson,2022) | 35301540(4,Eshleman,2022)",author+3;year+2;journal+2;acronym_in_title+2
HIV_LA_PREP_NMA_REVIEW.html,PURPOSE-1,39046957,Source: Bekker LG et al. NEJM 2024;391:1179-1192 (PURPOSE-1 lenacapavir in young women SSA).,Bekker,2024,NEJM,"""PURPOSE-1""[Title/Abstract] AND Bekker[Author] AND 2024[PDAT]",39046157,Bekker,2024,The New England journal of medicine,Twice-Yearly Lenacapavir or Daily F/TAF for HIV Prevention in Cisgender Women.,5,-100,PROBABLE,"39046157(5,Bekker,2024)",top score 5 but second is -100 (delta only 105)
HIV_LA_PREP_NMA_REVIEW.html,PURPOSE-2,39565037,Source: Kelley CF et al. NEJM 2024 (PURPOSE-2 lenacapavir in MSM/TGW).,Kelley,2024,NEJM,"""PURPOSE-2""[Title/Abstract] AND Kelley[Author] AND 2024[PDAT]",39602624,Kelley,2025,The New England journal of medicine,Twice-Yearly Lenacapavir for HIV Prevention in Men and Gender-Diverse Persons.,5,-100,PROBABLE,"39602624(5,Kelley,2025)",top score 5 but second is -100 (delta only 105)
IL23_PSORIASIS_REVIEW.html,VOYAGE 1,29799960,Source: Blauvelt A et al. J Am Acad Dermatol 2017;76:405-417 (VOYAGE 1).,Blauvelt,2017,,"""VOYAGE 1""[Title/Abstract] AND Blauvelt[Author] AND 2017[PDAT]",28057360,Blauvelt,2017,Journal of the American Academy of Dermatology,"Efficacy and safety of guselkumab, an anti-interleukin-23 monoclonal antibody, compared with adalimumab for the continuo",7,4,UNAMBIGUOUS,"28057360(7,Blauvelt,2017) | 28940259(4,Gordon,2018)",author+3;year+2;acronym_in_title+2
IL_PSORIASIS_NMA_REVIEW.html,VOYAGE 1,29799960,Blauvelt A et al. JAAD 2017;76:405-17 (VOYAGE 1),Blauvelt,2017,,"""VOYAGE 1""[Title/Abstract] AND Blauvelt[Author] AND 2017[PDAT]",28057360,Blauvelt,2017,Journal of the American Academy of Dermatology,"Efficacy and safety of guselkumab, an anti-interleukin-23 monoclonal antibody, compared with adalimumab for the continuo",7,4,UNAMBIGUOUS,"28057360(7,Blauvelt,2017) | 28940259(4,Gordon,2018)",author+3;year+2;acronym_in_title+2
INAVOLISIB_BC_REVIEW.html,INAVO120,39282919,Source: Jhaveri KL et al. N Engl J Med 2024;391:1280-1290 (INAVO120).,Jhaveri,2024,N Engl J Med,"""INAVO120""[Title/Abstract] AND Jhaveri[Author] AND 2024[PDAT]",,,,,,2,-100,AMBIGUOUS,"39476340(2,Turner,2024)",top score 2 is too weak (need >=4)
INCRETIN_HFpEF_REVIEW.html,STEP-HFpEF,38599221,N Engl J Med 2023; 389:1069-1084,Engl,2023,N Engl J Med,"""STEP-HFpEF""[Title/Abstract] AND Engl[Author] AND 2023[PDAT]",,,,,,0,0,NO_PUBMED_HITS,,"esearch returned 0 hits for: ""STEP-HFpEF""[Title/Abstract] AND Engl[Author] AND 2023[PDAT]"
INCRETIN_HFpEF_REVIEW.html,STEP-HFpEF DM,38599221,N Engl J Med 2024; 390:1394-1407,Engl,2024,N Engl J Med,"""STEP-HFpEF DM""[Title/Abstract] AND Engl[Author] AND 2024[PDAT]",,,,,,0,0,NO_PUBMED_HITS,,"esearch returned 0 hits for: ""STEP-HFpEF DM""[Title/Abstract] AND Engl[Author] AND 2024[PDAT]"
INCRETIN_HFpEF_REVIEW.html,SUMMIT,39555826,N Engl J Med 2024 (SUMMIT trial),Engl,2024,N Engl J Med,"""SUMMIT""[Title/Abstract] AND Engl[Author] AND 2024[PDAT]",,,,,,0,0,NO_PUBMED_HITS,,"esearch returned 0 hits for: ""SUMMIT""[Title/Abstract] AND Engl[Author] AND 2024[PDAT]"
INCRETINS_T2D_NMA_REVIEW.html,SUSTAIN-3,29766634,Ahmann AJ et al. Diabetes Care 2018;41:258-266 (SUSTAIN-3). Semaglutide head-to-head vs Exenatide-ER.,Ahmann,2018,Diabetes Care,"""SUSTAIN-3""[Title/Abstract] AND Ahmann[Author] AND 2018[PDAT]",,,,,,0,0,NO_PUBMED_HITS,,"esearch returned 0 hits for: ""SUSTAIN-3""[Title/Abstract] AND Ahmann[Author] AND 2018[PDAT]"
INTENSIVE_BP_REVIEW.html,SPS3-BP,24168957,Lancet 2013; 382:507-15.,,2013,Lancet,"""SPS3-BP""[Title/Abstract] AND 2013[PDAT]",,,,,,0,0,NO_PUBMED_HITS,,"esearch returned 0 hits for: ""SPS3-BP""[Title/Abstract] AND 2013[PDAT]"
IO_CHEMO_NSCLC_1L_REVIEW.html,POSEIDON,35033226,Source: Johnson ML et al. JCO 2023;41:1213-1227 (POSEIDON).,Johnson,2023,JCO,"""POSEIDON""[Title/Abstract] AND Johnson[Author] AND 2023[PDAT]",36327426,Johnson,2023,Journal of clinical oncology : official journal of the American Society of Clinical Oncology,Durvalumab With or Without Tremelimumab in Combination With Chemotherapy as First-Line Therapy for Metastatic Non-Small-,7,4,UNAMBIGUOUS,"36327426(7,Johnson,2023) | 37992595(4,Garon,2023)",author+3;year+2;acronym_in_title+2
IV_IRON_HF_REVIEW.html,HEART-FID,37632463,Lancet 2023; 402(10411):1655-1665,,2023,Lancet,"""HEART-FID""[Title/Abstract] AND 2023[PDAT]",37598795,Harrington,2023,American heart journal,Baseline characteristics of patients in the randomized study to investigate the efficacy and safety of ferric carboxymal,4,2,PROBABLE,"37598795(4,Harrington,2023) | 37632463(2,Mentz,2023)",top score 4 but second is 2 (delta only 2)
JAK_RA_REVIEW.html,FINCH-1,31334793,Source: Combe B et al. Ann Rheum Dis 2021;80:848-858 (FINCH-1).,Combe,2021,Ann Rheum Dis,"""FINCH-1""[Title/Abstract] AND Combe[Author] AND 2021[PDAT]",,,,,,0,0,NO_PUBMED_HITS,,"esearch returned 0 hits for: ""FINCH-1""[Title/Abstract] AND Combe[Author] AND 2021[PDAT]"
JAKI_AD_NMA_REVIEW.html,JADE-MONO-1,32711793,Source: Simpson EL et al. Lancet 2020;396:255-266 (JADE-MONO-1).,Simpson,2020,Lancet,"""JADE-MONO-1""[Title/Abstract] AND Simpson[Author] AND 2020[PDAT]",32711801,Simpson,2020,"Lancet (London, England)",Efficacy and safety of abrocitinib in adults and adolescents with moderate-to-severe atopic dermatitis (JADE MONO-1): a ,9,-100,UNAMBIGUOUS,"32711801(9,Simpson,2020)",author+3;year+2;journal+2;acronym_in_title+2
JAKI_AD_NMA_REVIEW.html,Measure Up 1,34087125,Source: Guttman-Yassky E et al. Lancet 2021;397:2151-2168 (Measure Up 1).,Guttman-Yassky,2021,Lancet,"""Measure Up 1""[Title/Abstract] AND Guttman-Yassky[Author] AND 2021[PDAT]",,,,,,0,0,NO_PUBMED_HITS,,"esearch returned 0 hits for: ""Measure Up 1""[Title/Abstract] AND Guttman-Yassky[Author] AND 2021[PDAT]"
JAKI_AD_NMA_REVIEW.html,Measure Up 2,34087125,Source: Guttman-Yassky E et al. Lancet 2021;397:2151-2168 (Measure Up 2).,Guttman-Yassky,2021,Lancet,"""Measure Up 2""[Title/Abstract] AND Guttman-Yassky[Author] AND 2021[PDAT]",,,,,,0,0,NO_PUBMED_HITS,,"esearch returned 0 hits for: ""Measure Up 2""[Title/Abstract] AND Guttman-Yassky[Author] AND 2021[PDAT]"
JAKI_AD_NMA_REVIEW.html,BREEZE-AD1,32328972,Source: Simpson EL et al. Br J Dermatol 2020;183:242-255 (BREEZE-AD1).,Simpson,2020,,"""BREEZE-AD1""[Title/Abstract] AND Simpson[Author] AND 2020[PDAT]",31995838,Simpson,2020,The British journal of dermatology,Baricitinib in patients with moderate-to-severe atopic dermatitis and inadequate response to topical corticosteroids: re,5,0,PROBABLE,"31995838(5,Simpson,2020) | 33222559(0,Reich,2022)",top score 5 but second is 0 (delta only 5)
JAKI_AD_NMA_REVIEW.html,BREEZE-AD2,32328972,Source: Simpson EL et al. Br J Dermatol 2020;183:242-255 (BREEZE-AD2).,Simpson,2020,,"""BREEZE-AD2""[Title/Abstract] AND Simpson[Author] AND 2020[PDAT]",31995838,Simpson,2020,The British journal of dermatology,Baricitinib in patients with moderate-to-severe atopic dermatitis and inadequate response to topical corticosteroids: re,5,0,PROBABLE,"31995838(5,Simpson,2020) | 33222559(0,Reich,2022)",top score 5 but second is 0 (delta only 5)
JAKI_AD_REVIEW.html,MEASURE-UP 1,35262646,Source: Guttman-Yassky E et al. Lancet 2021;397:2151-2168 (MEASURE-UP 1).,Guttman-Yassky,2021,Lancet,"""MEASURE-UP 1""[Title/Abstract] AND Guttman-Yassky[Author] AND 2021[PDAT]",,,,,,0,0,NO_PUBMED_HITS,,"esearch returned 0 hits for: ""MEASURE-UP 1""[Title/Abstract] AND Guttman-Yassky[Author] AND 2021[PDAT]"
JAKI_AD_REVIEW.html,MEASURE-UP 2,35262646,Source: Reich K et al. Lancet 2021;397:2169-2181 (MEASURE-UP 2).,Reich,2021,Lancet,"""MEASURE-UP 2""[Title/Abstract] AND Reich[Author] AND 2021[PDAT]",,,,,,0,0,NO_PUBMED_HITS,,"esearch returned 0 hits for: ""MEASURE-UP 2""[Title/Abstract] AND Reich[Author] AND 2021[PDAT]"
JAKI_RA_NMA_REVIEW.html,FINCH-1,31334793,Combe B et al. Ann Rheum Dis 2021;80:848-858 (FINCH-1).,Combe,2021,Ann Rheum Dis,"""FINCH-1""[Title/Abstract] AND Combe[Author] AND 2021[PDAT]",,,,,,0,0,NO_PUBMED_HITS,,"esearch returned 0 hits for: ""FINCH-1""[Title/Abstract] AND Combe[Author] AND 2021[PDAT]"
KRAS_G12C_NMA_REVIEW.html,CodeBreaK 200,37582415,Source: Johnson ML et al. Lancet Oncol 2023;24:1093-1106 (CodeBreaK 200).,Johnson,2023,Lancet Oncol,"""CodeBreaK 200""[Title/Abstract] AND Johnson[Author] AND 2023[PDAT]",,,,,,0,0,NO_PUBMED_HITS,,"esearch returned 0 hits for: ""CodeBreaK 200""[Title/Abstract] AND Johnson[Author] AND 2023[PDAT]"
LEBRIKIZUMAB_AD_REVIEW.html,ADhere,36630094,Source: Simpson EL et al. JAMA Dermatol 2023;159:182-191 (ADhere lebrikizumab + TCS).,Simpson,2023,JAMA Dermatol,"""ADhere""[Title/Abstract] AND Simpson[Author] AND 2023[PDAT]",36630140,Simpson,2023,JAMA dermatology,Efficacy and Safety of Lebrikizumab in Combination With Topical Corticosteroids in Adolescents and Adults With Moderate-,9,2,UNAMBIGUOUS,"36630140(9,Simpson,2023) | 36344880(2,Leota,2023)",author+3;year+2;journal+2;acronym_in_title+2
LENACAPAVIR_PREP_REVIEW.html,PURPOSE-2,39602624,Source: Kelley CF et al. N Engl J Med 2024;391:1193-1204 (PURPOSE-2).,Kelley,2024,N Engl J Med,"""PURPOSE-2""[Title/Abstract] AND Kelley[Author] AND 2024[PDAT]",39602624,Kelley,2025,The New England journal of medicine,Twice-Yearly Lenacapavir for HIV Prevention in Men and Gender-Diverse Persons.,5,-100,PROBABLE,"39602624(5,Kelley,2025)",top score 5 but second is -100 (delta only 105)
MALARIA_VACCINES_NMA_REVIEW.html,R21 Phase 3,38346856,Source: Datoo MS et al. Lancet 2024;403:533-544 (R21/Matrix-M phase 3 multi-country).,Datoo,2024,Lancet,"""R21 Phase 3""[Title/Abstract] AND Datoo[Author] AND 2024[PDAT]",,,,,,0,0,NO_PUBMED_HITS,,"esearch returned 0 hits for: ""R21 Phase 3""[Title/Abstract] AND Datoo[Author] AND 2024[PDAT]"
MAVACAMTEN_HCM_REVIEW.html,VALOR-HCM,37639243,Lancet 2022; 400(10358):1109-1119,,2022,Lancet,"""VALOR-HCM""[Title/Abstract] AND 2022[PDAT]",36335645,Cremer,2022,Circulation. Cardiovascular imaging,Myosin Inhibition and Left Ventricular Diastolic Function in Patients With Obstructive Hypertrophic Cardiomyopathy Refer,4,2,PROBABLE,"36335645(4,Cremer,2022) | 36522857(2,Dong,2023) | 36335531(2,Desai,2023)",top score 4 but second is 2 (delta only 2)
MAVACAMTEN_HCM_REVIEW.html,MAVA-LTE,38176782,JACC 2023; 81(18):1759-1770,,2023,JACC,"""MAVA-LTE""[Title/Abstract] AND 2023[PDAT]",,,,,,2,-100,AMBIGUOUS,"36404399(2,Wheeler,2023)",top score 2 is too weak (need >=4)
MIGRAINE_ACUTE_NMA_REVIEW.html,ACHIEVE I,31816158,Source: Dodick DW et al. NEJM 2019;381:2230-2241 (ACHIEVE I).,Dodick,2019,NEJM,"""ACHIEVE I""[Title/Abstract] AND Dodick[Author] AND 2019[PDAT]",,,,,,0,0,NO_PUBMED_HITS,,"esearch returned 0 hits for: ""ACHIEVE I""[Title/Abstract] AND Dodick[Author] AND 2019[PDAT]"
MIGRAINE_ACUTE_NMA_REVIEW.html,ACHIEVE II,31821278,Source: Lipton RB et al. JAMA 2019;322:1887-1898 (ACHIEVE II).,Lipton,2019,JAMA,"""ACHIEVE II""[Title/Abstract] AND Lipton[Author] AND 2019[PDAT]",,,,,,0,0,NO_PUBMED_HITS,,"esearch returned 0 hits for: ""ACHIEVE II""[Title/Abstract] AND Lipton[Author] AND 2019[PDAT]"
MIGRAINE_ACUTE_NMA_REVIEW.html,SAMURAI,31466997,Source: Kuca B et al. Neurology 2018;91:e2222-e2232 (SAMURAI).,Kuca,2018,,"""SAMURAI""[Title/Abstract] AND Kuca[Author] AND 2018[PDAT]",,,,,,0,0,NO_PUBMED_HITS,,"esearch returned 0 hits for: ""SAMURAI""[Title/Abstract] AND Kuca[Author] AND 2018[PDAT]"
MIGRAINE_ACUTE_NMA_REVIEW.html,Rimegepant Study 303,30699266,Source: Croop R et al. Lancet 2019;394:737-745 (rimegepant Study 303).,Croop,2019,Lancet,"""Rimegepant Study 303""[Title/Abstract] AND Croop[Author] AND 2019[PDAT]",,,,,,0,0,NO_PUBMED_HITS,,"esearch returned 0 hits for: ""Rimegepant Study 303""[Title/Abstract] AND Croop[Author] AND 2019[PDAT]"
MIRVETUXIMAB_OVARIAN_REVIEW.html,MIRASOL,38567989,Source: Moore KN et al. N Engl J Med 2024;391:111-120 (MIRASOL).,Moore,2024,N Engl J Med,"""MIRASOL""[Title/Abstract] AND Moore[Author] AND 2024[PDAT]",39461270,Moore,2024,Gynecologic oncology,Safety and tolerability of mirvetuximab soravtansine monotherapy for folate receptor alpha-expressing recurrent ovarian ,5,-100,PROBABLE,"39461270(5,Moore,2024)",top score 5 but second is -100 (delta only 105)
MITAPIVAT_THALASSEMIA_REVIEW.html,ENERGIZE,39349100,Source: Glenthoj AP et al. (ENERGIZE) NEJM 2024;391:1493-1503.,Glenthoj,2024,NEJM,"""ENERGIZE""[Title/Abstract] AND Glenthoj[Author] AND 2024[PDAT]",,,,,,0,0,NO_PUBMED_HITS,,"esearch returned 0 hits for: ""ENERGIZE""[Title/Abstract] AND Glenthoj[Author] AND 2024[PDAT]"
MM_1L_NMA_REVIEW.html,MAIA,30790663,Source: Facon T et al. NEJM 2019;380:2104-2115 (MAIA).,Facon,2019,NEJM,"""MAIA""[Title/Abstract] AND Facon[Author] AND 2019[PDAT]",31141632,Facon,2019,The New England journal of medicine,Daratumumab plus Lenalidomide and Dexamethasone for Untreated Myeloma.,5,-100,PROBABLE,"31141632(5,Facon,2019)",top score 5 but second is -100 (delta only 105)
MM_1L_NMA_REVIEW.html,IMROZ,38842558,Source: Facon T et al. NEJM 2024;391:1597-1609 (IMROZ).,Facon,2024,NEJM,"""IMROZ""[Title/Abstract] AND Facon[Author] AND 2024[PDAT]",38832972,Facon,2024,The New England journal of medicine,"Isatuximab, Bortezomib, Lenalidomide, and Dexamethasone for Multiple Myeloma.",5,-100,PROBABLE,"38832972(5,Facon,2024)",top score 5 but second is -100 (delta only 105)
PARP_ARPI_MCRPC_REVIEW.html,PROpel,37714168,Source: Clarke NW et al. NEJM Evid 2022 + updates (PROpel).,Clarke,2022,NEJM,"""PROpel""[Title/Abstract] AND Clarke[Author] AND 2022[PDAT]",,,,,,0,0,NO_PUBMED_HITS,,"esearch returned 0 hits for: ""PROpel""[Title/Abstract] AND Clarke[Author] AND 2022[PDAT]"
PATISIRAN_POLYNEUROPATHY_REVIEW.html,HELIOS-A,33983835,Source: Adams D et al. Amyloid 2023;30:1-9 (HELIOS-A 18-mo).,Adams,2023,,"""HELIOS-A""[Title/Abstract] AND Adams[Author] AND 2023[PDAT]",35875890,Adams,2023,Amyloid : the international journal of experimental and clinical investigation : the official journal of the International Society of Amyloidosis,Efficacy and safety of vutrisiran for patients with hereditary transthyretin-mediated amyloidosis with polyneuropathy: a,5,2,PROBABLE,"35875890(5,Adams,2023) | 37523143(2,Obici,2023)",top score 5 but second is 2 (delta only 3)
PCSK9_LIPID_NMA_REVIEW.html,IMPROVE-IT,28845751,Cannon CP et al. NEJM 2015;372:2387-2397 (IMPROVE-IT). First non-statin LLT CVOT showing incremental benefit beyond statin.,Cannon,2015,NEJM,"""IMPROVE-IT""[Title/Abstract] AND Cannon[Author] AND 2015[PDAT]",26039521,Cannon,2015,The New England journal of medicine,Ezetimibe Added to Statin Therapy after Acute Coronary Syndromes.,5,4,PROBABLE,"26039521(5,Cannon,2015) | 26330412(4,Bohula,2015)",top score 5 but second is 4 (delta only 1)
PI3K_AKT_BC_REVIEW.html,INAVO120,39413375,Source: Turner NC et al. NEJM 2024;391:1357-1368 (INAVO120 inavolisib).,Turner,2024,NEJM,"""INAVO120""[Title/Abstract] AND Turner[Author] AND 2024[PDAT]",39476340,Turner,2024,The New England journal of medicine,Inavolisib-Based Therapy in PIK3CA-Mutated Advanced Breast Cancer.,5,-100,PROBABLE,"39476340(5,Turner,2024)",top score 5 but second is -100 (delta only 105)
PSA_BIOLOGICS_NMA_REVIEW.html,DISCOVER-2,32135126,Source: Mease PJ et al. Lancet 2020;395:1126-1136 (DISCOVER-2).,Mease,2020,Lancet,"""DISCOVER-2""[Title/Abstract] AND Mease[Author] AND 2020[PDAT]",32178766,Mease,2020,"Lancet (London, England)","Guselkumab in biologic-naive patients with active psoriatic arthritis (DISCOVER-2): a double-blind, randomised, placebo-",9,-100,UNAMBIGUOUS,"32178766(9,Mease,2020)",author+3;year+2;journal+2;acronym_in_title+2
PSA_BIOLOGICS_NMA_REVIEW.html,BE OPTIMAL,37541749,Source: McInnes IB et al. Lancet 2023;401:25-37 (BE OPTIMAL).,McInnes,2023,Lancet,"""BE OPTIMAL""[Title/Abstract] AND McInnes[Author] AND 2023[PDAT]",,,,,,0,0,NO_PUBMED_HITS,,"esearch returned 0 hits for: ""BE OPTIMAL""[Title/Abstract] AND McInnes[Author] AND 2023[PDAT]"
PSA_BIOLOGICS_NMA_REVIEW.html,SELECT-PsA 1,33870643,Source: McInnes IB et al. NEJM 2021;384:1227-1239 (SELECT-PsA 1).,McInnes,2021,NEJM,"""SELECT-PsA 1""[Title/Abstract] AND McInnes[Author] AND 2021[PDAT]",34663636,McInnes,2021,RMD open,Upadacitinib in patients with psoriatic arthritis and an inadequate response to non-biological therapy: 56-week data fro,7,5,PROBABLE,"34663636(7,McInnes,2021) | 33789011(5,McInnes,2021)",top score 7 but second is 5 (delta only 2)
RENAL_DENERV_REVIEW.html,RADIANCE II,36853250,Lancet 2023; 401(10378):727-735,,2023,Lancet,"""RADIANCE II""[Title/Abstract] AND 2023[PDAT]",36853627,Kirtane,2023,JAMA cardiology,"Patient-Level Pooled Analysis of Ultrasound Renal Denervation in the Sham-Controlled RADIANCE II, RADIANCE-HTN SOLO, and",4,4,PROBABLE,"36853627(4,Kirtane,2023) | 36853250(4,Azizi,2023) | 37883784(2,Azizi,2024)",top score 4 but second is 4 (delta only 0)
RENAL_DENERV_REVIEW.html,REQUIRE,34654905,Circ Cardiovasc Interv 2021; 14:e009972,Circ,2021,,"""REQUIRE""[Title/Abstract] AND Circ[Author] AND 2021[PDAT]",,,,,,0,0,NO_PUBMED_HITS,,"esearch returned 0 hits for: ""REQUIRE""[Title/Abstract] AND Circ[Author] AND 2021[PDAT]"
RESMETIROM_MASH_REVIEW.html,MAESTRO-NASH,38231248,Source: Harrison SA et al. NEJM 2024;390:497-509 (MAESTRO-NASH).,Harrison,2024,NEJM,"""MAESTRO-NASH""[Title/Abstract] AND Harrison[Author] AND 2024[PDAT]",38324483,Harrison,2024,The New England journal of medicine,"A Phase 3, Randomized, Controlled Trial of Resmetirom in NASH with Liver Fibrosis.",5,5,PROBABLE,"38324483(5,Harrison,2024) | 37786277(5,Harrison,2024)",top score 5 but second is 5 (delta only 0)
ROMOSOZUMAB_OP_REVIEW.html,BRIDGE,28689769,Source: Lewiecki EM et al. J Clin Endocrinol Metab 2018;103:3183-3193 (BRIDGE).,Lewiecki,2018,,"""BRIDGE""[Title/Abstract] AND Lewiecki[Author] AND 2018[PDAT]",29931216,Lewiecki,2018,The Journal of clinical endocrinology and metabolism,A Phase III Randomized Placebo-Controlled Trial to Evaluate Efficacy and Safety of Romosozumab in Men With Osteoporosis.,5,-100,PROBABLE,"29931216(5,Lewiecki,2018)",top score 5 but second is -100 (delta only 105)
SEMAGLUTIDE_OBESITY_REVIEW.html,STEP-5,33625476,Source: Garvey WT et al. Nat Med 2022;28:2083-2091 (STEP-5).,Garvey,2022,,"""STEP-5""[Title/Abstract] AND Garvey[Author] AND 2022[PDAT]",36216945,Garvey,2022,Nature medicine,Two-year effects of semaglutide in adults with overweight or obesity: the STEP 5 trial.,7,-100,UNAMBIGUOUS,"36216945(7,Garvey,2022)",author+3;year+2;acronym_in_title+2
SEVERE_ASTHMA_NMA_REVIEW.html,SIROCCO,28530840,FitzGerald JM et al. Lancet 2016;388:2128-2141 (SIROCCO). Eosinophil-depleting anti-IL-5R. Approved 2017.,FitzGerald,2016,Lancet,"""SIROCCO""[Title/Abstract] AND FitzGerald[Author] AND 2016[PDAT]",27609408,Bleecker,2016,"Lancet (London, England)",Efficacy and safety of benralizumab for patients with severe asthma uncontrolled with high-dosage inhaled corticosteroid,6,-100,UNAMBIGUOUS,"27609408(6,Bleecker,2016)",year+2;journal+2;acronym_in_title+2
SGLT2I_HF_NMA_REVIEW.html,DELIVER,36029465,Solomon SD et al. NEJM 2022;387:1089-1098 (DELIVER). HFpEF/HFmrEF; median 2.3 yr follow-up.,Solomon,2022,NEJM,"""DELIVER""[Title/Abstract] AND Solomon[Author] AND 2022[PDAT]",36599553,Selvaraj,2023,JACC. Heart failure,Blood Pressure and Dapagliflozin in Heart Failure With Mildly Reduced or Preserved Ejection Fraction: DELIVER.,4,4,PROBABLE,"36599553(4,Selvaraj,2023) | 36522606(4,Vardeny,2022) | 36372069(4,Inzucchi,2022)",top score 4 but second is 4 (delta only 0)
SPARSENTAN_IGAN_REVIEW.html,PROTECT,37182529,"Source: Heerspink HJL et al. Lancet 2023;401:1584-1594 (PROTECT, week 36 interim primary). Final 110-week eGFR slope reported in Heerspink 2024.",Heerspink,2023,Lancet,"""PROTECT""[Title/Abstract] AND Heerspink[Author] AND 2023[PDAT]",37015244,Heerspink,2023,"Lancet (London, England)","Sparsentan in patients with IgA nephropathy: a prespecified interim analysis from a randomised, double-blind, active-con",7,6,PROBABLE,"37015244(7,Heerspink,2023) | 37931634(6,Rovin,2023) | 37180506(4,Barratt,2023)",top score 7 but second is 6 (delta only 1)
SPONDYLOARTHRITIS_NMA_REVIEW.html,BE MOBILE 1,37541748,Source: van der Heijde D et al. Lancet 2023;401:2284-2294 (BE MOBILE 1).,Heijde,2023,Lancet,"""BE MOBILE 1""[Title/Abstract] AND Heijde[Author] AND 2023[PDAT]",,,,,,0,0,NO_PUBMED_HITS,,"esearch returned 0 hits for: ""BE MOBILE 1""[Title/Abstract] AND Heijde[Author] AND 2023[PDAT]"
SPONDYLOARTHRITIS_NMA_REVIEW.html,BE MOBILE 2,37541748,Source: van der Heijde D et al. Lancet 2023;401:2284-2294 (BE MOBILE 2).,Heijde,2023,Lancet,"""BE MOBILE 2""[Title/Abstract] AND Heijde[Author] AND 2023[PDAT]",,,,,,0,0,NO_PUBMED_HITS,,"esearch returned 0 hits for: ""BE MOBILE 2""[Title/Abstract] AND Heijde[Author] AND 2023[PDAT]"
SPONDYLOARTHRITIS_NMA_REVIEW.html,SELECT-AXIS 2,36029795,Source: van der Heijde D et al. Lancet 2022;400:369-379 (SELECT-AXIS 2).,Heijde,2022,Lancet,"""SELECT-AXIS 2""[Title/Abstract] AND Heijde[Author] AND 2022[PDAT]",35908570,Deodhar,2022,"Lancet (London, England)","Upadacitinib for the treatment of active non-radiographic axial spondyloarthritis (SELECT-AXIS 2): a randomised, double-",6,-100,UNAMBIGUOUS,"35908570(6,Deodhar,2022)",year+2;journal+2;acronym_in_title+2
TARLATAMAB_SCLC_REVIEW.html,DeLLphi-301,37861213,Source: Ahn MJ et al. N Engl J Med 2023;389:2063-2075 (DeLLphi-301).,Ahn,2023,N Engl J Med,"""DeLLphi-301""[Title/Abstract] AND Ahn[Author] AND 2023[PDAT]",37861218,Ahn,2023,The New England journal of medicine,Tarlatamab for Patients with Previously Treated Small-Cell Lung Cancer.,5,-100,PROBABLE,"37861218(5,Ahn,2023)",top score 5 but second is -100 (delta only 105)
TDXD_HER2LOW_BC_REVIEW.html,DESTINY-Breast06,39282896,Source: Curigliano G et al. N Engl J Med 2024;391:2082-2094 (DESTINY-Breast06).,Curigliano,2024,N Engl J Med,"""DESTINY-Breast06""[Title/Abstract] AND Curigliano[Author] AND 2024[PDAT]",,,,,,2,-100,AMBIGUOUS,"39282896(2,Bardia,2024)",top score 2 is too weak (need >=4)
TYVAC_TYPHOID_REVIEW.html,TyVAC Nepal,31800954,Source: Shakya M et al. NEJM 2019;381:2209-2218 (TyVAC Nepal Vi-TT cluster RCT).,Shakya,2019,NEJM,"""TyVAC Nepal""[Title/Abstract] AND Shakya[Author] AND 2019[PDAT]",,,,,,2,-100,AMBIGUOUS,"30845335(2,Colin-Jones,2019)",top score 2 is too weak (need >=4)
TYVAC_TYPHOID_REVIEW.html,TyVAC Bangladesh,34384550,Source: Qadri F et al. Lancet 2021;398:675-684 (TyVAC Bangladesh Vi-TT cluster RCT).,Qadri,2021,Lancet,"""TyVAC Bangladesh""[Title/Abstract] AND Qadri[Author] AND 2021[PDAT]",,,,,,0,0,NO_PUBMED_HITS,,"esearch returned 0 hits for: ""TyVAC Bangladesh""[Title/Abstract] AND Qadri[Author] AND 2021[PDAT]"
TYVAC_TYPHOID_REVIEW.html,TyVAC Malawi,34525286,Source: Patel PD et al. NEJM 2021;385:1104-1115 (TyVAC Malawi Vi-TT cluster RCT).,Patel,2021,NEJM,"""TyVAC Malawi""[Title/Abstract] AND Patel[Author] AND 2021[PDAT]",,,,,,0,0,NO_PUBMED_HITS,,"esearch returned 0 hits for: ""TyVAC Malawi""[Title/Abstract] AND Patel[Author] AND 2021[PDAT]"
UC_BIOLOGICS_NMA_REVIEW.html,PURSUIT-SC,26119226,Sandborn WJ et al. Gastroenterology 2014;146:85-95 (PURSUIT-SC). Remission 17.8% vs 6.4%.,Sandborn,2014,Gastroenterology,"""PURSUIT-SC""[Title/Abstract] AND Sandborn[Author] AND 2014[PDAT]",23735746,Sandborn,2014,Gastroenterology,Subcutaneous golimumab induces clinical response and remission in patients with moderate-to-severe ulcerative colitis.,7,-100,UNAMBIGUOUS,"23735746(7,Sandborn,2014)",author+3;year+2;journal+2
VENETOCLAX_CLL_REVIEW.html,CLL14,31141626,Source: Fischer K et al. NEJM 2019;380:2225-2236 (CLL14 venetoclax + obinutuzumab 1L).,Fischer,2019,NEJM,"""CLL14""[Title/Abstract] AND Fischer[Author] AND 2019[PDAT]",,,,,,0,0,NO_PUBMED_HITS,,"esearch returned 0 hits for: ""CLL14""[Title/Abstract] AND Fischer[Author] AND 2019[PDAT]"
ZOLBETUXIMAB_GASTRIC_REVIEW.html,SPOTLIGHT,37068501,Source: Shitara K et al. Lancet 2023;401:1655-1668 (SPOTLIGHT).,Shitara,2023,Lancet,"""SPOTLIGHT""[Title/Abstract] AND Shitara[Author] AND 2023[PDAT]",37068504,Shitara,2023,"Lancet (London, England)","Zolbetuximab plus mFOLFOX6 in patients with CLDN18.2-positive, HER2-negative, untreated, locally advanced unresectable o",9,-100,UNAMBIGUOUS,"37068504(9,Shitara,2023)",author+3;year+2;journal+2;acronym_in_title+2
ZOLBETUXIMAB_GASTRIC_REVIEW.html,GLOW,37710001,Source: Shah MA et al. Nat Med 2023;29:2133-2141 (GLOW; CAPOX backbone replicate).,Shah,2023,,"""GLOW""[Title/Abstract] AND Shah[Author] AND 2023[PDAT]",37524953,Shah,2023,Nature medicine,"Zolbetuximab plus CAPOX in CLDN18.2-positive gastric or gastroesophageal junction adenocarcinoma: the randomized, phase ",7,-100,UNAMBIGUOUS,"37524953(7,Shah,2023)",author+3;year+2;acronym_in_title+2
ZURANOLONE_PPD_REVIEW.html,SKYLARK,37551612,Source: Deligiannidis KM et al. Am J Psychiatry 2023;180:668-675 (SKYLARK).,Deligiannidis,2023,,"""SKYLARK""[Title/Abstract] AND Deligiannidis[Author] AND 2023[PDAT]",,,,,,0,0,NO_PUBMED_HITS,,"esearch returned 0 hits for: ""SKYLARK""[Title/Abstract] AND Deligiannidis[Author] AND 2023[PDAT]"
ZURANOLONE_PPD_REVIEW.html,ROBIN,34464547,Source: Deligiannidis KM et al. JAMA Psychiatry 2021;78:951-959 (ROBIN).,Deligiannidis,2021,JAMA,"""ROBIN""[Title/Abstract] AND Deligiannidis[Author] AND 2021[PDAT]",,,,,,0,0,NO_PUBMED_HITS,,"esearch returned 0 hits for: ""ROBIN""[Title/Abstract] AND Deligiannidis[Author] AND 2021[PDAT]"
